ISO-10303-21;
HEADER;
FILE_DESCRIPTION (( 'STEP AP214' ),
    '1' );
FILE_NAME ('TL084CN.STEP',
    '2020-07-05T05:25:28',
    ( '' ),
    ( '' ),
    'SwSTEP 2.0',
    'SolidWorks 2017',
    '' );
FILE_SCHEMA (( 'AUTOMOTIVE_DESIGN' ));
ENDSEC;

DATA;
#1 = DIRECTION ( 'NONE',  ( 0.4999999999999977200, 0.8660254037844399300, 1.297447619602005500E-016 ) ) ;
#2 = LINE ( 'NONE', #2734, #4340 ) ;
#3 = LINE ( 'NONE', #341, #3439 ) ;
#4 = ORIENTED_EDGE ( 'NONE', *, *, #6606, .T. ) ;
#5 = DIRECTION ( 'NONE',  ( 0.0000000000000000000, 0.0000000000000000000, -1.000000000000000000 ) ) ;
#6 = AXIS2_PLACEMENT_3D ( 'NONE', #3637, #6020, #3080 ) ;
#7 = CARTESIAN_POINT ( 'NONE',  ( -4.830000000000001000, -5.051668046482832700E-016, 4.124999999999999100 ) ) ;
#8 = CARTESIAN_POINT ( 'NONE',  ( 8.380000000000000800, 2.679999999999998800, 3.934500000000000300 ) ) ;
#9 = CARTESIAN_POINT ( 'NONE',  ( -2.290000000000000500, 2.679999999999999300, 3.550000000000002500 ) ) ;
#10 = EDGE_CURVE ( 'NONE', #4810, #2358, #1384, .T. ) ;
#11 = VECTOR ( 'NONE', #3151, 1000.000000000000000 ) ;
#12 = CARTESIAN_POINT ( 'NONE',  ( -3.300000000000000700, 2.489499999999999200, 4.125000000000000000 ) ) ;
#13 = FACE_OUTER_BOUND ( 'NONE', #7114, .T. ) ;
#14 = ORIENTED_EDGE ( 'NONE', *, *, #6429, .F. ) ;
#15 = CARTESIAN_POINT ( 'NONE',  ( 4.695277674973255900, -5.051668046482832700E-016, 4.125000000000000000 ) ) ;
#16 = CARTESIAN_POINT ( 'NONE',  ( -0.7600000000000002300, -5.051668046482832700E-016, 4.124999999999999100 ) ) ;
#17 = EDGE_CURVE ( 'NONE', #4674, #1623, #5854, .T. ) ;
#18 = ORIENTED_EDGE ( 'NONE', *, *, #3597, .F. ) ;
#19 = VECTOR ( 'NONE', #4408, 1000.000000000000000 ) ;
#20 = DIRECTION ( 'NONE',  ( -2.168404344971006400E-017, 0.0000000000000000000, -1.000000000000000000 ) ) ;
#21 = CYLINDRICAL_SURFACE ( 'NONE', #2240, 0.4404999999999998900 ) ;
#22 = CARTESIAN_POINT ( 'NONE',  ( 4.319999999999999400, 2.679999999999998800, -3.934500000000000300 ) ) ;
#23 = SURFACE_STYLE_USAGE ( .BOTH. , #2389 ) ;
#24 = EDGE_CURVE ( 'NONE', #2358, #6794, #2226, .T. ) ;
#25 = LINE ( 'NONE', #1665, #2904 ) ;
#26 = VERTEX_POINT ( 'NONE', #3742 ) ;
#27 = VECTOR ( 'NONE', #5482, 1000.000000000000000 ) ;
#28 = ORIENTED_EDGE ( 'NONE', *, *, #3364, .F. ) ;
#29 = VECTOR ( 'NONE', #5156, 1000.000000000000000 ) ;
#30 = ADVANCED_FACE ( 'NONE', ( #4561 ), #887, .F. ) ;
#31 = PLANE ( 'NONE',  #6333 ) ;
#32 = VERTEX_POINT ( 'NONE', #4968 ) ;
#33 = VECTOR ( 'NONE', #7388, 1000.000000000000000 ) ;
#34 = CARTESIAN_POINT ( 'NONE',  ( -2.290000000000000500, -3.299999999999999800, 4.124999999999999100 ) ) ;
#35 = AXIS2_PLACEMENT_3D ( 'NONE', #6679, #332, #6726 ) ;
#36 = ADVANCED_FACE ( 'NONE', ( #3394 ), #1496, .F. ) ;
#37 = DIRECTION ( 'NONE',  ( 0.0000000000000000000, 1.000000000000000000, 5.027841771134210700E-016 ) ) ;
#38 = ORIENTED_EDGE ( 'NONE', *, *, #4862, .F. ) ;
#39 = VECTOR ( 'NONE', #5904, 1000.000000000000000 ) ;
#40 = CARTESIAN_POINT ( 'NONE',  ( -8.380000000000000800, 2.929999999999999300, 3.934500000000000300 ) ) ;
#41 = DIRECTION ( 'NONE',  ( 1.000000000000000000, 0.0000000000000000000, 0.0000000000000000000 ) ) ;
#42 = VERTEX_POINT ( 'NONE', #4384 ) ;
#43 = DIRECTION ( 'NONE',  ( 0.0000000000000000000, 1.000000000000000000, 3.484080088324578000E-016 ) ) ;
#44 = EDGE_LOOP ( 'NONE', ( #3421, #4766, #2308, #2709, #4355, #3949, #485, #5664 ) ) ;
#45 = ORIENTED_EDGE ( 'NONE', *, *, #2056, .T. ) ;
#46 = EDGE_CURVE ( 'NONE', #6217, #5405, #1480, .T. ) ;
#47 = AXIS2_PLACEMENT_3D ( 'NONE', #1442, #3221, #3240 ) ;
#48 = CARTESIAN_POINT ( 'NONE',  ( 7.870000000000000100, -3.299999999999999800, -4.124999999999999100 ) ) ;
#49 = FILL_AREA_STYLE ('',( #5274 ) ) ;
#50 = FACE_OUTER_BOUND ( 'NONE', #1154, .T. ) ;
#51 = ORIENTED_EDGE ( 'NONE', *, *, #2482, .T. ) ;
#52 = ORIENTED_EDGE ( 'NONE', *, *, #6392, .F. ) ;
#53 = VERTEX_POINT ( 'NONE', #6729 ) ;
#54 = PLANE ( 'NONE',  #5674 ) ;
#55 = LINE ( 'NONE', #3588, #3838 ) ;
#56 = VECTOR ( 'NONE', #6870, 1000.000000000000000 ) ;
#57 = AXIS2_PLACEMENT_3D ( 'NONE', #5943, #2932, #1240 ) ;
#58 = ORIENTED_EDGE ( 'NONE', *, *, #4614, .F. ) ;
#59 = ORIENTED_EDGE ( 'NONE', *, *, #5115, .F. ) ;
#60 = CARTESIAN_POINT ( 'NONE',  ( -4.830000000000001000, 2.679999999999999300, -3.550000000000002500 ) ) ;
#61 = VECTOR ( 'NONE', #6353, 1000.000000000000000 ) ;
#62 = EDGE_CURVE ( 'NONE', #849, #7291, #5760, .T. ) ;
#63 = ORIENTED_EDGE ( 'NONE', *, *, #7025, .T. ) ;
#64 = CARTESIAN_POINT ( 'NONE',  ( 2.790000000000000000, -3.299999999999999800, 4.124999999999999100 ) ) ;
#65 = AXIS2_PLACEMENT_3D ( 'NONE', #3294, #7350, #5047 ) ;
#66 = ADVANCED_FACE ( 'NONE', ( #1679 ), #863, .F. ) ;
#67 = CARTESIAN_POINT ( 'NONE',  ( -0.7600000000000002300, 2.679999999999998800, 3.934500000000000300 ) ) ;
#68 = CARTESIAN_POINT ( 'NONE',  ( 6.859999999999999400, 2.489499999999999200, -4.375000000000000000 ) ) ;
#69 = VERTEX_POINT ( 'NONE', #2008 ) ;
#70 = ORIENTED_EDGE ( 'NONE', *, *, #3996, .T. ) ;
#71 = EDGE_CURVE ( 'NONE', #2128, #724, #5470, .T. ) ;
#72 = FACE_OUTER_BOUND ( 'NONE', #3678, .T. ) ;
#73 = CARTESIAN_POINT ( 'NONE',  ( 1.779999999999999400, 0.6500000000000048000, 4.375000000000000900 ) ) ;
#74 = ORIENTED_EDGE ( 'NONE', *, *, #551, .T. ) ;
#75 = EDGE_CURVE ( 'NONE', #5497, #6021, #2756, .T. ) ;
#76 = ORIENTED_EDGE ( 'NONE', *, *, #6878, .T. ) ;
#77 = DIRECTION ( 'NONE',  ( 0.0000000000000000000, 0.0000000000000000000, -1.000000000000000000 ) ) ;
#78 = CLOSED_SHELL ( 'NONE', ( #1879, #212, #5260, #602, #5224, #3660, #4104, #1132, #6087, #176, #1921, #1196, #7049, #437, #1233, #4764 ) ) ;
#79 = CARTESIAN_POINT ( 'NONE',  ( -5.330000000000001800, -3.794707603699265500E-016, -4.375000000000001800 ) ) ;
#80 = PLANE ( 'NONE',  #6689 ) ;
#81 = DIRECTION ( 'NONE',  ( 0.0000000000000000000, 0.0000000000000000000, 1.000000000000000000 ) ) ;
#82 = VECTOR ( 'NONE', #4009, 1000.000000000000000 ) ;
#83 = ORIENTED_EDGE ( 'NONE', *, *, #1853, .F. ) ;
#84 = DIRECTION ( 'NONE',  ( -1.000000000000000000, -0.0000000000000000000, 0.0000000000000000000 ) ) ;
#85 = EDGE_CURVE ( 'NONE', #4398, #5706, #5945, .T. ) ;
#86 = CARTESIAN_POINT ( 'NONE',  ( -7.870000000000000100, 2.489499999999999200, -3.934500000000000300 ) ) ;
#87 = DIRECTION ( 'NONE',  ( -1.000000000000000000, -0.0000000000000000000, 0.0000000000000000000 ) ) ;
#88 = LINE ( 'NONE', #2885, #3241 ) ;
#89 = VECTOR ( 'NONE', #820, 1000.000000000000000 ) ;
#90 = LINE ( 'NONE', #3741, #1162 ) ;
#91 = ORIENTED_EDGE ( 'NONE', *, *, #892, .F. ) ;
#92 = CARTESIAN_POINT ( 'NONE',  ( -5.840000000000001600, 2.929999999999999300, -3.550000000000002500 ) ) ;
#93 = FILL_AREA_STYLE_COLOUR ( '', #4119 ) ;
#94 = DIRECTION ( 'NONE',  ( 0.0000000000000000000, -1.127908631974522500E-015, 1.000000000000000000 ) ) ;
#95 = AXIS2_PLACEMENT_3D ( 'NONE', #6777, #5120, #966 ) ;
#96 = CIRCLE ( 'NONE', #5154, 0.4404999999999998900 ) ;
#97 = EDGE_LOOP ( 'NONE', ( #1728, #2055, #7447, #1100 ) ) ;
#98 = ADVANCED_FACE ( 'NONE', ( #1772 ), #7236, .F. ) ;
#99 = UNCERTAINTY_MEASURE_WITH_UNIT (LENGTH_MEASURE( 1.000000000000000100E-005 ), #6832, 'distance_accuracy_value', 'NONE');
#100 = ORIENTED_EDGE ( 'NONE', *, *, #2319, .T. ) ;
#101 = CARTESIAN_POINT ( 'NONE',  ( 1.779999999999999400, 0.6500000000000045700, 4.124999999999999100 ) ) ;
#102 = ORIENTED_EDGE ( 'NONE', *, *, #5585, .T. ) ;
#103 = LINE ( 'NONE', #4216, #4527 ) ;
#104 = FILL_AREA_STYLE_COLOUR ( '', #2357 ) ;
#105 = FACE_OUTER_BOUND ( 'NONE', #7247, .T. ) ;
#106 = ORIENTED_EDGE ( 'NONE', *, *, #6100, .F. ) ;
#107 = AXIS2_PLACEMENT_3D ( 'NONE', #353, #3836, #6154 ) ;
#108 = DIRECTION ( 'NONE',  ( 0.0000000000000000000, -0.0000000000000000000, -1.000000000000000000 ) ) ;
#109 = ORIENTED_EDGE ( 'NONE', *, *, #1563, .T. ) ;
#110 = CARTESIAN_POINT ( 'NONE',  ( -6.859999999999999400, 2.489499999999999200, 3.934500000000000300 ) ) ;
#111 = VECTOR ( 'NONE', #1416, 1000.000000000000100 ) ;
#112 = EDGE_LOOP ( 'NONE', ( #5102, #3978, #380, #3366 ) ) ;
#113 = VECTOR ( 'NONE', #162, 1000.000000000000000 ) ;
#114 = CARTESIAN_POINT ( 'NONE',  ( 1.779999999999999400, 0.6500000000000045700, -3.934500000000001200 ) ) ;
#115 = ORIENTED_EDGE ( 'NONE', *, *, #6392, .T. ) ;
#116 = LINE ( 'NONE', #4467, #5104 ) ;
#117 = VECTOR ( 'NONE', #1451, 1000.000000000000000 ) ;
#118 = DIRECTION ( 'NONE',  ( -1.000000000000000000, -0.0000000000000000000, 0.0000000000000000000 ) ) ;
#119 = DIRECTION ( 'NONE',  ( -1.000000000000000000, -0.0000000000000000000, -0.0000000000000000000 ) ) ;
#120 = CARTESIAN_POINT ( 'NONE',  ( 4.829999999999999200, -4.336808689942017700E-016, 4.125000000000000000 ) ) ;
#121 = VECTOR ( 'NONE', #2438, 1000.000000000000000 ) ;
#122 = CARTESIAN_POINT ( 'NONE',  ( 5.839999999999999900, -5.051668046482832700E-016, 4.124999999999999100 ) ) ;
#123 = EDGE_CURVE ( 'NONE', #1537, #1815, #6129, .T. ) ;
#124 = PLANE ( 'NONE',  #6172 ) ;
#125 = EDGE_CURVE ( 'NONE', #4122, #1739, #4191, .T. ) ;
#126 = DIRECTION ( 'NONE',  ( -1.000000000000000000, -0.0000000000000000000, -0.0000000000000000000 ) ) ;
#127 = DIRECTION ( 'NONE',  ( 0.0000000000000000000, 1.127908631974522500E-015, 1.000000000000000000 ) ) ;
#128 = ORIENTED_EDGE ( 'NONE', *, *, #7448, .T. ) ;
#129 = CARTESIAN_POINT ( 'NONE',  ( 3.299999999999999800, 2.929999999999999300, 3.550000000000002500 ) ) ;
#130 = EDGE_LOOP ( 'NONE', ( #512, #5934, #7032, #3055 ) ) ;
#131 = CARTESIAN_POINT ( 'NONE',  ( 5.839999999999999900, 0.6500000000000025800, -3.934500000000001200 ) ) ;
#132 = ORIENTED_EDGE ( 'NONE', *, *, #3643, .F. ) ;
#133 = ADVANCED_FACE ( 'NONE', ( #1852 ), #307, .F. ) ;
#134 = EDGE_LOOP ( 'NONE', ( #5281, #1458, #172, #734 ) ) ;
#135 = ORIENTED_EDGE ( 'NONE', *, *, #563, .T. ) ;
#136 = EDGE_LOOP ( 'NONE', ( #7410, #1059, #1437, #1942 ) ) ;
#137 = ORIENTED_EDGE ( 'NONE', *, *, #3038, .T. ) ;
#138 = EDGE_CURVE ( 'NONE', #3357, #3977, #1128, .T. ) ;
#139 = STYLED_ITEM ( 'NONE', ( #6982 ), #3976 ) ;
#140 = ORIENTED_EDGE ( 'NONE', *, *, #6819, .F. ) ;
#141 = CARTESIAN_POINT ( 'NONE',  ( -7.370000000000000100, 4.336808689942017700E-016, -4.375000000000000000 ) ) ;
#142 = CARTESIAN_POINT ( 'NONE',  ( -4.830000000000001000, 2.929999999999999300, 3.550000000000002500 ) ) ;
#143 = ADVANCED_FACE ( 'NONE', ( #2662 ), #336, .F. ) ;
#144 = VECTOR ( 'NONE', #4769, 1000.000000000000000 ) ;
#145 = VERTEX_POINT ( 'NONE', #3817 ) ;
#146 = CARTESIAN_POINT ( 'NONE',  ( -2.290000000000000500, 2.679999999999999300, -3.550000000000002500 ) ) ;
#147 = VERTEX_POINT ( 'NONE', #1021 ) ;
#148 = AXIS2_PLACEMENT_3D ( 'NONE', #1146, #3427, #5794 ) ;
#149 = CARTESIAN_POINT ( 'NONE',  ( 7.870000000000000100, 2.489499999999999200, 4.125000000000000000 ) ) ;
#150 = CARTESIAN_POINT ( 'NONE',  ( -4.830000000000001000, 2.489499999999999200, 3.934500000000000300 ) ) ;
#151 = DIRECTION ( 'NONE',  ( 0.0000000000000000000, -5.027841771134210700E-016, -1.000000000000000000 ) ) ;
#152 = VECTOR ( 'NONE', #2634, 1000.000000000000000 ) ;
#153 = CARTESIAN_POINT ( 'NONE',  ( 6.859999999999999400, 2.489499999999999200, 4.125000000000000000 ) ) ;
#154 = EDGE_CURVE ( 'NONE', #3166, #6593, #221, .T. ) ;
#155 = SURFACE_STYLE_FILL_AREA ( #4507 ) ;
#156 = EDGE_CURVE ( 'NONE', #4426, #2559, #1045, .T. ) ;
#157 = EDGE_CURVE ( 'NONE', #4101, #3237, #5122, .T. ) ;
#158 = VERTEX_POINT ( 'NONE', #358 ) ;
#159 = DIRECTION ( 'NONE',  ( -0.0000000000000000000, 1.000000000000000000, 1.498163464873311500E-016 ) ) ;
#160 = DIRECTION ( 'NONE',  ( 0.0000000000000000000, 1.734723475976793700E-015, 1.000000000000000000 ) ) ;
#161 = DIRECTION ( 'NONE',  ( 1.000000000000000000, 0.0000000000000000000, -2.443272501375788900E-016 ) ) ;
#162 = DIRECTION ( 'NONE',  ( 0.0000000000000000000, 1.127908631974522500E-015, -1.000000000000000000 ) ) ;
#163 = EDGE_CURVE ( 'NONE', #942, #316, #6323, .T. ) ;
#164 = EDGE_LOOP ( 'NONE', ( #3338, #6524, #5933, #7275 ) ) ;
#165 = DIRECTION ( 'NONE',  ( 1.000000000000000000, 0.0000000000000000000, -0.0000000000000000000 ) ) ;
#166 = ORIENTED_EDGE ( 'NONE', *, *, #6814, .T. ) ;
#167 = EDGE_CURVE ( 'NONE', #6864, #147, #3113, .T. ) ;
#168 = ADVANCED_FACE ( 'NONE', ( #500 ), #7408, .F. ) ;
#169 = VECTOR ( 'NONE', #1506, 1000.000000000000000 ) ;
#170 = FACE_OUTER_BOUND ( 'NONE', #6486, .T. ) ;
#171 = VECTOR ( 'NONE', #6130, 1000.000000000000000 ) ;
#172 = ORIENTED_EDGE ( 'NONE', *, *, #455, .F. ) ;
#173 = CARTESIAN_POINT ( 'NONE',  ( 0.2500000000000002200, -3.299999999999999800, 4.124999999999999100 ) ) ;
#174 = ADVANCED_FACE ( 'NONE', ( #6662 ), #7323, .F. ) ;
#175 = PLANE ( 'NONE',  #6737 ) ;
#176 = ADVANCED_FACE ( 'NONE', ( #3293 ), #6289, .F. ) ;
#177 = PLANE ( 'NONE',  #3990 ) ;
#178 = FACE_OUTER_BOUND ( 'NONE', #3684, .T. ) ;
#179 = DIRECTION ( 'NONE',  ( -1.000000000000000000, -0.0000000000000000000, -0.0000000000000000000 ) ) ;
#180 = LINE ( 'NONE', #3192, #3512 ) ;
#181 = ORIENTED_EDGE ( 'NONE', *, *, #6824, .T. ) ;
#182 = CARTESIAN_POINT ( 'NONE',  ( 5.839999999999999900, -5.051668046482832700E-016, -4.124999999999999100 ) ) ;
#183 = ORIENTED_EDGE ( 'NONE', *, *, #5075, .T. ) ;
#184 = VECTOR ( 'NONE', #6674, 1000.000000000000000 ) ;
#185 = PLANE ( 'NONE',  #7248 ) ;
#186 = LINE ( 'NONE', #4742, #1814 ) ;
#187 = ORIENTED_EDGE ( 'NONE', *, *, #2552, .T. ) ;
#188 = DIRECTION ( 'NONE',  ( -0.0000000000000000000, 0.0000000000000000000, 1.000000000000000000 ) ) ;
#189 = MANIFOLD_SOLID_BREP ( 'LPattern1[8]', #3214 ) ;
#190 = ORIENTED_EDGE ( 'NONE', *, *, #4566, .F. ) ;
#191 = ORIENTED_EDGE ( 'NONE', *, *, #6006, .T. ) ;
#192 = FACE_OUTER_BOUND ( 'NONE', #513, .T. ) ;
#193 = LINE ( 'NONE', #3708, #562 ) ;
#194 = CARTESIAN_POINT ( 'NONE',  ( 3.299999999999999800, 2.679999999999998800, 3.934500000000000300 ) ) ;
#195 = ORIENTED_EDGE ( 'NONE', *, *, #2461, .T. ) ;
#196 = EDGE_CURVE ( 'NONE', #5850, #2900, #400, .T. ) ;
#197 = ORIENTED_EDGE ( 'NONE', *, *, #4324, .F. ) ;
#198 = VECTOR ( 'NONE', #6793, 1000.000000000000000 ) ;
#199 = LINE ( 'NONE', #543, #5545 ) ;
#200 = CARTESIAN_POINT ( 'NONE',  ( -1.780000000000000200, 0.6500000000000025800, 3.934500000000001200 ) ) ;
#201 = EDGE_CURVE ( 'NONE', #3995, #753, #3105, .T. ) ;
#202 = CARTESIAN_POINT ( 'NONE',  ( -4.830000000000001000, 2.489499999999999200, -4.375000000000000000 ) ) ;
#203 = ORIENTED_EDGE ( 'NONE', *, *, #1563, .F. ) ;
#204 = LINE ( 'NONE', #640, #6210 ) ;
#205 = LINE ( 'NONE', #2962, #3544 ) ;
#206 = FACE_OUTER_BOUND ( 'NONE', #4083, .T. ) ;
#207 = ORIENTED_EDGE ( 'NONE', *, *, #2259, .F. ) ;
#208 = LINE ( 'NONE', #6192, #1206 ) ;
#209 = CARTESIAN_POINT ( 'NONE',  ( 2.790000000000000000, 2.489499999999999200, 4.125000000000000000 ) ) ;
#210 = ORIENTED_EDGE ( 'NONE', *, *, #5657, .F. ) ;
#211 = CARTESIAN_POINT ( 'NONE',  ( 8.380000000000000800, 0.6500000000000026900, -4.375000000000000000 ) ) ;
#212 = ADVANCED_FACE ( 'NONE', ( #5564 ), #4483, .F. ) ;
#213 = DIRECTION ( 'NONE',  ( 0.0000000000000000000, -1.498163464873311500E-016, 1.000000000000000000 ) ) ;
#214 = EDGE_CURVE ( 'NONE', #6048, #5483, #6222, .T. ) ;
#215 = VERTEX_POINT ( 'NONE', #5603 ) ;
#216 = ORIENTED_EDGE ( 'NONE', *, *, #1912, .T. ) ;
#217 = DIRECTION ( 'NONE',  ( -0.0000000000000000000, -1.734723475976793500E-015, -1.000000000000000000 ) ) ;
#218 = LINE ( 'NONE', #5433, #6658 ) ;
#219 = ORIENTED_EDGE ( 'NONE', *, *, #6957, .F. ) ;
#220 = ORIENTED_EDGE ( 'NONE', *, *, #977, .F. ) ;
#221 = LINE ( 'NONE', #3345, #6852 ) ;
#222 = CARTESIAN_POINT ( 'NONE',  ( -9.714314080235375600, 0.5100000000000000100, -3.264314080235336300 ) ) ;
#223 = FACE_OUTER_BOUND ( 'NONE', #5490, .T. ) ;
#224 = ORIENTED_EDGE ( 'NONE', *, *, #3703, .F. ) ;
#225 = ORIENTED_EDGE ( 'NONE', *, *, #4227, .F. ) ;
#226 = CARTESIAN_POINT ( 'NONE',  ( 5.839999999999999900, 0.6500000000000028000, 4.375000000000000900 ) ) ;
#227 = CARTESIAN_POINT ( 'NONE',  ( 0.2500000000000002200, -3.299999999999999400, 4.375000000000000900 ) ) ;
#228 = VECTOR ( 'NONE', #2867, 1000.000000000000000 ) ;
#229 = LINE ( 'NONE', #3982, #1231 ) ;
#230 = PRESENTATION_LAYER_ASSIGNMENT (  '', '', ( #5043 ) ) ;
#231 = ORIENTED_EDGE ( 'NONE', *, *, #5013, .T. ) ;
#232 = CARTESIAN_POINT ( 'NONE',  ( -7.870000000000000100, -3.299999999999999400, 4.375000000000000900 ) ) ;
#233 = DIRECTION ( 'NONE',  ( 0.0000000000000000000, 5.027841771134210700E-016, -1.000000000000000000 ) ) ;
#234 = ORIENTED_EDGE ( 'NONE', *, *, #7025, .F. ) ;
#235 = CARTESIAN_POINT ( 'NONE',  ( -10.00000000000002500, 2.929999999999999300, -3.549999999999985600 ) ) ;
#236 =( NAMED_UNIT ( * ) SI_UNIT ( $, .STERADIAN. ) SOLID_ANGLE_UNIT ( ) );
#237 = EDGE_CURVE ( 'NONE', #1126, #5028, #6939, .T. ) ;
#238 = DIRECTION ( 'NONE',  ( 0.0000000000000000000, 1.000000000000000000, -5.027841771134210700E-016 ) ) ;
#239 = VECTOR ( 'NONE', #6800, 1000.000000000000000 ) ;
#240 = ORIENTED_EDGE ( 'NONE', *, *, #6515, .T. ) ;
#241 = EDGE_CURVE ( 'NONE', #4389, #2631, #5378, .T. ) ;
#242 = AXIS2_PLACEMENT_3D ( 'NONE', #6866, #2298, #4586 ) ;
#243 = VERTEX_POINT ( 'NONE', #381 ) ;
#244 = DIRECTION ( 'NONE',  ( 0.0000000000000000000, 0.0000000000000000000, 1.000000000000000000 ) ) ;
#245 = CARTESIAN_POINT ( 'NONE',  ( -7.370000000000000100, 2.489499999999999200, 4.375000000000000000 ) ) ;
#246 = EDGE_CURVE ( 'NONE', #2586, #5639, #1576, .T. ) ;
#247 = DIRECTION ( 'NONE',  ( 0.0000000000000000000, 0.0000000000000000000, 1.000000000000000000 ) ) ;
#248 = ORIENTED_EDGE ( 'NONE', *, *, #5314, .T. ) ;
#249 = DIRECTION ( 'NONE',  ( 0.0000000000000000000, 0.0000000000000000000, 1.000000000000000000 ) ) ;
#250 = CARTESIAN_POINT ( 'NONE',  ( -6.859999999999999400, 0.6500000000000025800, 3.934500000000001200 ) ) ;
#251 = ORIENTED_EDGE ( 'NONE', *, *, #5867, .T. ) ;
#252 = DIRECTION ( 'NONE',  ( 0.0000000000000000000, 0.0000000000000000000, -1.000000000000000000 ) ) ;
#253 = EDGE_CURVE ( 'NONE', #1585, #2683, #4470, .T. ) ;
#254 = EDGE_CURVE ( 'NONE', #2979, #7505, #2481, .T. ) ;
#255 = CARTESIAN_POINT ( 'NONE',  ( 5.330000000000000100, 2.489499999999999200, 3.934500000000000300 ) ) ;
#256 = EDGE_CURVE ( 'NONE', #7467, #3369, #2927, .T. ) ;
#257 = ADVANCED_FACE ( 'NONE', ( #943 ), #1097, .T. ) ;
#258 = ORIENTED_EDGE ( 'NONE', *, *, #4700, .F. ) ;
#259 = DIRECTION ( 'NONE',  ( -1.000000000000000000, -0.0000000000000000000, 0.0000000000000000000 ) ) ;
#260 = DIRECTION ( 'NONE',  ( 1.000000000000000000, 0.0000000000000000000, 0.0000000000000000000 ) ) ;
#261 = CARTESIAN_POINT ( 'NONE',  ( 2.924722325026743800, -3.794707603699265500E-016, -4.375000000000001800 ) ) ;
#262 = LINE ( 'NONE', #6764, #711 ) ;
#263 = LINE ( 'NONE', #1353, #2265 ) ;
#264 = ORIENTED_EDGE ( 'NONE', *, *, #4401, .T. ) ;
#265 = ORIENTED_EDGE ( 'NONE', *, *, #3780, .F. ) ;
#266 = PLANE ( 'NONE',  #5879 ) ;
#267 = FACE_OUTER_BOUND ( 'NONE', #5509, .T. ) ;
#268 = CARTESIAN_POINT ( 'NONE',  ( -4.830000000000001000, 2.489499999999999200, 4.375000000000000000 ) ) ;
#269 = ORIENTED_EDGE ( 'NONE', *, *, #4756, .F. ) ;
#270 = VERTEX_POINT ( 'NONE', #1686 ) ;
#271 = DIRECTION ( 'NONE',  ( 0.0000000000000000000, -1.000000000000000000, 6.968160176649155900E-016 ) ) ;
#272 = ORIENTED_EDGE ( 'NONE', *, *, #6254, .T. ) ;
#273 = VECTOR ( 'NONE', #4971, 1000.000000000000000 ) ;
#274 = EDGE_CURVE ( 'NONE', #5417, #1126, #5025, .T. ) ;
#275 = CARTESIAN_POINT ( 'NONE',  ( 3.299999999999999800, 2.679999999999999300, 3.550000000000002500 ) ) ;
#276 = AXIS2_PLACEMENT_3D ( 'NONE', #923, #6699, #6733 ) ;
#277 = LINE ( 'NONE', #1680, #7352 ) ;
#278 = ORIENTED_EDGE ( 'NONE', *, *, #7385, .F. ) ;
#279 = CARTESIAN_POINT ( 'NONE',  ( 0.2500000000000002200, 2.489499999999999200, 4.125000000000000000 ) ) ;
#280 = ORIENTED_EDGE ( 'NONE', *, *, #827, .F. ) ;
#281 = ORIENTED_EDGE ( 'NONE', *, *, #6041, .F. ) ;
#282 = CARTESIAN_POINT ( 'NONE',  ( 2.155277674973255800, -4.456522286123197600E-016, -4.375000000000000000 ) ) ;
#283 = EDGE_LOOP ( 'NONE', ( #6542, #3068, #58, #4298 ) ) ;
#284 = VECTOR ( 'NONE', #286, 1000.000000000000000 ) ;
#285 = LINE ( 'NONE', #5397, #1549 ) ;
#286 = DIRECTION ( 'NONE',  ( 0.0000000000000000000, -5.027841771134210700E-016, 1.000000000000000000 ) ) ;
#287 = AXIS2_PLACEMENT_3D ( 'NONE', #4676, #4142, #7021 ) ;
#288 = AXIS2_PLACEMENT_3D ( 'NONE', #5971, #6070, #252 ) ;
#289 = VERTEX_POINT ( 'NONE', #1074 ) ;
#290 = FACE_OUTER_BOUND ( 'NONE', #7064, .T. ) ;
#291 = LINE ( 'NONE', #5035, #3181 ) ;
#292 = VECTOR ( 'NONE', #5847, 1000.000000000000000 ) ;
#293 = DIRECTION ( 'NONE',  ( -1.000000000000000000, -0.0000000000000000000, -0.0000000000000000000 ) ) ;
#294 = DIRECTION ( 'NONE',  ( 0.0000000000000000000, 0.0000000000000000000, 1.000000000000000000 ) ) ;
#295 = LINE ( 'NONE', #695, #4917 ) ;
#296 = CARTESIAN_POINT ( 'NONE',  ( 5.330000000000000100, 4.336808689942017700E-016, -4.375000000000000000 ) ) ;
#297 = ORIENTED_EDGE ( 'NONE', *, *, #1311, .T. ) ;
#298 = CARTESIAN_POINT ( 'NONE',  ( -7.370000000000000100, -3.299999999999999800, -4.124999999999999100 ) ) ;
#299 = CARTESIAN_POINT ( 'NONE',  ( 7.870000000000000100, 2.929999999999999300, -3.550000000000002500 ) ) ;
#300 = VERTEX_POINT ( 'NONE', #4554 ) ;
#301 = ORIENTED_EDGE ( 'NONE', *, *, #4509, .F. ) ;
#302 = EDGE_CURVE ( 'NONE', #1975, #978, #1050, .T. ) ;
#303 = ORIENTED_EDGE ( 'NONE', *, *, #1864, .T. ) ;
#304 = EDGE_CURVE ( 'NONE', #5755, #7058, #1685, .T. ) ;
#305 = CARTESIAN_POINT ( 'NONE',  ( 0.2500000000000002200, 2.489499999999999200, -4.375000000000000000 ) ) ;
#306 = ORIENTED_EDGE ( 'NONE', *, *, #4614, .T. ) ;
#307 = CYLINDRICAL_SURFACE ( 'NONE', #3551, 0.1904999999999997000 ) ;
#308 = CARTESIAN_POINT ( 'NONE',  ( -6.859999999999999400, 2.679999999999999300, 3.550000000000002500 ) ) ;
#309 = DIRECTION ( 'NONE',  ( -1.000000000000000000, -0.0000000000000000000, 0.0000000000000000000 ) ) ;
#310 = DIRECTION ( 'NONE',  ( -0.0000000000000000000, 1.000000000000000000, 1.127908631974522500E-015 ) ) ;
#311 = DIRECTION ( 'NONE',  ( 1.000000000000000000, 0.0000000000000000000, 0.0000000000000000000 ) ) ;
#312 = FACE_OUTER_BOUND ( 'NONE', #4767, .T. ) ;
#313 = ORIENTED_EDGE ( 'NONE', *, *, #940, .F. ) ;
#314 = VERTEX_POINT ( 'NONE', #7430 ) ;
#315 = VECTOR ( 'NONE', #681, 1000.000000000000000 ) ;
#316 = VERTEX_POINT ( 'NONE', #5739 ) ;
#317 = CARTESIAN_POINT ( 'NONE',  ( -5.330000000000001800, 2.489499999999999200, 3.934500000000000300 ) ) ;
#318 = FACE_OUTER_BOUND ( 'NONE', #4209, .T. ) ;
#319 = ORIENTED_EDGE ( 'NONE', *, *, #2340, .F. ) ;
#320 = VECTOR ( 'NONE', #3443, 1000.000000000000000 ) ;
#322 = ORIENTED_EDGE ( 'NONE', *, *, #5546, .T. ) ;
#321 = DIRECTION ( 'NONE',  ( -0.0000000000000000000, -1.734723475976793500E-015, -1.000000000000000000 ) ) ;
#323 = PLANE ( 'NONE',  #6705 ) ;
#324 = AXIS2_PLACEMENT_3D ( 'NONE', #869, #3898, #1474 ) ;
#325 = UNCERTAINTY_MEASURE_WITH_UNIT (LENGTH_MEASURE( 1.000000000000000100E-005 ), #6238, 'distance_accuracy_value', 'NONE');
#326 = FACE_OUTER_BOUND ( 'NONE', #1620, .T. ) ;
#327 = VECTOR ( 'NONE', #2694, 1000.000000000000000 ) ;
#328 =( NAMED_UNIT ( * ) PLANE_ANGLE_UNIT ( ) SI_UNIT ( $, .RADIAN. ) );
#329 = VERTEX_POINT ( 'NONE', #4619 ) ;
#330 = CARTESIAN_POINT ( 'NONE',  ( -3.300000000000000700, 2.679999999999999300, 3.550000000000002500 ) ) ;
#331 = ADVANCED_FACE ( 'NONE', ( #3474 ), #2907, .F. ) ;
#332 = DIRECTION ( 'NONE',  ( 1.000000000000000000, 0.0000000000000000000, 0.0000000000000000000 ) ) ;
#333 = CARTESIAN_POINT ( 'NONE',  ( -3.300000000000000700, 0.6500000000000045700, 4.124999999999999100 ) ) ;
#334 = LINE ( 'NONE', #355, #1234 ) ;
#335 = ORIENTED_EDGE ( 'NONE', *, *, #6432, .F. ) ;
#336 = PLANE ( 'NONE',  #1232 ) ;
#337 = DIRECTION ( 'NONE',  ( 1.000000000000000000, -0.0000000000000000000, -2.168404344971006100E-017 ) ) ;
#338 = CARTESIAN_POINT ( 'NONE',  ( -8.380000000000000800, 2.489499999999999200, 3.934500000000000300 ) ) ;
#339 =( LENGTH_UNIT ( ) NAMED_UNIT ( * ) SI_UNIT ( .MILLI., .METRE. ) );
#340 = ORIENTED_EDGE ( 'NONE', *, *, #7153, .F. ) ;
#341 = CARTESIAN_POINT ( 'NONE',  ( -4.320000000000001200, -5.051668046482832700E-016, 4.124999999999999100 ) ) ;
#342 = VERTEX_POINT ( 'NONE', #540 ) ;
#343 = AXIS2_PLACEMENT_3D ( 'NONE', #6968, #3480, #3441 ) ;
#344 = DIRECTION ( 'NONE',  ( 2.443272501375785000E-016, -0.0000000000000000000, 1.000000000000000000 ) ) ;
#345 = VERTEX_POINT ( 'NONE', #1121 ) ;
#346 = CARTESIAN_POINT ( 'NONE',  ( 2.790000000000000000, 2.929999999999999300, 3.550000000000002500 ) ) ;
#347 = EDGE_LOOP ( 'NONE', ( #1614, #2469, #4146, #1792, #3938, #1064, #6749, #5226, #1017, #2398 ) ) ;
#348 = DIRECTION ( 'NONE',  ( -0.4999999999999977200, -0.8660254037844399300, 1.297447619602005200E-016 ) ) ;
#349 = FACE_OUTER_BOUND ( 'NONE', #2328, .T. ) ;
#350 = FACE_OUTER_BOUND ( 'NONE', #5072, .T. ) ;
#351 = ORIENTED_EDGE ( 'NONE', *, *, #7043, .F. ) ;
#352 = CARTESIAN_POINT ( 'NONE',  ( 5.839999999999999900, 0.6500000000000028000, -4.375000000000000900 ) ) ;
#353 = CARTESIAN_POINT ( 'NONE',  ( 0.7600000000000002300, 2.489499999999999200, 3.934500000000000300 ) ) ;
#354 = EDGE_CURVE ( 'NONE', #5706, #3985, #6487, .T. ) ;
#355 = CARTESIAN_POINT ( 'NONE',  ( 5.839999999999999900, 0.6500000000000026900, 4.124999999999999100 ) ) ;
#356 = CARTESIAN_POINT ( 'NONE',  ( -10.00000000000002500, 2.929999999999999300, -3.549999999999985600 ) ) ;
#357 = FACE_OUTER_BOUND ( 'NONE', #7474, .T. ) ;
#358 = CARTESIAN_POINT ( 'NONE',  ( -1.780000000000000200, 2.679999999999998800, -3.934500000000000300 ) ) ;
#359 = CIRCLE ( 'NONE', #6340, 0.1904999999999997000 ) ;
#360 = VERTEX_POINT ( 'NONE', #4577 ) ;
#361 =( NAMED_UNIT ( * ) SI_UNIT ( $, .STERADIAN. ) SOLID_ANGLE_UNIT ( ) );
#362 = PLANE ( 'NONE',  #4947 ) ;
#363 = CARTESIAN_POINT ( 'NONE',  ( -2.290000000000000500, 2.489499999999999200, 4.125000000000000000 ) ) ;
#364 = EDGE_CURVE ( 'NONE', #5979, #1134, #4936, .T. ) ;
#365 = VECTOR ( 'NONE', #2329, 1000.000000000000000 ) ;
#366 = ORIENTED_EDGE ( 'NONE', *, *, #4938, .F. ) ;
#367 = AXIS2_PLACEMENT_3D ( 'NONE', #1213, #6399, #5223 ) ;
#368 = CARTESIAN_POINT ( 'NONE',  ( -7.370000000000000100, 2.679999999999999300, -3.550000000000002500 ) ) ;
#369 = CARTESIAN_POINT ( 'NONE',  ( -5.840000000000001600, 2.929999999999999300, 3.934500000000000300 ) ) ;
#370 = ORIENTED_EDGE ( 'NONE', *, *, #5753, .T. ) ;
#371 = DIRECTION ( 'NONE',  ( 0.0000000000000000000, -1.000000000000000000, -6.968160176649155900E-016 ) ) ;
#372 = FACE_OUTER_BOUND ( 'NONE', #5609, .T. ) ;
#373 = FACE_OUTER_BOUND ( 'NONE', #3457, .T. ) ;
#374 = ORIENTED_EDGE ( 'NONE', *, *, #6664, .T. ) ;
#375 = CARTESIAN_POINT ( 'NONE',  ( -4.320000000000001200, -3.794707603699265500E-016, 4.375000000000001800 ) ) ;
#376 = AXIS2_PLACEMENT_3D ( 'NONE', #1550, #7304, #7379 ) ;
#377 = DIRECTION ( 'NONE',  ( 0.0000000000000000000, 0.0000000000000000000, -1.000000000000000000 ) ) ;
#378 = LINE ( 'NONE', #1439, #2835 ) ;
#379 = CARTESIAN_POINT ( 'NONE',  ( 4.829999999999999200, -4.336808689942017700E-016, 3.934500000000001200 ) ) ;
#380 = ORIENTED_EDGE ( 'NONE', *, *, #6347, .F. ) ;
#381 = CARTESIAN_POINT ( 'NONE',  ( 0.7600000000000002300, 2.679999999999998800, 3.934500000000000300 ) ) ;
#382 = DIRECTION ( 'NONE',  ( 0.0000000000000000000, 0.0000000000000000000, -1.000000000000000000 ) ) ;
#383 = VECTOR ( 'NONE', #1718, 1000.000000000000000 ) ;
#384 = DIRECTION ( 'NONE',  ( 0.0000000000000000000, -1.498163464873311500E-016, 1.000000000000000000 ) ) ;
#385 = EDGE_CURVE ( 'NONE', #5723, #4165, #6944, .T. ) ;
#386 = CARTESIAN_POINT ( 'NONE',  ( 8.380000000000000800, 2.489499999999999200, -4.375000000000000000 ) ) ;
#387 = CIRCLE ( 'NONE', #535, 0.4404999999999998900 ) ;
#388 = AXIS2_PLACEMENT_3D ( 'NONE', #4882, #179, #4214 ) ;
#389 = ORIENTED_EDGE ( 'NONE', *, *, #157, .F. ) ;
#390 = VECTOR ( 'NONE', #4388, 1000.000000000000000 ) ;
#391 = VECTOR ( 'NONE', #2616, 1000.000000000000000 ) ;
#392 = DIRECTION ( 'NONE',  ( 0.0000000000000000000, 5.027841771134210700E-016, 1.000000000000000000 ) ) ;
#393 = ORIENTED_EDGE ( 'NONE', *, *, #459, .T. ) ;
#394 = DIRECTION ( 'NONE',  ( 0.8660254037844399300, -0.4999999999999977200, 2.513920885567094000E-016 ) ) ;
#395 = DIRECTION ( 'NONE',  ( 0.0000000000000000000, 1.734723475976793700E-015, -1.000000000000000000 ) ) ;
#396 = ORIENTED_EDGE ( 'NONE', *, *, #4572, .F. ) ;
#397 = CARTESIAN_POINT ( 'NONE',  ( 2.289999999999999600, -3.299999999999999800, 4.124999999999999100 ) ) ;
#398 = ADVANCED_FACE ( 'NONE', ( #4106 ), #1733, .T. ) ;
#399 = ORIENTED_EDGE ( 'NONE', *, *, #2772, .F. ) ;
#400 = LINE ( 'NONE', #4992, #5206 ) ;
#401 = EDGE_CURVE ( 'NONE', #6770, #1055, #5385, .T. ) ;
#402 = DIRECTION ( 'NONE',  ( 0.0000000000000000000, 5.027841771134210700E-016, -1.000000000000000000 ) ) ;
#403 = ORIENTED_EDGE ( 'NONE', *, *, #827, .T. ) ;
#404 = EDGE_CURVE ( 'NONE', #5501, #6334, #7290, .T. ) ;
#405 = COLOUR_RGB ( '',0.7921568627450980000, 0.8196078431372548800, 0.9333333333333333500 ) ;
#406 = ORIENTED_EDGE ( 'NONE', *, *, #4376, .F. ) ;
#407 = ORIENTED_EDGE ( 'NONE', *, *, #3252, .T. ) ;
#408 = VECTOR ( 'NONE', #4432, 1000.000000000000000 ) ;
#409 = CARTESIAN_POINT ( 'NONE',  ( 2.790000000000000000, -3.299999999999999800, -4.124999999999999100 ) ) ;
#410 = LINE ( 'NONE', #68, #3308 ) ;
#411 = FACE_OUTER_BOUND ( 'NONE', #3451, .T. ) ;
#412 = VERTEX_POINT ( 'NONE', #703 ) ;
#413 = CARTESIAN_POINT ( 'NONE',  ( 4.695277674973255900, -4.456522286123197600E-016, -4.375000000000000000 ) ) ;
#414 = ORIENTED_EDGE ( 'NONE', *, *, #6921, .T. ) ;
#415 = CARTESIAN_POINT ( 'NONE',  ( 1.779999999999999400, -5.051668046482832700E-016, -4.124999999999999100 ) ) ;
#416 = EDGE_LOOP ( 'NONE', ( #795, #5016, #7183, #6227, #6477, #6090, #3860, #5870 ) ) ;
#417 = CARTESIAN_POINT ( 'NONE',  ( -1.780000000000000200, 2.679999999999998800, -3.934500000000000300 ) ) ;
#418 = SURFACE_STYLE_USAGE ( .BOTH. , #3426 ) ;
#419 = LINE ( 'NONE', #5686, #7306 ) ;
#420 = DIRECTION ( 'NONE',  ( 0.0000000000000000000, 5.027841771134210700E-016, 1.000000000000000000 ) ) ;
#421 = CARTESIAN_POINT ( 'NONE',  ( -6.859999999999999400, 2.489499999999999200, 4.375000000000000000 ) ) ;
#422 = CARTESIAN_POINT ( 'NONE',  ( -4.830000000000001000, -3.299999999999999800, -4.124999999999999100 ) ) ;
#423 = DIRECTION ( 'NONE',  ( 0.0000000000000000000, -1.498163464873311700E-016, 1.000000000000000000 ) ) ;
#424 = VECTOR ( 'NONE', #6164, 1000.000000000000000 ) ;
#425 = ORIENTED_EDGE ( 'NONE', *, *, #2303, .F. ) ;
#426 = ORIENTED_EDGE ( 'NONE', *, *, #253, .T. ) ;
#427 = CARTESIAN_POINT ( 'NONE',  ( -4.695277674973257700, -3.794707603699265500E-016, 4.375000000000001800 ) ) ;
#428 = VERTEX_POINT ( 'NONE', #1215 ) ;
#429 = CARTESIAN_POINT ( 'NONE',  ( 5.330000000000000100, 2.489499999999999200, -4.125000000000000000 ) ) ;
#430 = VECTOR ( 'NONE', #7113, 1000.000000000000000 ) ;
#431 = CARTESIAN_POINT ( 'NONE',  ( 5.330000000000000100, 2.489499999999999200, 4.375000000000000000 ) ) ;
#432 = ORIENTED_EDGE ( 'NONE', *, *, #5402, .T. ) ;
#433 = CARTESIAN_POINT ( 'NONE',  ( 6.859999999999999400, -5.051668046482832700E-016, 4.124999999999999100 ) ) ;
#434 = ORIENTED_EDGE ( 'NONE', *, *, #4168, .T. ) ;
#435 = AXIS2_PLACEMENT_3D ( 'NONE', #6036, #794, #7172 ) ;
#436 = DIRECTION ( 'NONE',  ( -1.000000000000000000, -0.0000000000000000000, 0.0000000000000000000 ) ) ;
#437 = ADVANCED_FACE ( 'NONE', ( #2764 ), #1190, .T. ) ;
#438 = DIRECTION ( 'NONE',  ( -1.000000000000000000, -0.0000000000000000000, -0.0000000000000000000 ) ) ;
#439 = DIRECTION ( 'NONE',  ( 0.0000000000000000000, 1.000000000000000000, -3.484080088324578000E-016 ) ) ;
#440 = DIRECTION ( 'NONE',  ( -1.000000000000000000, -0.0000000000000000000, -0.0000000000000000000 ) ) ;
#441 = CARTESIAN_POINT ( 'NONE',  ( -4.320000000000001200, 2.929999999999999300, -3.550000000000002500 ) ) ;
#442 = EDGE_CURVE ( 'NONE', #2810, #5723, #678, .T. ) ;
#444 = DIRECTION ( 'NONE',  ( 0.0000000000000000000, 5.027841771134210700E-016, 1.000000000000000000 ) ) ;
#443 = VECTOR ( 'NONE', #2451, 1000.000000000000100 ) ;
#445 = EDGE_LOOP ( 'NONE', ( #2286, #1440, #4977, #1763, #2929, #1224, #4162, #2629 ) ) ;
#446 = DIRECTION ( 'NONE',  ( 0.0000000000000000000, 0.0000000000000000000, -1.000000000000000000 ) ) ;
#447 = CARTESIAN_POINT ( 'NONE',  ( 2.790000000000000000, 4.336808689942017700E-016, 4.375000000000000000 ) ) ;
#448 = EDGE_CURVE ( 'NONE', #924, #4041, #4569, .T. ) ;
#449 = CIRCLE ( 'NONE', #3815, 0.1904999999999997000 ) ;
#450 = VECTOR ( 'NONE', #7199, 1000.000000000000000 ) ;
#451 = LINE ( 'NONE', #6655, #1536 ) ;
#452 = ORIENTED_EDGE ( 'NONE', *, *, #1080, .F. ) ;
#453 = ORIENTED_EDGE ( 'NONE', *, *, #7348, .F. ) ;
#454 = VECTOR ( 'NONE', #4242, 1000.000000000000000 ) ;
#455 = EDGE_CURVE ( 'NONE', #5808, #1450, #1485, .T. ) ;
#456 = DIRECTION ( 'NONE',  ( 0.0000000000000000000, 1.000000000000000000, -3.484080088324578000E-016 ) ) ;
#457 = EDGE_LOOP ( 'NONE', ( #3150, #7380, #5514, #1881 ) ) ;
#458 = CARTESIAN_POINT ( 'NONE',  ( 0.7600000000000002300, 0.6500000000000028000, 4.375000000000000900 ) ) ;
#459 = EDGE_CURVE ( 'NONE', #3228, #5267, #4197, .T. ) ;
#460 = ORIENTED_EDGE ( 'NONE', *, *, #3489, .T. ) ;
#461 = CARTESIAN_POINT ( 'NONE',  ( 8.380000000000000800, 0.6500000000000026900, 4.124999999999999100 ) ) ;
#462 = VERTEX_POINT ( 'NONE', #3584 ) ;
#463 = CARTESIAN_POINT ( 'NONE',  ( 7.870000000000000100, 2.489499999999999200, -4.375000000000000000 ) ) ;
#464 = VECTOR ( 'NONE', #7462, 1000.000000000000000 ) ;
#465 = LINE ( 'NONE', #5012, #4255 ) ;
#466 = ORIENTED_EDGE ( 'NONE', *, *, #6393, .T. ) ;
#467 = DIRECTION ( 'NONE',  ( 0.8660254037844405900, 0.4999999999999967200, -2.513920885567089100E-016 ) ) ;
#468 = ORIENTED_EDGE ( 'NONE', *, *, #2259, .T. ) ;
#469 = ORIENTED_EDGE ( 'NONE', *, *, #1702, .T. ) ;
#470 = ORIENTED_EDGE ( 'NONE', *, *, #1312, .T. ) ;
#471 = VECTOR ( 'NONE', #2196, 1000.000000000000000 ) ;
#472 = LINE ( 'NONE', #3058, #4808 ) ;
#473 = DIRECTION ( 'NONE',  ( -1.000000000000000000, -0.0000000000000000000, -0.0000000000000000000 ) ) ;
#474 = ADVANCED_FACE ( 'NONE', ( #5476 ), #2380, .T. ) ;
#475 = ORIENTED_EDGE ( 'NONE', *, *, #4678, .T. ) ;
#476 = LINE ( 'NONE', #5230, #834 ) ;
#477 = FACE_OUTER_BOUND ( 'NONE', #3858, .T. ) ;
#478 = CARTESIAN_POINT ( 'NONE',  ( 8.380000000000000800, 2.489499999999999200, -3.934500000000000300 ) ) ;
#479 = CARTESIAN_POINT ( 'NONE',  ( 3.299999999999999800, 0.6500000000000025800, -3.934500000000001200 ) ) ;
#480 = VECTOR ( 'NONE', #2606, 1000.000000000000000 ) ;
#481 = FACE_OUTER_BOUND ( 'NONE', #112, .T. ) ;
#482 = CARTESIAN_POINT ( 'NONE',  ( 5.330000000000000100, -3.299999999999999800, -4.124999999999999100 ) ) ;
#483 = AXIS2_PLACEMENT_3D ( 'NONE', #5447, #7434, #6956 ) ;
#484 = EDGE_LOOP ( 'NONE', ( #3593, #679, #4612, #2856, #6455, #4707, #5627, #5642 ) ) ;
#485 = ORIENTED_EDGE ( 'NONE', *, *, #6810, .T. ) ;
#486 = EDGE_CURVE ( 'NONE', #6848, #5596, #5570, .T. ) ;
#487 = DIRECTION ( 'NONE',  ( 2.443272501375788900E-016, 0.0000000000000000000, 1.000000000000000000 ) ) ;
#488 = DIRECTION ( 'NONE',  ( -0.0000000000000000000, 5.027841771134210700E-016, 1.000000000000000000 ) ) ;
#489 = DIRECTION ( 'NONE',  ( 0.0000000000000000000, 5.027841771134210700E-016, 1.000000000000000000 ) ) ;
#490 = DIRECTION ( 'NONE',  ( 1.000000000000000000, 0.0000000000000000000, -0.0000000000000000000 ) ) ;
#491 = CARTESIAN_POINT ( 'NONE',  ( -0.7600000000000002300, 2.489499999999999200, -3.934500000000000300 ) ) ;
#492 = CARTESIAN_POINT ( 'NONE',  ( 2.790000000000000000, 2.679999999999999300, -3.550000000000002500 ) ) ;
#493 = ORIENTED_EDGE ( 'NONE', *, *, #123, .T. ) ;
#494 = AXIS2_PLACEMENT_3D ( 'NONE', #6050, #5464, #4809 ) ;
#495 = DIRECTION ( 'NONE',  ( 0.0000000000000000000, 0.0000000000000000000, 1.000000000000000000 ) ) ;
#496 = ORIENTED_EDGE ( 'NONE', *, *, #2633, .T. ) ;
#497 = ORIENTED_EDGE ( 'NONE', *, *, #5691, .F. ) ;
#498 = CARTESIAN_POINT ( 'NONE',  ( 3.299999999999999800, 0.6500000000000028000, 4.375000000000000900 ) ) ;
#499 = ORIENTED_EDGE ( 'NONE', *, *, #685, .F. ) ;
#500 = FACE_OUTER_BOUND ( 'NONE', #4180, .T. ) ;
#501 = DIRECTION ( 'NONE',  ( -0.0000000000000000000, -1.734723475976793500E-015, 1.000000000000000000 ) ) ;
#502 = DIRECTION ( 'NONE',  ( 0.0000000000000000000, -1.498163464873311700E-016, 1.000000000000000000 ) ) ;
#503 = CARTESIAN_POINT ( 'NONE',  ( 7.370000000000000100, -4.336808689942017700E-016, -3.934500000000001200 ) ) ;
#504 = VECTOR ( 'NONE', #1993, 1000.000000000000000 ) ;
#505 = ORIENTED_EDGE ( 'NONE', *, *, #246, .F. ) ;
#506 = ORIENTED_EDGE ( 'NONE', *, *, #2537, .T. ) ;
#507 = ORIENTED_EDGE ( 'NONE', *, *, #2209, .T. ) ;
#508 = ORIENTED_EDGE ( 'NONE', *, *, #1135, .T. ) ;
#509 = EDGE_CURVE ( 'NONE', #914, #6669, #3205, .T. ) ;
#510 = LINE ( 'NONE', #4537, #4663 ) ;
#511 = VECTOR ( 'NONE', #4644, 1000.000000000000000 ) ;
#512 = ORIENTED_EDGE ( 'NONE', *, *, #4734, .F. ) ;
#513 = EDGE_LOOP ( 'NONE', ( #1024, #1499, #4022, #7497, #5759, #2188, #547, #3219, #1182, #4282 ) ) ;
#514 = DIRECTION ( 'NONE',  ( 0.4999999999999967200, -0.8660254037844405900, 1.297447619602006200E-016 ) ) ;
#515 = ADVANCED_FACE ( 'NONE', ( #6672 ), #4739, .F. ) ;
#516 = DIRECTION ( 'NONE',  ( 1.000000000000000000, 0.0000000000000000000, -0.0000000000000000000 ) ) ;
#517 = CYLINDRICAL_SURFACE ( 'NONE', #522, 0.4404999999999998900 ) ;
#518 = DIRECTION ( 'NONE',  ( -0.0000000000000000000, -1.734723475976793500E-015, 1.000000000000000000 ) ) ;
#519 = PLANE ( 'NONE',  #1752 ) ;
#520 = ORIENTED_EDGE ( 'NONE', *, *, #4133, .T. ) ;
#521 = DIRECTION ( 'NONE',  ( 0.0000000000000000000, 1.127908631974522500E-015, -1.000000000000000000 ) ) ;
#522 = AXIS2_PLACEMENT_3D ( 'NONE', #2113, #941, #6180 ) ;
#523 = PLANE ( 'NONE',  #3668 ) ;
#524 = CARTESIAN_POINT ( 'NONE',  ( 0.7600000000000002300, 0.6500000000000025800, -3.934500000000001200 ) ) ;
#525 = ORIENTED_EDGE ( 'NONE', *, *, #7448, .F. ) ;
#526 = EDGE_CURVE ( 'NONE', #7471, #3562, #4011, .T. ) ;
#527 = DIRECTION ( 'NONE',  ( -1.000000000000000000, -0.0000000000000000000, 0.0000000000000000000 ) ) ;
#528 = VERTEX_POINT ( 'NONE', #2355 ) ;
#529 = AXIS2_PLACEMENT_3D ( 'NONE', #3057, #4751, #7090 ) ;
#530 = DIRECTION ( 'NONE',  ( -1.000000000000000000, -0.0000000000000000000, 0.0000000000000000000 ) ) ;
#531 = VECTOR ( 'NONE', #3646, 1000.000000000000000 ) ;
#532 = ORIENTED_EDGE ( 'NONE', *, *, #6641, .T. ) ;
#533 = ORIENTED_EDGE ( 'NONE', *, *, #3981, .F. ) ;
#534 = DIRECTION ( 'NONE',  ( -1.000000000000000000, -0.0000000000000000000, 0.0000000000000000000 ) ) ;
#535 = AXIS2_PLACEMENT_3D ( 'NONE', #3013, #2515, #6577 ) ;
#536 = VECTOR ( 'NONE', #3848, 1000.000000000000000 ) ;
#537 = AXIS2_PLACEMENT_3D ( 'NONE', #1871, #4715, #6508 ) ;
#538 = CARTESIAN_POINT ( 'NONE',  ( 0.7600000000000002300, -5.051668046482832700E-016, -4.124999999999999100 ) ) ;
#539 = CYLINDRICAL_SURFACE ( 'NONE', #1209, 0.4404999999999998900 ) ;
#540 = CARTESIAN_POINT ( 'NONE',  ( 2.289999999999999600, -4.336808689942017700E-016, 4.125000000000000000 ) ) ;
#541 = CYLINDRICAL_SURFACE ( 'NONE', #6918, 0.4404999999999998900 ) ;
#542 = ORIENTED_EDGE ( 'NONE', *, *, #6977, .F. ) ;
#543 = CARTESIAN_POINT ( 'NONE',  ( -5.330000000000001800, 2.489499999999999200, 4.375000000000000000 ) ) ;
#544 = LINE ( 'NONE', #1316, #718 ) ;
#545 = FACE_OUTER_BOUND ( 'NONE', #2661, .T. ) ;
#546 = LINE ( 'NONE', #4950, #803 ) ;
#547 = ORIENTED_EDGE ( 'NONE', *, *, #1470, .T. ) ;
#548 = CARTESIAN_POINT ( 'NONE',  ( -7.870000000000000100, -4.336808689942017700E-016, -4.125000000000000000 ) ) ;
#549 = CARTESIAN_POINT ( 'NONE',  ( 1.779999999999999400, 2.489499999999999200, -3.934500000000000300 ) ) ;
#550 = PLANE ( 'NONE',  #242 ) ;
#551 = EDGE_CURVE ( 'NONE', #342, #53, #2136, .T. ) ;
#552 = ORIENTED_EDGE ( 'NONE', *, *, #3361, .F. ) ;
#553 = ADVANCED_FACE ( 'NONE', ( #2490 ), #6510, .F. ) ;
#554 = SURFACE_STYLE_FILL_AREA ( #6497 ) ;
#555 = CIRCLE ( 'NONE', #4109, 0.1904999999999997000 ) ;
#556 = ORIENTED_EDGE ( 'NONE', *, *, #4420, .T. ) ;
#557 = DIRECTION ( 'NONE',  ( 0.0000000000000000000, -1.498163464873311700E-016, -1.000000000000000000 ) ) ;
#558 = ORIENTED_EDGE ( 'NONE', *, *, #7000, .F. ) ;
#559 = VERTEX_POINT ( 'NONE', #4136 ) ;
#560 = EDGE_CURVE ( 'NONE', #7495, #1826, #2670, .T. ) ;
#561 = CARTESIAN_POINT ( 'NONE',  ( -0.7600000000000002300, 2.489499999999999200, -4.125000000000000000 ) ) ;
#562 = VECTOR ( 'NONE', #2530, 1000.000000000000000 ) ;
#563 = EDGE_CURVE ( 'NONE', #4241, #5321, #2047, .T. ) ;
#564 = ADVANCED_FACE ( 'NONE', ( #3747 ), #2405, .T. ) ;
#565 = CARTESIAN_POINT ( 'NONE',  ( 6.859999999999999400, 2.489499999999999200, -3.934500000000000300 ) ) ;
#566 = DIRECTION ( 'NONE',  ( -0.0000000000000000000, 5.027841771134210700E-016, 1.000000000000000000 ) ) ;
#567 = ORIENTED_EDGE ( 'NONE', *, *, #1040, .F. ) ;
#568 = DIRECTION ( 'NONE',  ( 0.0000000000000000000, 1.127908631974522500E-015, 1.000000000000000000 ) ) ;
#569 = DIRECTION ( 'NONE',  ( 0.0000000000000000000, 1.000000000000000000, -5.027841771134210700E-016 ) ) ;
#570 = VERTEX_POINT ( 'NONE', #40 ) ;
#571 = SURFACE_STYLE_FILL_AREA ( #1508 ) ;
#572 = DIRECTION ( 'NONE',  ( 0.0000000000000000000, 1.000000000000000000, -1.127908631974522500E-015 ) ) ;
#573 = CARTESIAN_POINT ( 'NONE',  ( 8.380000000000000800, -5.051668046482832700E-016, 4.124999999999999100 ) ) ;
#574 = CIRCLE ( 'NONE', #922, 0.4404999999999998900 ) ;
#575 = PLANE ( 'NONE',  #1703 ) ;
#576 = ORIENTED_EDGE ( 'NONE', *, *, #5168, .T. ) ;
#577 = EDGE_CURVE ( 'NONE', #5580, #1478, #592, .T. ) ;
#578 = AXIS2_PLACEMENT_3D ( 'NONE', #5637, #5080, #6272 ) ;
#579 = FACE_OUTER_BOUND ( 'NONE', #4234, .T. ) ;
#580 = DIRECTION ( 'NONE',  ( 0.0000000000000000000, 0.0000000000000000000, 1.000000000000000000 ) ) ;
#581 = DIRECTION ( 'NONE',  ( 0.0000000000000000000, 5.027841771134210700E-016, -1.000000000000000000 ) ) ;
#582 = LINE ( 'NONE', #1746, #6838 ) ;
#583 = VERTEX_POINT ( 'NONE', #1401 ) ;
#584 = ORIENTED_EDGE ( 'NONE', *, *, #7417, .T. ) ;
#585 = VERTEX_POINT ( 'NONE', #222 ) ;
#586 = VECTOR ( 'NONE', #3888, 1000.000000000000000 ) ;
#587 = CARTESIAN_POINT ( 'NONE',  ( 3.299999999999999800, -3.794707603699265500E-016, -4.375000000000001800 ) ) ;
#588 = CLOSED_SHELL ( 'NONE', ( #626, #3692, #36, #7192, #6235, #5848, #6286, #5804, #5926, #4394, #1888, #6648, #66, #5602, #780, #564 ) ) ;
#589 = CARTESIAN_POINT ( 'NONE',  ( -2.790000000000000900, -3.299999999999999800, -4.124999999999999100 ) ) ;
#590 = ADVANCED_FACE ( 'NONE', ( #5212 ), #3680, .F. ) ;
#591 = ORIENTED_EDGE ( 'NONE', *, *, #707, .F. ) ;
#592 = LINE ( 'NONE', #7177, #6572 ) ;
#593 = CARTESIAN_POINT ( 'NONE',  ( -6.859999999999999400, 0.6500000000000026900, -4.124999999999999100 ) ) ;
#594 = ORIENTED_EDGE ( 'NONE', *, *, #526, .F. ) ;
#595 = DIRECTION ( 'NONE',  ( 0.0000000000000000000, 1.000000000000000000, 3.484080088324578000E-016 ) ) ;
#596 = ORIENTED_EDGE ( 'NONE', *, *, #3174, .T. ) ;
#597 = EDGE_CURVE ( 'NONE', #2563, #2115, #855, .T. ) ;
#598 = DIRECTION ( 'NONE',  ( -0.0000000000000000000, 1.000000000000000000, 1.498163464873311500E-016 ) ) ;
#599 = EDGE_CURVE ( 'NONE', #4492, #3196, #5298, .T. ) ;
#600 = MECHANICAL_DESIGN_GEOMETRIC_PRESENTATION_REPRESENTATION (  '', ( #868 ), #5002 ) ;
#601 = PLANE ( 'NONE',  #1430 ) ;
#602 = ADVANCED_FACE ( 'NONE', ( #5677 ), #4188, .F. ) ;
#603 = VECTOR ( 'NONE', #4824, 1000.000000000000000 ) ;
#604 = ORIENTED_EDGE ( 'NONE', *, *, #4552, .F. ) ;
#605 = ORIENTED_EDGE ( 'NONE', *, *, #843, .F. ) ;
#606 = CARTESIAN_POINT ( 'NONE',  ( -2.790000000000000900, -4.336808689942017700E-016, -4.125000000000000000 ) ) ;
#607 = VERTEX_POINT ( 'NONE', #3033 ) ;
#608 = AXIS2_PLACEMENT_3D ( 'NONE', #3528, #3483, #6992 ) ;
#609 = VECTOR ( 'NONE', #993, 1000.000000000000100 ) ;
#610 = ORIENTED_EDGE ( 'NONE', *, *, #5638, .F. ) ;
#611 = DIRECTION ( 'NONE',  ( 0.4999999999999967200, -0.8660254037844405900, -1.297447619602006200E-016 ) ) ;
#612 = ORIENTED_EDGE ( 'NONE', *, *, #2963, .T. ) ;
#613 = DIRECTION ( 'NONE',  ( 0.0000000000000000000, 1.000000000000000000, -5.027841771134210700E-016 ) ) ;
#614 = CARTESIAN_POINT ( 'NONE',  ( 5.839999999999999900, 2.929999999999999300, -3.550000000000002500 ) ) ;
#615 = CARTESIAN_POINT ( 'NONE',  ( 3.299999999999999800, -3.794707603699265500E-016, 4.375000000000001800 ) ) ;
#616 = AXIS2_PLACEMENT_3D ( 'NONE', #6483, #2994, #4156 ) ;
#617 = ORIENTED_EDGE ( 'NONE', *, *, #2247, .T. ) ;
#618 = ORIENTED_EDGE ( 'NONE', *, *, #2152, .T. ) ;
#619 = EDGE_CURVE ( 'NONE', #7058, #7495, #5286, .T. ) ;
#620 = CARTESIAN_POINT ( 'NONE',  ( -9.428628160470724500, 4.669999999999997300, -0.8900000000000002400 ) ) ;
#621 = DIRECTION ( 'NONE',  ( -0.4999999999999967200, 0.8660254037844405900, -1.297447619602006000E-016 ) ) ;
#622 = DIRECTION ( 'NONE',  ( 0.0000000000000000000, 1.000000000000000000, -3.484080088324578000E-016 ) ) ;
#623 = FACE_OUTER_BOUND ( 'NONE', #4976, .T. ) ;
#624 = ORIENTED_EDGE ( 'NONE', *, *, #3526, .F. ) ;
#625 = MECHANICAL_DESIGN_GEOMETRIC_PRESENTATION_REPRESENTATION (  '', ( #5043 ), #1014 ) ;
#626 = ADVANCED_FACE ( 'NONE', ( #3737 ), #3103, .T. ) ;
#627 = VECTOR ( 'NONE', #2567, 1000.000000000000000 ) ;
#628 = VECTOR ( 'NONE', #2131, 1000.000000000000000 ) ;
#629 = ORIENTED_EDGE ( 'NONE', *, *, #4756, .T. ) ;
#630 = CARTESIAN_POINT ( 'NONE',  ( 4.319999999999999400, 2.489499999999999200, -3.934500000000000300 ) ) ;
#631 = EDGE_CURVE ( 'NONE', #1417, #7119, #6479, .T. ) ;
#632 = CARTESIAN_POINT ( 'NONE',  ( 8.004722325026744300, -3.794707603699265500E-016, 4.375000000000001800 ) ) ;
#633 = FACE_OUTER_BOUND ( 'NONE', #5382, .T. ) ;
#634 = CARTESIAN_POINT ( 'NONE',  ( 5.839999999999999900, 2.489499999999999200, 3.934500000000000300 ) ) ;
#635 = EDGE_LOOP ( 'NONE', ( #6225, #7227, #4798, #6741 ) ) ;
#636 = EDGE_CURVE ( 'NONE', #6322, #723, #5466, .T. ) ;
#637 = FACE_OUTER_BOUND ( 'NONE', #6002, .T. ) ;
#638 = DIRECTION ( 'NONE',  ( 0.0000000000000000000, 1.000000000000000000, 1.734723475976793700E-015 ) ) ;
#639 = EDGE_CURVE ( 'NONE', #6786, #1851, #2658, .T. ) ;
#640 = CARTESIAN_POINT ( 'NONE',  ( 2.790000000000000000, 2.489499999999999200, -4.125000000000000000 ) ) ;
#641 = EDGE_CURVE ( 'NONE', #145, #6299, #218, .T. ) ;
#642 = ORIENTED_EDGE ( 'NONE', *, *, #880, .F. ) ;
#643 = EDGE_LOOP ( 'NONE', ( #6342, #6126, #224, #3029, #1151, #7349, #3749, #1399 ) ) ;
#644 = EDGE_LOOP ( 'NONE', ( #6230, #4827, #4533, #4776 ) ) ;
#645 = VECTOR ( 'NONE', #2417, 1000.000000000000000 ) ;
#646 = CARTESIAN_POINT ( 'NONE',  ( 6.859999999999999400, 2.489499999999999200, 3.934500000000000300 ) ) ;
#647 = ORIENTED_EDGE ( 'NONE', *, *, #241, .T. ) ;
#648 = CYLINDRICAL_SURFACE ( 'NONE', #673, 0.4404999999999998900 ) ;
#649 = UNCERTAINTY_MEASURE_WITH_UNIT (LENGTH_MEASURE( 1.000000000000000100E-005 ), #5972, 'distance_accuracy_value', 'NONE');
#650 = ORIENTED_EDGE ( 'NONE', *, *, #6066, .T. ) ;
#651 = VECTOR ( 'NONE', #4631, 1000.000000000000000 ) ;
#652 = LINE ( 'NONE', #6275, #2118 ) ;
#653 = AXIS2_PLACEMENT_3D ( 'NONE', #4466, #1557, #5029 ) ;
#654 = VECTOR ( 'NONE', #1862, 1000.000000000000000 ) ;
#655 = PLANE ( 'NONE',  #3845 ) ;
#656 = VECTOR ( 'NONE', #7276, 1000.000000000000000 ) ;
#657 = EDGE_LOOP ( 'NONE', ( #4485, #5652, #1392, #760 ) ) ;
#658 = DIRECTION ( 'NONE',  ( 1.000000000000000000, 0.0000000000000000000, -0.0000000000000000000 ) ) ;
#659 = ADVANCED_FACE ( 'NONE', ( #50 ), #177, .T. ) ;
#660 = DIRECTION ( 'NONE',  ( 0.0000000000000000000, 1.000000000000000000, 5.027841771134210700E-016 ) ) ;
#661 = ORIENTED_EDGE ( 'NONE', *, *, #2576, .T. ) ;
#662 =( GEOMETRIC_REPRESENTATION_CONTEXT ( 3 ) GLOBAL_UNCERTAINTY_ASSIGNED_CONTEXT ( ( #7390 ) ) GLOBAL_UNIT_ASSIGNED_CONTEXT ( ( #6295, #5056, #7381 ) ) REPRESENTATION_CONTEXT ( 'NONE', 'WORKASPACE' ) );
#663 = CARTESIAN_POINT ( 'NONE',  ( 6.859999999999999400, 2.679999999999998800, 3.934500000000000300 ) ) ;
#664 = PLANE ( 'NONE',  #3515 ) ;
#665 = DIRECTION ( 'NONE',  ( -1.000000000000000000, -0.0000000000000000000, -0.0000000000000000000 ) ) ;
#666 = CARTESIAN_POINT ( 'NONE',  ( -7.370000000000000100, 4.336808689942017700E-016, 4.375000000000000000 ) ) ;
#668 = VERTEX_POINT ( 'NONE', #5362 ) ;
#667 = DIRECTION ( 'NONE',  ( -0.0000000000000000000, -1.734723475976793500E-015, 1.000000000000000000 ) ) ;
#669 = ORIENTED_EDGE ( 'NONE', *, *, #5790, .F. ) ;
#670 = ORIENTED_EDGE ( 'NONE', *, *, #1988, .F. ) ;
#671 = ORIENTED_EDGE ( 'NONE', *, *, #1970, .T. ) ;
#672 = PLANE ( 'NONE',  #5968 ) ;
#673 = AXIS2_PLACEMENT_3D ( 'NONE', #255, #7110, #1307 ) ;
#674 = FACE_OUTER_BOUND ( 'NONE', #6224, .T. ) ;
#675 = ORIENTED_EDGE ( 'NONE', *, *, #4782, .T. ) ;
#676 = PLANE ( 'NONE',  #537 ) ;
#677 = ORIENTED_EDGE ( 'NONE', *, *, #46, .F. ) ;
#678 = LINE ( 'NONE', #4693, #1858 ) ;
#679 = ORIENTED_EDGE ( 'NONE', *, *, #6841, .T. ) ;
#680 = DIRECTION ( 'NONE',  ( 1.000000000000000000, 0.0000000000000000000, 0.0000000000000000000 ) ) ;
#681 = DIRECTION ( 'NONE',  ( -0.0000000000000000000, 5.027841771134210700E-016, 1.000000000000000000 ) ) ;
#682 = VECTOR ( 'NONE', #2478, 1000.000000000000000 ) ;
#683 = VERTEX_POINT ( 'NONE', #1320 ) ;
#684 = VERTEX_POINT ( 'NONE', #1897 ) ;
#685 = EDGE_CURVE ( 'NONE', #1599, #6360, #1675, .T. ) ;
#686 = CARTESIAN_POINT ( 'NONE',  ( 2.790000000000000000, 2.489499999999999200, 4.375000000000000000 ) ) ;
#687 = AXIS2_PLACEMENT_3D ( 'NONE', #5737, #516, #7482 ) ;
#688 = DIRECTION ( 'NONE',  ( 0.4999999999999967200, -0.8660254037844405900, -1.297447619602006200E-016 ) ) ;
#689 = VECTOR ( 'NONE', #7427, 1000.000000000000000 ) ;
#690 = CARTESIAN_POINT ( 'NONE',  ( -3.300000000000000700, 2.489499999999999200, 4.375000000000000000 ) ) ;
#691 = ORIENTED_EDGE ( 'NONE', *, *, #6667, .F. ) ;
#692 =( NAMED_UNIT ( * ) SI_UNIT ( $, .STERADIAN. ) SOLID_ANGLE_UNIT ( ) );
#693 = DIRECTION ( 'NONE',  ( 0.0000000000000000000, 0.0000000000000000000, -1.000000000000000000 ) ) ;
#694 = VECTOR ( 'NONE', #7186, 1000.000000000000000 ) ;
#695 = CARTESIAN_POINT ( 'NONE',  ( 5.839999999999999900, 0.6500000000000025800, -4.125000000000000000 ) ) ;
#696 = AXIS2_PLACEMENT_3D ( 'NONE', #2264, #6317, #3423 ) ;
#697 = ADVANCED_FACE ( 'NONE', ( #4929 ), #3662, .T. ) ;
#698 = VERTEX_POINT ( 'NONE', #6610 ) ;
#699 = EDGE_LOOP ( 'NONE', ( #140, #6098, #499, #3624 ) ) ;
#700 = ADVANCED_FACE ( 'NONE', ( #6226 ), #3304, .T. ) ;
#701 = CARTESIAN_POINT ( 'NONE',  ( -5.464722325026745200, -5.051668046482832700E-016, 4.124999999999999100 ) ) ;
#702 = ADVANCED_FACE ( 'NONE', ( #4187 ), #1005, .F. ) ;
#703 = CARTESIAN_POINT ( 'NONE',  ( 10.00000000000000200, 2.929999999999999300, -3.549999999999997200 ) ) ;
#704 = VECTOR ( 'NONE', #5312, 1000.000000000000000 ) ;
#705 = VERTEX_POINT ( 'NONE', #5610 ) ;
#706 = CARTESIAN_POINT ( 'NONE',  ( -10.00000000000002300, 2.679999999999999300, 3.550000000000002900 ) ) ;
#707 = EDGE_CURVE ( 'NONE', #6177, #2685, #4729, .T. ) ;
#708 = CARTESIAN_POINT ( 'NONE',  ( -4.830000000000001000, 2.489499999999999200, -4.125000000000000000 ) ) ;
#709 = AXIS2_PLACEMENT_3D ( 'NONE', #6981, #3456, #6344 ) ;
#710 = ORIENTED_EDGE ( 'NONE', *, *, #1991, .F. ) ;
#711 = VECTOR ( 'NONE', #293, 1000.000000000000000 ) ;
#712 = VECTOR ( 'NONE', #1986, 1000.000000000000000 ) ;
#713 = FACE_OUTER_BOUND ( 'NONE', #5693, .T. ) ;
#714 = ORIENTED_EDGE ( 'NONE', *, *, #5803, .F. ) ;
#715 = PLANE ( 'NONE',  #6010 ) ;
#716 = CARTESIAN_POINT ( 'NONE',  ( -2.290000000000000500, -3.299999999999999400, -4.375000000000000900 ) ) ;
#717 = CARTESIAN_POINT ( 'NONE',  ( -10.00000000000002500, 2.929999999999999300, -3.549999999999985600 ) ) ;
#718 = VECTOR ( 'NONE', #3046, 1000.000000000000100 ) ;
#719 = AXIS2_PLACEMENT_3D ( 'NONE', #4402, #3180, #3785 ) ;
#720 = VECTOR ( 'NONE', #1850, 1000.000000000000000 ) ;
#721 = FACE_OUTER_BOUND ( 'NONE', #5964, .T. ) ;
#722 = ORIENTED_EDGE ( 'NONE', *, *, #1565, .F. ) ;
#723 = VERTEX_POINT ( 'NONE', #6842 ) ;
#724 = VERTEX_POINT ( 'NONE', #6813 ) ;
#725 = PLANE ( 'NONE',  #4412 ) ;
#726 = LINE ( 'NONE', #6544, #3798 ) ;
#727 = DIRECTION ( 'NONE',  ( -1.000000000000000000, -0.0000000000000000000, -0.0000000000000000000 ) ) ;
#728 = ORIENTED_EDGE ( 'NONE', *, *, #2293, .T. ) ;
#729 = EDGE_CURVE ( 'NONE', #4859, #973, #2753, .T. ) ;
#730 = CARTESIAN_POINT ( 'NONE',  ( -0.3847223250267439200, -3.794707603699265500E-016, -4.375000000000001800 ) ) ;
#731 = ORIENTED_EDGE ( 'NONE', *, *, #5889, .F. ) ;
#732 = ORIENTED_EDGE ( 'NONE', *, *, #6723, .T. ) ;
#733 = EDGE_CURVE ( 'NONE', #2541, #4634, #3018, .T. ) ;
#734 = ORIENTED_EDGE ( 'NONE', *, *, #4517, .T. ) ;
#735 = VECTOR ( 'NONE', #6653, 1000.000000000000000 ) ;
#736 = DIRECTION ( 'NONE',  ( -1.000000000000000000, -0.0000000000000000000, 0.0000000000000000000 ) ) ;
#737 = VECTOR ( 'NONE', #1263, 1000.000000000000000 ) ;
#738 = CARTESIAN_POINT ( 'NONE',  ( 6.859999999999999400, 2.489499999999999200, -3.934500000000000300 ) ) ;
#739 = EDGE_LOOP ( 'NONE', ( #2033, #6714, #7325, #3419 ) ) ;
#740 = CARTESIAN_POINT ( 'NONE',  ( -3.300000000000000700, 2.489499999999999200, 3.934500000000000300 ) ) ;
#741 = EDGE_CURVE ( 'NONE', #4241, #6021, #5940, .T. ) ;
#742 = VERTEX_POINT ( 'NONE', #3276 ) ;
#743 = LINE ( 'NONE', #4341, #198 ) ;
#744 = CARTESIAN_POINT ( 'NONE',  ( -4.320000000000001200, 2.929999999999999300, -3.934500000000000300 ) ) ;
#745 = DIRECTION ( 'NONE',  ( 0.0000000000000000000, 0.0000000000000000000, -1.000000000000000000 ) ) ;
#746 = ADVANCED_FACE ( 'NONE', ( #5757 ), #6216, .F. ) ;
#747 = VECTOR ( 'NONE', #6753, 1000.000000000000000 ) ;
#748 = EDGE_CURVE ( 'NONE', #5343, #6048, #3391, .T. ) ;
#749 = MANIFOLD_SOLID_BREP ( 'LPattern1[5]', #6368 ) ;
#750 = ORIENTED_EDGE ( 'NONE', *, *, #5434, .T. ) ;
#751 = FACE_OUTER_BOUND ( 'NONE', #3936, .T. ) ;
#752 = PLANE ( 'NONE',  #5932 ) ;
#753 = VERTEX_POINT ( 'NONE', #6789 ) ;
#754 = DIRECTION ( 'NONE',  ( 1.000000000000000000, 0.0000000000000000000, -0.0000000000000000000 ) ) ;
#755 = CARTESIAN_POINT ( 'NONE',  ( 5.839999999999999900, -5.051668046482832700E-016, -4.124999999999999100 ) ) ;
#756 = DIRECTION ( 'NONE',  ( -1.000000000000000000, -0.0000000000000000000, -0.0000000000000000000 ) ) ;
#757 = AXIS2_PLACEMENT_3D ( 'NONE', #538, #37, #5238 ) ;
#758 = VERTEX_POINT ( 'NONE', #2675 ) ;
#759 = CARTESIAN_POINT ( 'NONE',  ( 4.695277674973255900, -5.051668046482832700E-016, 4.124999999999999100 ) ) ;
#760 = ORIENTED_EDGE ( 'NONE', *, *, #5851, .F. ) ;
#761 = DIRECTION ( 'NONE',  ( 0.0000000000000000000, 1.000000000000000000, 5.027841771134210700E-016 ) ) ;
#762 = COLOUR_RGB ( '',0.7921568627450980000, 0.8196078431372548800, 0.9333333333333333500 ) ;
#763 = CARTESIAN_POINT ( 'NONE',  ( -10.00000000000002500, 2.679999999999999300, -3.549999999999985600 ) ) ;
#764 = PLANE ( 'NONE',  #4211 ) ;
#765 = ORIENTED_EDGE ( 'NONE', *, *, #1418, .F. ) ;
#766 = AXIS2_PLACEMENT_3D ( 'NONE', #4600, #7411, #1711 ) ;
#767 = ORIENTED_EDGE ( 'NONE', *, *, #1277, .T. ) ;
#768 = DIRECTION ( 'NONE',  ( 0.0000000000000000000, -1.000000000000000000, 0.0000000000000000000 ) ) ;
#769 = CARTESIAN_POINT ( 'NONE',  ( 4.319999999999999400, 0.6500000000000048000, 4.375000000000000900 ) ) ;
#770 = CARTESIAN_POINT ( 'NONE',  ( -7.870000000000000100, 2.489499999999999200, 4.375000000000000000 ) ) ;
#771 = LINE ( 'NONE', #3543, #7391 ) ;
#772 = VECTOR ( 'NONE', #6150, 1000.000000000000000 ) ;
#773 = ORIENTED_EDGE ( 'NONE', *, *, #4999, .F. ) ;
#774 = ORIENTED_EDGE ( 'NONE', *, *, #4178, .T. ) ;
#775 = ORIENTED_EDGE ( 'NONE', *, *, #7002, .F. ) ;
#776 = CARTESIAN_POINT ( 'NONE',  ( 2.289999999999999600, -4.336808689942017700E-016, -3.934500000000001200 ) ) ;
#777 = DIRECTION ( 'NONE',  ( 0.0000000000000000000, -1.000000000000000000, 1.498163464873311500E-016 ) ) ;
#778 = ORIENTED_EDGE ( 'NONE', *, *, #7437, .F. ) ;
#779 = CARTESIAN_POINT ( 'NONE',  ( 5.330000000000000100, 2.929999999999999300, -3.934500000000000300 ) ) ;
#780 = ADVANCED_FACE ( 'NONE', ( #1941 ), #953, .F. ) ;
#781 = CARTESIAN_POINT ( 'NONE',  ( -7.370000000000000100, -4.336808689942017700E-016, -3.934500000000001200 ) ) ;
#782 = FILL_AREA_STYLE_COLOUR ( '', #2889 ) ;
#783 = EDGE_CURVE ( 'NONE', #7505, #999, #3931, .T. ) ;
#784 = EDGE_LOOP ( 'NONE', ( #3020, #2891, #4379, #3835 ) ) ;
#785 = PLANE ( 'NONE',  #494 ) ;
#786 = VERTEX_POINT ( 'NONE', #3896 ) ;
#787 = ADVANCED_FACE ( 'NONE', ( #7296 ), #2773, .F. ) ;
#788 = ORIENTED_EDGE ( 'NONE', *, *, #843, .T. ) ;
#789 = FILL_AREA_STYLE_COLOUR ( '', #5836 ) ;
#790 = CARTESIAN_POINT ( 'NONE',  ( 7.235277674973255900, -5.051668046482832700E-016, -4.124999999999999100 ) ) ;
#791 = VERTEX_POINT ( 'NONE', #5112 ) ;
#792 = AXIS2_PLACEMENT_3D ( 'NONE', #6940, #6386, #1715 ) ;
#793 = LINE ( 'NONE', #1574, #1338 ) ;
#794 = DIRECTION ( 'NONE',  ( -1.000000000000000000, -0.0000000000000000000, 0.0000000000000000000 ) ) ;
#795 = ORIENTED_EDGE ( 'NONE', *, *, #1813, .F. ) ;
#796 = DIRECTION ( 'NONE',  ( 0.0000000000000000000, -0.0000000000000000000, -1.000000000000000000 ) ) ;
#797 = CARTESIAN_POINT ( 'NONE',  ( -1.780000000000000200, 2.679999999999999300, 3.550000000000002500 ) ) ;
#798 = CARTESIAN_POINT ( 'NONE',  ( -8.004722325026744300, -5.051668046482832700E-016, 4.124999999999999100 ) ) ;
#799 = DIRECTION ( 'NONE',  ( 0.0000000000000000000, 0.0000000000000000000, 1.000000000000000000 ) ) ;
#800 = LINE ( 'NONE', #2051, #1426 ) ;
#801 = CARTESIAN_POINT ( 'NONE',  ( 0.2500000000000002200, -3.299999999999999800, 4.124999999999999100 ) ) ;
#802 = LINE ( 'NONE', #149, #893 ) ;
#803 = VECTOR ( 'NONE', #6140, 1000.000000000000000 ) ;
#804 = VERTEX_POINT ( 'NONE', #6960 ) ;
#805 = DIRECTION ( 'NONE',  ( -1.000000000000000000, -0.0000000000000000000, -0.0000000000000000000 ) ) ;
#806 = VECTOR ( 'NONE', #1877, 1000.000000000000000 ) ;
#807 = CARTESIAN_POINT ( 'NONE',  ( 5.839999999999999900, -5.051668046482832700E-016, -4.124999999999999100 ) ) ;
#808 = SURFACE_STYLE_FILL_AREA ( #5358 ) ;
#809 = ORIENTED_EDGE ( 'NONE', *, *, #3975, .T. ) ;
#810 = CARTESIAN_POINT ( 'NONE',  ( -4.320000000000001200, 2.489499999999999200, -4.375000000000000000 ) ) ;
#811 = ADVANCED_FACE ( 'NONE', ( #318 ), #2123, .F. ) ;
#812 = ORIENTED_EDGE ( 'NONE', *, *, #6302, .T. ) ;
#813 = DIRECTION ( 'NONE',  ( 0.0000000000000000000, 0.0000000000000000000, 1.000000000000000000 ) ) ;
#814 = AXIS2_PLACEMENT_3D ( 'NONE', #6012, #5479, #294 ) ;
#815 = ORIENTED_EDGE ( 'NONE', *, *, #4702, .T. ) ;
#816 = CARTESIAN_POINT ( 'NONE',  ( 0.7600000000000002300, 0.6500000000000025800, 4.125000000000000000 ) ) ;
#817 = LINE ( 'NONE', #4673, #2362 ) ;
#818 = LINE ( 'NONE', #3373, #1099 ) ;
#819 = DIRECTION ( 'NONE',  ( 0.0000000000000000000, 0.0000000000000000000, -1.000000000000000000 ) ) ;
#820 = DIRECTION ( 'NONE',  ( -1.000000000000000000, -0.0000000000000000000, 0.0000000000000000000 ) ) ;
#821 = ADVANCED_FACE ( 'NONE', ( #4488 ), #6052, .T. ) ;
#822 = ORIENTED_EDGE ( 'NONE', *, *, #5889, .T. ) ;
#823 = EDGE_CURVE ( 'NONE', #3166, #5776, #1596, .T. ) ;
#824 = VERTEX_POINT ( 'NONE', #4021 ) ;
#825 = FACE_OUTER_BOUND ( 'NONE', #6296, .T. ) ;
#826 = ORIENTED_EDGE ( 'NONE', *, *, #5211, .F. ) ;
#827 = EDGE_CURVE ( 'NONE', #6548, #1304, #6331, .T. ) ;
#828 = AXIS2_PLACEMENT_3D ( 'NONE', #5955, #119, #1884 ) ;
#829 = FACE_OUTER_BOUND ( 'NONE', #2514, .T. ) ;
#830 = DIRECTION ( 'NONE',  ( 1.000000000000000000, 0.0000000000000000000, -0.0000000000000000000 ) ) ;
#831 = DIRECTION ( 'NONE',  ( 0.8660254037844399300, -0.4999999999999977200, 2.513920885567094000E-016 ) ) ;
#832 = CARTESIAN_POINT ( 'NONE',  ( -7.370000000000000100, -3.299999999999999800, 4.124999999999999100 ) ) ;
#833 = ORIENTED_EDGE ( 'NONE', *, *, #3106, .T. ) ;
#834 = VECTOR ( 'NONE', #6427, 1000.000000000000000 ) ;
#835 = LINE ( 'NONE', #3430, #5365 ) ;
#836 = VECTOR ( 'NONE', #5956, 1000.000000000000000 ) ;
#837 = EDGE_CURVE ( 'NONE', #1003, #2763, #7200, .T. ) ;
#838 = LINE ( 'NONE', #4338, #4179 ) ;
#839 = CARTESIAN_POINT ( 'NONE',  ( -4.320000000000001200, 2.929999999999999300, 3.550000000000002500 ) ) ;
#840 = CARTESIAN_POINT ( 'NONE',  ( -7.370000000000000100, 2.929999999999999300, -3.550000000000002500 ) ) ;
#841 = DIRECTION ( 'NONE',  ( 1.000000000000000000, 0.0000000000000000000, -0.0000000000000000000 ) ) ;
#842 = DIRECTION ( 'NONE',  ( 0.0000000000000000000, 5.027841771134210700E-016, -1.000000000000000000 ) ) ;
#843 = EDGE_CURVE ( 'NONE', #3486, #2121, #4016, .T. ) ;
#844 = DIRECTION ( 'NONE',  ( 0.0000000000000000000, -0.0000000000000000000, -1.000000000000000000 ) ) ;
#845 = CARTESIAN_POINT ( 'NONE',  ( 9.714314080235354300, 5.099999999999997000, 3.264314080235353200 ) ) ;
#846 = CARTESIAN_POINT ( 'NONE',  ( 7.870000000000000100, 2.929999999999999300, -3.550000000000002500 ) ) ;
#847 = ORIENTED_EDGE ( 'NONE', *, *, #6718, .F. ) ;
#848 = CARTESIAN_POINT ( 'NONE',  ( -8.380000000000000800, 0.6500000000000045700, 3.934500000000001200 ) ) ;
#849 = VERTEX_POINT ( 'NONE', #7493 ) ;
#850 = CARTESIAN_POINT ( 'NONE',  ( 0.7600000000000002300, 2.929999999999999300, 3.934500000000000300 ) ) ;
#851 = EDGE_LOOP ( 'NONE', ( #6761, #5363, #2068, #4606 ) ) ;
#852 = DIRECTION ( 'NONE',  ( 0.0000000000000000000, 0.0000000000000000000, 1.000000000000000000 ) ) ;
#853 = FACE_OUTER_BOUND ( 'NONE', #7441, .T. ) ;
#854 = VERTEX_POINT ( 'NONE', #1173 ) ;
#855 = LINE ( 'NONE', #6045, #6855 ) ;
#856 = CARTESIAN_POINT ( 'NONE',  ( 1.779999999999999400, 2.489499999999999200, 4.375000000000000000 ) ) ;
#857 = ORIENTED_EDGE ( 'NONE', *, *, #4273, .F. ) ;
#858 = LINE ( 'NONE', #1256, #682 ) ;
#859 = AXIS2_PLACEMENT_3D ( 'NONE', #6906, #3485, #4620 ) ;
#860 = EDGE_LOOP ( 'NONE', ( #190, #6420, #1512, #6424, #7343, #3816, #5563, #6123 ) ) ;
#861 = CARTESIAN_POINT ( 'NONE',  ( -9.770924654197955300, 4.669999999999997300, -3.549999999999985600 ) ) ;
#862 = VERTEX_POINT ( 'NONE', #548 ) ;
#863 = PLANE ( 'NONE',  #1774 ) ;
#864 = DIRECTION ( 'NONE',  ( 0.0000000000000000000, -0.0000000000000000000, 1.000000000000000000 ) ) ;
#865 = DIRECTION ( 'NONE',  ( -2.443272501375785000E-016, -0.0000000000000000000, -1.000000000000000000 ) ) ;
#866 = CARTESIAN_POINT ( 'NONE',  ( 1.779999999999999400, 2.489499999999999200, 4.125000000000000000 ) ) ;
#867 = VERTEX_POINT ( 'NONE', #3950 ) ;
#868 = STYLED_ITEM ( 'NONE', ( #3799 ), #6383 ) ;
#869 = CARTESIAN_POINT ( 'NONE',  ( 2.790000000000000000, 2.489499999999999200, 3.934500000000000300 ) ) ;
#870 = ORIENTED_EDGE ( 'NONE', *, *, #3910, .T. ) ;
#871 = CARTESIAN_POINT ( 'NONE',  ( -7.370000000000000100, -3.299999999999999800, -4.124999999999999100 ) ) ;
#872 = DIRECTION ( 'NONE',  ( -1.000000000000000000, -0.0000000000000000000, -0.0000000000000000000 ) ) ;
#873 = CARTESIAN_POINT ( 'NONE',  ( -4.320000000000001200, 2.929999999999999300, 3.934500000000000300 ) ) ;
#874 = EDGE_LOOP ( 'NONE', ( #5183, #1060, #4591, #1340, #1408, #3712, #7141, #3216 ) ) ;
#875 = VERTEX_POINT ( 'NONE', #4583 ) ;
#876 = PLANE ( 'NONE',  #3175 ) ;
#877 = UNCERTAINTY_MEASURE_WITH_UNIT (LENGTH_MEASURE( 1.000000000000000100E-005 ), #2083, 'distance_accuracy_value', 'NONE');
#878 = ORIENTED_EDGE ( 'NONE', *, *, #459, .F. ) ;
#879 = CARTESIAN_POINT ( 'NONE',  ( 4.319999999999999400, 2.489499999999999200, 4.375000000000000000 ) ) ;
#880 = EDGE_CURVE ( 'NONE', #978, #2779, #3574, .T. ) ;
#881 = EDGE_LOOP ( 'NONE', ( #434, #4668, #4500, #2108 ) ) ;
#882 = SURFACE_STYLE_USAGE ( .BOTH. , #5575 ) ;
#883 = EDGE_CURVE ( 'NONE', #6378, #6511, #1230, .T. ) ;
#884 = VECTOR ( 'NONE', #4960, 1000.000000000000000 ) ;
#885 = ORIENTED_EDGE ( 'NONE', *, *, #196, .F. ) ;
#886 = DIRECTION ( 'NONE',  ( -1.000000000000000000, -0.0000000000000000000, 5.854691731421716100E-016 ) ) ;
#887 = PLANE ( 'NONE',  #4714 ) ;
#888 = DIRECTION ( 'NONE',  ( 0.0000000000000000000, 1.000000000000000000, 0.0000000000000000000 ) ) ;
#889 = CARTESIAN_POINT ( 'NONE',  ( 8.380000000000000800, 2.679999999999999300, -3.550000000000002500 ) ) ;
#890 = CARTESIAN_POINT ( 'NONE',  ( 0.0000000000000000000, 0.5100000000000000100, 0.0000000000000000000 ) ) ;
#891 = LINE ( 'NONE', #2617, #169 ) ;
#892 = EDGE_CURVE ( 'NONE', #7037, #5767, #2054, .T. ) ;
#893 = VECTOR ( 'NONE', #126, 1000.000000000000000 ) ;
#894 = LINE ( 'NONE', #1883, #5894 ) ;
#895 = ORIENTED_EDGE ( 'NONE', *, *, #7229, .F. ) ;
#896 = PLANE ( 'NONE',  #7316 ) ;
#897 = SURFACE_SIDE_STYLE ('',( #3153 ) ) ;
#898 = SURFACE_STYLE_USAGE ( .BOTH. , #4369 ) ;
#899 = ADVANCED_FACE ( 'NONE', ( #1057 ), #6887, .F. ) ;
#900 = VECTOR ( 'NONE', #3881, 1000.000000000000000 ) ;
#901 = DIRECTION ( 'NONE',  ( 0.4999999999999977200, 0.8660254037844399300, -1.297447619602005500E-016 ) ) ;
#903 = EDGE_CURVE ( 'NONE', #4398, #5497, #7400, .T. ) ;
#902 = DIRECTION ( 'NONE',  ( 0.0000000000000000000, -0.0000000000000000000, -1.000000000000000000 ) ) ;
#904 = LINE ( 'NONE', #816, #2527 ) ;
#905 = ORIENTED_EDGE ( 'NONE', *, *, #17, .T. ) ;
#906 = ORIENTED_EDGE ( 'NONE', *, *, #2836, .T. ) ;
#907 = CARTESIAN_POINT ( 'NONE',  ( -2.290000000000000500, 2.679999999999998800, 3.934500000000000300 ) ) ;
#908 = LINE ( 'NONE', #4499, #4237 ) ;
#909 = PLANE ( 'NONE',  #6850 ) ;
#910 = AXIS2_PLACEMENT_3D ( 'NONE', #268, #5408, #3658 ) ;
#911 = VECTOR ( 'NONE', #5661, 1000.000000000000000 ) ;
#912 = EDGE_LOOP ( 'NONE', ( #3355, #6586, #4185, #5258 ) ) ;
#913 = EDGE_LOOP ( 'NONE', ( #1510, #3255, #905, #1996 ) ) ;
#914 = VERTEX_POINT ( 'NONE', #2275 ) ;
#915 = CARTESIAN_POINT ( 'NONE',  ( 2.790000000000000000, 2.679999999999998800, -3.934500000000000300 ) ) ;
#916 = VERTEX_POINT ( 'NONE', #2799 ) ;
#917 = VECTOR ( 'NONE', #4867, 1000.000000000000000 ) ;
#918 = SURFACE_STYLE_USAGE ( .BOTH. , #7303 ) ;
#919 = DIRECTION ( 'NONE',  ( -1.000000000000000000, -0.0000000000000000000, -0.0000000000000000000 ) ) ;
#920 = LINE ( 'NONE', #114, #737 ) ;
#921 = DIRECTION ( 'NONE',  ( -0.0000000000000000000, 5.027841771134210700E-016, 1.000000000000000000 ) ) ;
#922 = AXIS2_PLACEMENT_3D ( 'NONE', #491, #1522, #6805 ) ;
#923 = CARTESIAN_POINT ( 'NONE',  ( -9.428628160470726300, 4.669999999999997300, 3.287215648338285800E-016 ) ) ;
#924 = VERTEX_POINT ( 'NONE', #5775 ) ;
#925 = DIRECTION ( 'NONE',  ( 0.0000000000000000000, 0.0000000000000000000, 1.000000000000000000 ) ) ;
#926 = VECTOR ( 'NONE', #4292, 1000.000000000000000 ) ;
#927 = DIRECTION ( 'NONE',  ( 0.0000000000000000000, 0.0000000000000000000, -1.000000000000000000 ) ) ;
#928 = VECTOR ( 'NONE', #7409, 1000.000000000000000 ) ;
#929 = CARTESIAN_POINT ( 'NONE',  ( -4.830000000000001000, -3.299999999999999800, -4.124999999999999100 ) ) ;
#930 = LINE ( 'NONE', #7335, #33 ) ;
#931 = PLANE ( 'NONE',  #3085 ) ;
#932 = VERTEX_POINT ( 'NONE', #5797 ) ;
#933 = CARTESIAN_POINT ( 'NONE',  ( -4.320000000000001200, 2.679999999999999300, 3.550000000000002500 ) ) ;
#934 = EDGE_CURVE ( 'NONE', #1829, #1631, #3407, .T. ) ;
#935 = LINE ( 'NONE', #3387, #5273 ) ;
#936 = EDGE_CURVE ( 'NONE', #6669, #1582, #5959, .T. ) ;
#937 = CARTESIAN_POINT ( 'NONE',  ( -10.00000000000002500, 0.5100000000000000100, -3.264314080235336300 ) ) ;
#938 = ORIENTED_EDGE ( 'NONE', *, *, #2344, .F. ) ;
#939 = ORIENTED_EDGE ( 'NONE', *, *, #639, .T. ) ;
#940 = EDGE_CURVE ( 'NONE', #2763, #2755, #510, .T. ) ;
#941 = DIRECTION ( 'NONE',  ( -1.000000000000000000, -0.0000000000000000000, 0.0000000000000000000 ) ) ;
#942 = VERTEX_POINT ( 'NONE', #2295 ) ;
#943 = FACE_OUTER_BOUND ( 'NONE', #4343, .T. ) ;
#944 = CARTESIAN_POINT ( 'NONE',  ( 1.779999999999999400, 2.929999999999999300, -3.550000000000002500 ) ) ;
#945 = SURFACE_STYLE_FILL_AREA ( #6756 ) ;
#946 = DIRECTION ( 'NONE',  ( 0.0000000000000000000, 0.0000000000000000000, 1.000000000000000000 ) ) ;
#947 = DIRECTION ( 'NONE',  ( 0.0000000000000000000, 1.000000000000000000, 5.027841771134210700E-016 ) ) ;
#948 = EDGE_CURVE ( 'NONE', #6661, #7412, #1780, .T. ) ;
#949 = ORIENTED_EDGE ( 'NONE', *, *, #2208, .T. ) ;
#950 = ORIENTED_EDGE ( 'NONE', *, *, #2437, .T. ) ;
#951 = ORIENTED_EDGE ( 'NONE', *, *, #1565, .T. ) ;
#952 = CARTESIAN_POINT ( 'NONE',  ( -4.320000000000001200, 0.6500000000000026900, 4.375000000000000000 ) ) ;
#953 = PLANE ( 'NONE',  #4768 ) ;
#954 = DIRECTION ( 'NONE',  ( 1.000000000000000000, 0.0000000000000000000, 0.0000000000000000000 ) ) ;
#955 = SURFACE_STYLE_USAGE ( .BOTH. , #897 ) ;
#956 = DIRECTION ( 'NONE',  ( 0.0000000000000000000, 0.0000000000000000000, 1.000000000000000000 ) ) ;
#957 = VECTOR ( 'NONE', #2983, 1000.000000000000000 ) ;
#958 = VERTEX_POINT ( 'NONE', #4148 ) ;
#959 = LINE ( 'NONE', #907, #5392 ) ;
#961 = EDGE_LOOP ( 'NONE', ( #6582, #610, #3403, #6346, #2912, #6788, #1910, #6185 ) ) ;
#960 = DIRECTION ( 'NONE',  ( 0.0000000000000000000, 5.027841771134210700E-016, -1.000000000000000000 ) ) ;
#962 = ORIENTED_EDGE ( 'NONE', *, *, #4423, .F. ) ;
#963 = VERTEX_POINT ( 'NONE', #1810 ) ;
#964 = DIRECTION ( 'NONE',  ( 0.0000000000000000000, 0.0000000000000000000, -1.000000000000000000 ) ) ;
#965 = VECTOR ( 'NONE', #2691, 1000.000000000000000 ) ;
#966 = DIRECTION ( 'NONE',  ( -1.000000000000000000, 0.0000000000000000000, 1.897542191401455100E-016 ) ) ;
#967 = AXIS2_PLACEMENT_3D ( 'NONE', #3411, #3358, #446 ) ;
#968 = PLANE ( 'NONE',  #5454 ) ;
#969 = CARTESIAN_POINT ( 'NONE',  ( 6.859999999999999400, 2.489499999999999200, -4.375000000000000000 ) ) ;
#970 = ORIENTED_EDGE ( 'NONE', *, *, #3865, .F. ) ;
#971 = DIRECTION ( 'NONE',  ( 0.0000000000000000000, -1.000000000000000000, -1.498163464873311700E-016 ) ) ;
#972 = DIRECTION ( 'NONE',  ( -1.000000000000000000, -0.0000000000000000000, -0.0000000000000000000 ) ) ;
#973 = VERTEX_POINT ( 'NONE', #1201 ) ;
#974 = DIRECTION ( 'NONE',  ( 0.0000000000000000000, -1.000000000000000000, 0.0000000000000000000 ) ) ;
#975 = ORIENTED_EDGE ( 'NONE', *, *, #3806, .F. ) ;
#976 = CARTESIAN_POINT ( 'NONE',  ( -1.780000000000000200, 0.6500000000000026900, -4.124999999999999100 ) ) ;
#977 = EDGE_CURVE ( 'NONE', #7284, #1038, #410, .T. ) ;
#978 = VERTEX_POINT ( 'NONE', #4097 ) ;
#979 = CARTESIAN_POINT ( 'NONE',  ( 2.155277674973255800, -5.051668046482832700E-016, 4.124999999999999100 ) ) ;
#980 = AXIS2_PLACEMENT_3D ( 'NONE', #5599, #6779, #1461 ) ;
#981 = CARTESIAN_POINT ( 'NONE',  ( -4.830000000000001000, 2.679999999999998800, -3.934500000000000300 ) ) ;
#982 = CARTESIAN_POINT ( 'NONE',  ( -4.320000000000001200, 0.6500000000000026900, 4.124999999999999100 ) ) ;
#983 = UNCERTAINTY_MEASURE_WITH_UNIT (LENGTH_MEASURE( 1.000000000000000100E-005 ), #339, 'distance_accuracy_value', 'NONE');
#984 = ORIENTED_EDGE ( 'NONE', *, *, #3874, .F. ) ;
#985 =( NAMED_UNIT ( * ) PLANE_ANGLE_UNIT ( ) SI_UNIT ( $, .RADIAN. ) );
#986 = CLOSED_SHELL ( 'NONE', ( #5366, #3546, #1955, #3841, #4067, #1299, #5252, #6528, #6599, #5779, #7313, #4843, #6561, #700, #787, #7116 ) ) ;
#987 = CARTESIAN_POINT ( 'NONE',  ( 8.380000000000000800, 0.6500000000000025800, 3.934500000000001200 ) ) ;
#988 = VECTOR ( 'NONE', #3127, 1000.000000000000000 ) ;
#989 = ORIENTED_EDGE ( 'NONE', *, *, #6163, .T. ) ;
#990 = CARTESIAN_POINT ( 'NONE',  ( 0.2500000000000002200, 2.489499999999999200, 3.934500000000000300 ) ) ;
#991 = DIRECTION ( 'NONE',  ( -1.000000000000000000, -0.0000000000000000000, 0.0000000000000000000 ) ) ;
#992 = PRESENTATION_STYLE_ASSIGNMENT (( #955 ) ) ;
#993 = DIRECTION ( 'NONE',  ( 0.4999999999999967200, -0.8660254037844405900, -1.297447619602006200E-016 ) ) ;
#994 = LINE ( 'NONE', #5242, #7132 ) ;
#995 = DIRECTION ( 'NONE',  ( 0.0000000000000000000, 1.000000000000000000, -3.484080088324578000E-016 ) ) ;
#996 = LINE ( 'NONE', #4313, #4605 ) ;
#997 = VERTEX_POINT ( 'NONE', #5272 ) ;
#998 = CARTESIAN_POINT ( 'NONE',  ( -8.380000000000000800, 2.489499999999999200, -4.375000000000000000 ) ) ;
#999 = VERTEX_POINT ( 'NONE', #6449 ) ;
#1000 = CARTESIAN_POINT ( 'NONE',  ( -10.00000000000002300, 2.929999999999999300, 0.8900000000000001200 ) ) ;
#1001 = LINE ( 'NONE', #182, #2356 ) ;
#1002 = VECTOR ( 'NONE', #2402, 1000.000000000000100 ) ;
#1003 = VERTEX_POINT ( 'NONE', #6343 ) ;
#1004 = AXIS2_PLACEMENT_3D ( 'NONE', #3704, #4855, #3077 ) ;
#1005 = PLANE ( 'NONE',  #1054 ) ;
#1006 = DIRECTION ( 'NONE',  ( 0.8660254037844399300, -0.4999999999999977200, -2.513920885567094000E-016 ) ) ;
#1007 = DIRECTION ( 'NONE',  ( -1.000000000000000000, -0.0000000000000000000, 0.0000000000000000000 ) ) ;
#1008 = DIRECTION ( 'NONE',  ( -0.0000000000000000000, -1.734723475976793500E-015, 1.000000000000000000 ) ) ;
#1009 = VERTEX_POINT ( 'NONE', #690 ) ;
#1010 = ADVANCED_FACE ( 'NONE', ( #2758 ), #6410, .F. ) ;
#1011 = ORIENTED_EDGE ( 'NONE', *, *, #5900, .T. ) ;
#1012 = LINE ( 'NONE', #417, #1264 ) ;
#1013 = ORIENTED_EDGE ( 'NONE', *, *, #5467, .T. ) ;
#1014 =( GEOMETRIC_REPRESENTATION_CONTEXT ( 3 ) GLOBAL_UNCERTAINTY_ASSIGNED_CONTEXT ( ( #7137 ) ) GLOBAL_UNIT_ASSIGNED_CONTEXT ( ( #2074, #985, #5562 ) ) REPRESENTATION_CONTEXT ( 'NONE', 'WORKASPACE' ) );
#1015 = ORIENTED_EDGE ( 'NONE', *, *, #2833, .F. ) ;
#1016 = VECTOR ( 'NONE', #6031, 1000.000000000000000 ) ;
#1017 = ORIENTED_EDGE ( 'NONE', *, *, #936, .T. ) ;
#1018 = DIRECTION ( 'NONE',  ( 0.0000000000000000000, 1.000000000000000000, 1.498163464873311700E-016 ) ) ;
#1019 = CYLINDRICAL_SURFACE ( 'NONE', #2721, 0.1904999999999997000 ) ;
#1020 = VERTEX_POINT ( 'NONE', #7027 ) ;
#1021 = CARTESIAN_POINT ( 'NONE',  ( 4.319999999999999400, 2.929999999999999300, -3.550000000000002500 ) ) ;
#1022 = FILL_AREA_STYLE_COLOUR ( '', #6273 ) ;
#1023 = DIRECTION ( 'NONE',  ( -1.000000000000000000, -0.0000000000000000000, 0.0000000000000000000 ) ) ;
#1024 = ORIENTED_EDGE ( 'NONE', *, *, #7184, .F. ) ;
#1025 = EDGE_CURVE ( 'NONE', #684, #723, #5032, .T. ) ;
#1026 = DIRECTION ( 'NONE',  ( -1.000000000000000000, -0.0000000000000000000, -0.0000000000000000000 ) ) ;
#1027 = VECTOR ( 'NONE', #6161, 1000.000000000000000 ) ;
#1028 = LINE ( 'NONE', #4996, #1570 ) ;
#1029 = LINE ( 'NONE', #6395, #2837 ) ;
#1030 = CARTESIAN_POINT ( 'NONE',  ( -10.00000000000002300, 2.679999999999999300, 3.550000000000002900 ) ) ;
#1031 = ORIENTED_EDGE ( 'NONE', *, *, #3261, .F. ) ;
#1032 = DIRECTION ( 'NONE',  ( -1.000000000000000000, -0.0000000000000000000, -0.0000000000000000000 ) ) ;
#1033 = CARTESIAN_POINT ( 'NONE',  ( -7.370000000000000100, 2.929999999999999300, 3.934500000000000300 ) ) ;
#1034 = CARTESIAN_POINT ( 'NONE',  ( -0.2500000000000002200, -3.299999999999999400, -4.375000000000000900 ) ) ;
#1035 = EDGE_LOOP ( 'NONE', ( #3825, #822, #2720, #3947 ) ) ;
#1036 = EDGE_CURVE ( 'NONE', #4901, #5220, #771, .T. ) ;
#1037 = CARTESIAN_POINT ( 'NONE',  ( 5.330000000000000100, -3.299999999999999800, 4.124999999999999100 ) ) ;
#1038 = VERTEX_POINT ( 'NONE', #1790 ) ;
#1039 = ORIENTED_EDGE ( 'NONE', *, *, #5170, .F. ) ;
#1040 = EDGE_CURVE ( 'NONE', #5255, #3524, #4295, .T. ) ;
#1041 = ORIENTED_EDGE ( 'NONE', *, *, #241, .F. ) ;
#1042 = DIRECTION ( 'NONE',  ( 0.0000000000000000000, 1.000000000000000000, -5.027841771134210700E-016 ) ) ;
#1043 = ORIENTED_EDGE ( 'NONE', *, *, #2254, .T. ) ;
#1044 = DIRECTION ( 'NONE',  ( -1.000000000000000000, -0.0000000000000000000, -0.0000000000000000000 ) ) ;
#1045 = LINE ( 'NONE', #5581, #3740 ) ;
#1046 = LINE ( 'NONE', #1373, #504 ) ;
#1047 = ORIENTED_EDGE ( 'NONE', *, *, #3252, .F. ) ;
#1048 = PLANE ( 'NONE',  #6280 ) ;
#1049 = CARTESIAN_POINT ( 'NONE',  ( -0.7600000000000002300, 2.929999999999999300, 3.550000000000002500 ) ) ;
#1050 = LINE ( 'NONE', #593, #1297 ) ;
#1051 = DIRECTION ( 'NONE',  ( 0.0000000000000000000, 1.000000000000000000, -5.027841771134210700E-016 ) ) ;
#1052 = ORIENTED_EDGE ( 'NONE', *, *, #4473, .T. ) ;
#1053 = CARTESIAN_POINT ( 'NONE',  ( 0.7600000000000002300, -3.794707603699265500E-016, -4.375000000000001800 ) ) ;
#1054 = AXIS2_PLACEMENT_3D ( 'NONE', #5084, #1616, #2700 ) ;
#1055 = VERTEX_POINT ( 'NONE', #92 ) ;
#1056 = DIRECTION ( 'NONE',  ( 0.0000000000000000000, 0.0000000000000000000, -1.000000000000000000 ) ) ;
#1057 = FACE_OUTER_BOUND ( 'NONE', #2305, .T. ) ;
#1058 = DIRECTION ( 'NONE',  ( -0.0000000000000000000, 5.027841771134210700E-016, 1.000000000000000000 ) ) ;
#1059 = ORIENTED_EDGE ( 'NONE', *, *, #7437, .T. ) ;
#1060 = ORIENTED_EDGE ( 'NONE', *, *, #5208, .T. ) ;
#1061 = PLANE ( 'NONE',  #7475 ) ;
#1062 = CARTESIAN_POINT ( 'NONE',  ( 8.380000000000000800, -3.794707603699265500E-016, 4.375000000000001800 ) ) ;
#1063 = LINE ( 'NONE', #282, #1697 ) ;
#1064 = ORIENTED_EDGE ( 'NONE', *, *, #4862, .T. ) ;
#1065 = ORIENTED_EDGE ( 'NONE', *, *, #3735, .F. ) ;
#1066 = CARTESIAN_POINT ( 'NONE',  ( 3.299999999999999800, 2.489499999999999200, -3.934500000000000300 ) ) ;
#1067 = ORIENTED_EDGE ( 'NONE', *, *, #6408, .F. ) ;
#1068 = LINE ( 'NONE', #7069, #3497 ) ;
#1069 = DIRECTION ( 'NONE',  ( 0.0000000000000000000, -1.000000000000000000, 1.498163464873311700E-016 ) ) ;
#1070 = EDGE_LOOP ( 'NONE', ( #975, #1953, #1197, #604 ) ) ;
#1071 = CARTESIAN_POINT ( 'NONE',  ( 2.790000000000000000, 2.489499999999999200, -4.375000000000000000 ) ) ;
#1072 = AXIS2_PLACEMENT_3D ( 'NONE', #142, #188, #2466 ) ;
#1073 = EDGE_LOOP ( 'NONE', ( #5899, #6139, #7222, #2194 ) ) ;
#1074 = CARTESIAN_POINT ( 'NONE',  ( -7.235277674973255900, -3.794707603699265500E-016, -4.375000000000001800 ) ) ;
#1075 = CARTESIAN_POINT ( 'NONE',  ( -4.830000000000001000, 2.489499999999999200, -4.125000000000000000 ) ) ;
#1076 = PLANE ( 'NONE',  #5825 ) ;
#1077 = PLANE ( 'NONE',  #1844 ) ;
#1078 = VERTEX_POINT ( 'NONE', #4120 ) ;
#1079 = EDGE_CURVE ( 'NONE', #6334, #4650, #55, .T. ) ;
#1080 = EDGE_CURVE ( 'NONE', #6571, #4131, #1613, .T. ) ;
#1081 = EDGE_CURVE ( 'NONE', #6511, #6704, #4128, .T. ) ;
#1082 = DIRECTION ( 'NONE',  ( -0.0000000000000000000, -1.734723475976793500E-015, -1.000000000000000000 ) ) ;
#1083 = DIRECTION ( 'NONE',  ( 0.0000000000000000000, -5.027841771134210700E-016, -1.000000000000000000 ) ) ;
#1084 = VECTOR ( 'NONE', #6403, 1000.000000000000000 ) ;
#1085 = ADVANCED_FACE ( 'NONE', ( #3326 ), #715, .F. ) ;
#1086 = VECTOR ( 'NONE', #1961, 1000.000000000000000 ) ;
#1087 = VECTOR ( 'NONE', #2066, 1000.000000000000000 ) ;
#1088 = VERTEX_POINT ( 'NONE', #2436 ) ;
#1089 = CARTESIAN_POINT ( 'NONE',  ( -6.859999999999999400, 0.6500000000000026900, -4.375000000000000000 ) ) ;
#1090 = FACE_OUTER_BOUND ( 'NONE', #2884, .T. ) ;
#1091 = DIRECTION ( 'NONE',  ( 0.8660254037844405900, 0.4999999999999967200, 2.513920885567089100E-016 ) ) ;
#1092 = FACE_OUTER_BOUND ( 'NONE', #3246, .T. ) ;
#1093 = VERTEX_POINT ( 'NONE', #5299 ) ;
#1094 = ORIENTED_EDGE ( 'NONE', *, *, #748, .T. ) ;
#1095 = CARTESIAN_POINT ( 'NONE',  ( -4.830000000000001000, 2.489499999999999200, 4.125000000000000000 ) ) ;
#1096 = CARTESIAN_POINT ( 'NONE',  ( 0.7600000000000002300, -5.051668046482832700E-016, 4.124999999999999100 ) ) ;
#1097 = PLANE ( 'NONE',  #7053 ) ;
#1098 = FACE_OUTER_BOUND ( 'NONE', #1407, .T. ) ;
#1099 = VECTOR ( 'NONE', #7424, 1000.000000000000000 ) ;
#1100 = ORIENTED_EDGE ( 'NONE', *, *, #6298, .T. ) ;
#1101 = DIRECTION ( 'NONE',  ( 0.0000000000000000000, 1.000000000000000000, -5.027841771134210700E-016 ) ) ;
#1102 = ORIENTED_EDGE ( 'NONE', *, *, #3484, .T. ) ;
#1103 = ORIENTED_EDGE ( 'NONE', *, *, #163, .F. ) ;
#1104 = VECTOR ( 'NONE', #6502, 1000.000000000000000 ) ;
#1105 = STYLED_ITEM ( 'NONE', ( #3829 ), #2875 ) ;
#1106 = DIRECTION ( 'NONE',  ( -1.000000000000000000, -0.0000000000000000000, 0.0000000000000000000 ) ) ;
#1107 = LINE ( 'NONE', #16, #2013 ) ;
#1108 = PLANE ( 'NONE',  #2751 ) ;
#1109 = CARTESIAN_POINT ( 'NONE',  ( 5.839999999999999900, 2.679999999999999300, -3.550000000000002500 ) ) ;
#1110 = ORIENTED_EDGE ( 'NONE', *, *, #2065, .T. ) ;
#1111 = FACE_OUTER_BOUND ( 'NONE', #2951, .T. ) ;
#1112 = LINE ( 'NONE', #3251, #117 ) ;
#1113 = DIRECTION ( 'NONE',  ( 0.4999999999999977200, 0.8660254037844399300, 1.297447619602005500E-016 ) ) ;
#1114 = CYLINDRICAL_SURFACE ( 'NONE', #324, 0.1904999999999997000 ) ;
#1115 = ORIENTED_EDGE ( 'NONE', *, *, #3489, .F. ) ;
#1116 = CARTESIAN_POINT ( 'NONE',  ( -5.840000000000001600, 2.489499999999999200, 3.934500000000000300 ) ) ;
#1117 = VECTOR ( 'NONE', #4661, 1000.000000000000000 ) ;
#1118 = ADVANCED_FACE ( 'NONE', ( #6422 ), #1860, .T. ) ;
#1119 = ORIENTED_EDGE ( 'NONE', *, *, #4916, .T. ) ;
#1120 = DIRECTION ( 'NONE',  ( -0.4999999999999977200, -0.8660254037844399300, -1.297447619602005200E-016 ) ) ;
#1121 = CARTESIAN_POINT ( 'NONE',  ( 4.319999999999999400, 2.929999999999999300, -3.934500000000000300 ) ) ;
#1122 = CARTESIAN_POINT ( 'NONE',  ( 0.2500000000000002200, 2.679999999999999300, 3.550000000000002500 ) ) ;
#1123 = DIRECTION ( 'NONE',  ( 0.0000000000000000000, -1.127908631974522500E-015, -1.000000000000000000 ) ) ;
#1124 = EDGE_CURVE ( 'NONE', #3652, #958, #1068, .T. ) ;
#1125 = AXIS2_PLACEMENT_3D ( 'NONE', #2376, #3503, #2858 ) ;
#1126 = VERTEX_POINT ( 'NONE', #1289 ) ;
#1127 = ORIENTED_EDGE ( 'NONE', *, *, #3106, .F. ) ;
#1128 = LINE ( 'NONE', #3217, #3924 ) ;
#1129 = CARTESIAN_POINT ( 'NONE',  ( -2.290000000000000500, -3.299999999999999800, -4.124999999999999100 ) ) ;
#1130 = DIRECTION ( 'NONE',  ( 0.0000000000000000000, 0.9914448613738104900, 0.1305261922200519100 ) ) ;
#1131 = CARTESIAN_POINT ( 'NONE',  ( 8.004722325026744300, -3.794707603699265500E-016, -4.375000000000001800 ) ) ;
#1132 = ADVANCED_FACE ( 'NONE', ( #72 ), #6980, .F. ) ;
#1133 = ORIENTED_EDGE ( 'NONE', *, *, #5691, .T. ) ;
#1134 = VERTEX_POINT ( 'NONE', #4757 ) ;
#1135 = EDGE_CURVE ( 'NONE', #3237, #5033, #3946, .T. ) ;
#1136 = CARTESIAN_POINT ( 'NONE',  ( 5.330000000000000100, -4.336808689942017700E-016, -3.934500000000001200 ) ) ;
#1137 = EDGE_CURVE ( 'NONE', #6848, #1216, #5875, .T. ) ;
#1138 = ORIENTED_EDGE ( 'NONE', *, *, #6308, .F. ) ;
#1139 = CLOSED_SHELL ( 'NONE', ( #6518, #5076, #6974, #7085, #7159, #2159, #7109, #5810, #6942, #1886, #2193, #3473, #174, #4033, #7082, #2053 ) ) ;
#1140 = CARTESIAN_POINT ( 'NONE',  ( -2.155277674973256700, -3.794707603699265500E-016, 4.375000000000001800 ) ) ;
#1141 = VECTOR ( 'NONE', #5708, 1000.000000000000000 ) ;
#1142 = CARTESIAN_POINT ( 'NONE',  ( -5.840000000000001600, 2.679999999999999300, -3.550000000000002500 ) ) ;
#1143 = CARTESIAN_POINT ( 'NONE',  ( 0.7600000000000002300, 2.929999999999999300, -3.550000000000002500 ) ) ;
#1144 = VERTEX_POINT ( 'NONE', #3132 ) ;
#1145 = CARTESIAN_POINT ( 'NONE',  ( -7.370000000000000100, -3.299999999999999400, 4.375000000000000900 ) ) ;
#1146 = CARTESIAN_POINT ( 'NONE',  ( 7.235277674973255900, -5.051668046482832700E-016, -4.124999999999999100 ) ) ;
#1147 = EDGE_CURVE ( 'NONE', #932, #4005, #2697, .T. ) ;
#1148 = DIRECTION ( 'NONE',  ( 0.0000000000000000000, 5.027841771134210700E-016, 1.000000000000000000 ) ) ;
#1149 = CARTESIAN_POINT ( 'NONE',  ( 8.380000000000000800, 2.679999999999999300, 3.550000000000002500 ) ) ;
#1150 = PLANE ( 'NONE',  #3627 ) ;
#1151 = ORIENTED_EDGE ( 'NONE', *, *, #1716, .T. ) ;
#1152 = ORIENTED_EDGE ( 'NONE', *, *, #2870, .T. ) ;
#1153 = CARTESIAN_POINT ( 'NONE',  ( 7.870000000000000100, -4.336808689942017700E-016, -3.934500000000001200 ) ) ;
#1154 = EDGE_LOOP ( 'NONE', ( #5819, #396, #5811, #4293 ) ) ;
#1155 = ORIENTED_EDGE ( 'NONE', *, *, #6641, .F. ) ;
#1156 = ORIENTED_EDGE ( 'NONE', *, *, #1926, .F. ) ;
#1157 = DIRECTION ( 'NONE',  ( -1.000000000000000000, -0.0000000000000000000, 0.0000000000000000000 ) ) ;
#1158 = ADVANCED_FACE ( 'NONE', ( #1412 ), #4306, .F. ) ;
#1159 = EDGE_CURVE ( 'NONE', #4836, #5826, #2784, .T. ) ;
#1160 = CARTESIAN_POINT ( 'NONE',  ( 2.790000000000000000, 2.929999999999999300, -3.550000000000002500 ) ) ;
#1161 = DIRECTION ( 'NONE',  ( 0.0000000000000000000, 0.0000000000000000000, -1.000000000000000000 ) ) ;
#1162 = VECTOR ( 'NONE', #5494, 1000.000000000000000 ) ;
#1163 = EDGE_CURVE ( 'NONE', #1393, #942, #2248, .T. ) ;
#1164 = ORIENTED_EDGE ( 'NONE', *, *, #2772, .T. ) ;
#1165 = CARTESIAN_POINT ( 'NONE',  ( -0.2500000000000002200, 2.489499999999999200, 4.125000000000000000 ) ) ;
#1166 = CARTESIAN_POINT ( 'NONE',  ( -5.330000000000001800, -3.299999999999999800, 4.124999999999999100 ) ) ;
#1167 = DIRECTION ( 'NONE',  ( 1.000000000000000000, 0.0000000000000000000, 0.0000000000000000000 ) ) ;
#1168 = VECTOR ( 'NONE', #2808, 1000.000000000000000 ) ;
#1169 = EDGE_CURVE ( 'NONE', #5348, #5986, #3764, .T. ) ;
#1170 = VECTOR ( 'NONE', #3730, 1000.000000000000000 ) ;
#1171 = VECTOR ( 'NONE', #2672, 1000.000000000000100 ) ;
#1172 = ORIENTED_EDGE ( 'NONE', *, *, #7191, .F. ) ;
#1173 = CARTESIAN_POINT ( 'NONE',  ( -4.695277674973257700, -5.051668046482832700E-016, 4.124999999999999100 ) ) ;
#1174 = DIRECTION ( 'NONE',  ( -5.804604032045796900E-016, 0.1305261922200519100, -0.9914448613738104900 ) ) ;
#1175 = CARTESIAN_POINT ( 'NONE',  ( -1.780000000000000200, 2.929999999999999300, 3.934500000000000300 ) ) ;
#1176 = EDGE_CURVE ( 'NONE', #5598, #3026, #6503, .T. ) ;
#1177 = ORIENTED_EDGE ( 'NONE', *, *, #1535, .T. ) ;
#1178 = LINE ( 'NONE', #6259, #5429 ) ;
#1179 = LINE ( 'NONE', #7478, #4521 ) ;
#1180 = ORIENTED_EDGE ( 'NONE', *, *, #7244, .T. ) ;
#1181 = CARTESIAN_POINT ( 'NONE',  ( -2.290000000000000500, 2.489499999999999200, 4.375000000000000000 ) ) ;
#1182 = ORIENTED_EDGE ( 'NONE', *, *, #4227, .T. ) ;
#1183 = VECTOR ( 'NONE', #3425, 1000.000000000000000 ) ;
#1184 = PLANE ( 'NONE',  #1125 ) ;
#1185 = FACE_OUTER_BOUND ( 'NONE', #7414, .T. ) ;
#1186 = AXIS2_PLACEMENT_3D ( 'NONE', #1669, #2320, #3410 ) ;
#1187 = LINE ( 'NONE', #2766, #3892 ) ;
#1188 = CARTESIAN_POINT ( 'NONE',  ( -6.859999999999999400, 0.6500000000000028000, 4.375000000000000900 ) ) ;
#1189 = VERTEX_POINT ( 'NONE', #232 ) ;
#1190 = PLANE ( 'NONE',  #2639 ) ;
#1191 = CARTESIAN_POINT ( 'NONE',  ( 1.779999999999999400, 2.929999999999999300, -3.934500000000000300 ) ) ;
#1192 = ORIENTED_EDGE ( 'NONE', *, *, #201, .T. ) ;
#1193 = LINE ( 'NONE', #4980, #5743 ) ;
#1194 = DIRECTION ( 'NONE',  ( 2.443272501375788900E-016, -0.0000000000000000000, 1.000000000000000000 ) ) ;
#1195 = VECTOR ( 'NONE', #6958, 1000.000000000000000 ) ;
#1196 = ADVANCED_FACE ( 'NONE', ( #1509 ), #4280, .F. ) ;
#1197 = ORIENTED_EDGE ( 'NONE', *, *, #6146, .T. ) ;
#1198 = EDGE_CURVE ( 'NONE', #3369, #3823, #5403, .T. ) ;
#1199 = EDGE_CURVE ( 'NONE', #2137, #2755, #6782, .T. ) ;
#1200 = AXIS2_PLACEMENT_3D ( 'NONE', #6763, #1006, #5064 ) ;
#1201 = CARTESIAN_POINT ( 'NONE',  ( -8.004722325026744300, -3.794707603699265500E-016, 4.375000000000001800 ) ) ;
#1202 = DIRECTION ( 'NONE',  ( 0.0000000000000000000, -5.027841771134210700E-016, -1.000000000000000000 ) ) ;
#1203 = DIRECTION ( 'NONE',  ( 0.0000000000000000000, 1.000000000000000000, 3.484080088324578000E-016 ) ) ;
#1204 = VECTOR ( 'NONE', #5872, 1000.000000000000000 ) ;
#1205 = ORIENTED_EDGE ( 'NONE', *, *, #6718, .T. ) ;
#1206 = VECTOR ( 'NONE', #4952, 1000.000000000000000 ) ;
#1207 = DIRECTION ( 'NONE',  ( 0.0000000000000000000, 0.0000000000000000000, -1.000000000000000000 ) ) ;
#1208 = UNCERTAINTY_MEASURE_WITH_UNIT (LENGTH_MEASURE( 1.000000000000000100E-005 ), #1448, 'distance_accuracy_value', 'NONE');
#1209 = AXIS2_PLACEMENT_3D ( 'NONE', #1940, #5428, #3095 ) ;
#1210 = CARTESIAN_POINT ( 'NONE',  ( -6.859999999999999400, 2.489499999999999200, 3.934500000000000300 ) ) ;
#1211 = DIRECTION ( 'NONE',  ( -0.0000000000000000000, -1.734723475976793500E-015, -1.000000000000000000 ) ) ;
#1212 = ORIENTED_EDGE ( 'NONE', *, *, #6302, .F. ) ;
#1213 = CARTESIAN_POINT ( 'NONE',  ( -4.830000000000001000, -3.299999999999999800, 4.124999999999999100 ) ) ;
#1214 = VECTOR ( 'NONE', #151, 1000.000000000000000 ) ;
#1215 = CARTESIAN_POINT ( 'NONE',  ( -7.235277674973255900, -5.051668046482832700E-016, 4.124999999999999100 ) ) ;
#1216 = VERTEX_POINT ( 'NONE', #839 ) ;
#1217 = ORIENTED_EDGE ( 'NONE', *, *, #2326, .T. ) ;
#1218 = VECTOR ( 'NONE', #1977, 1000.000000000000000 ) ;
#1219 = EDGE_CURVE ( 'NONE', #4169, #7072, #1313, .T. ) ;
#1220 = DIRECTION ( 'NONE',  ( 0.0000000000000000000, 0.0000000000000000000, -1.000000000000000000 ) ) ;
#1221 = AXIS2_PLACEMENT_3D ( 'NONE', #3984, #5176, #566 ) ;
#1222 = DIRECTION ( 'NONE',  ( -1.000000000000000000, -0.0000000000000000000, -0.0000000000000000000 ) ) ;
#1223 = LINE ( 'NONE', #7470, #7194 ) ;
#1224 = ORIENTED_EDGE ( 'NONE', *, *, #6300, .T. ) ;
#1225 = VECTOR ( 'NONE', #5287, 1000.000000000000000 ) ;
#1226 = CARTESIAN_POINT ( 'NONE',  ( -4.830000000000001000, -3.299999999999999400, 4.375000000000000900 ) ) ;
#1227 = VERTEX_POINT ( 'NONE', #7135 ) ;
#1228 =( NAMED_UNIT ( * ) PLANE_ANGLE_UNIT ( ) SI_UNIT ( $, .RADIAN. ) );
#1229 = EDGE_CURVE ( 'NONE', #1478, #1009, #7314, .T. ) ;
#1230 = LINE ( 'NONE', #6301, #228 ) ;
#1231 = VECTOR ( 'NONE', #7481, 1000.000000000000000 ) ;
#1232 = AXIS2_PLACEMENT_3D ( 'NONE', #5018, #6752, #5630 ) ;
#1233 = ADVANCED_FACE ( 'NONE', ( #1404 ), #1352, .F. ) ;
#1234 = VECTOR ( 'NONE', #2085, 1000.000000000000000 ) ;
#1235 = LINE ( 'NONE', #4149, #4667 ) ;
#1236 = ORIENTED_EDGE ( 'NONE', *, *, #2982, .F. ) ;
#1237 = ADVANCED_FACE ( 'NONE', ( #4029 ), #185, .T. ) ;
#1238 = VERTEX_POINT ( 'NONE', #6054 ) ;
#1239 = CARTESIAN_POINT ( 'NONE',  ( -4.320000000000001200, 2.489499999999999200, -4.375000000000000000 ) ) ;
#1240 = DIRECTION ( 'NONE',  ( 0.0000000000000000000, -1.000000000000000000, -1.498163464873311500E-016 ) ) ;
#1241 = ORIENTED_EDGE ( 'NONE', *, *, #3418, .T. ) ;
#1242 = VERTEX_POINT ( 'NONE', #6156 ) ;
#1243 = PLANE ( 'NONE',  #4257 ) ;
#1244 = ORIENTED_EDGE ( 'NONE', *, *, #577, .T. ) ;
#1245 = DIRECTION ( 'NONE',  ( 0.0000000000000000000, 1.127908631974522500E-015, 1.000000000000000000 ) ) ;
#1246 = CARTESIAN_POINT ( 'NONE',  ( -10.00000000000002500, 2.929999999999999300, -3.549999999999985600 ) ) ;
#1247 = CARTESIAN_POINT ( 'NONE',  ( -1.780000000000000200, 0.6500000000000026900, 4.124999999999999100 ) ) ;
#1248 = VERTEX_POINT ( 'NONE', #1976 ) ;
#1249 = CARTESIAN_POINT ( 'NONE',  ( 2.790000000000000000, 2.929999999999999300, -3.550000000000002500 ) ) ;
#1250 = EDGE_CURVE ( 'NONE', #1985, #3562, #5687, .T. ) ;
#1251 = CIRCLE ( 'NONE', #483, 0.1904999999999997000 ) ;
#1252 = CIRCLE ( 'NONE', #814, 0.1904999999999997000 ) ;
#1253 = LINE ( 'NONE', #7266, #7057 ) ;
#1254 = ORIENTED_EDGE ( 'NONE', *, *, #3641, .F. ) ;
#1255 = AXIS2_PLACEMENT_3D ( 'NONE', #6747, #7320, #377 ) ;
#1256 = CARTESIAN_POINT ( 'NONE',  ( 3.299999999999999800, -5.051668046482832700E-016, 4.124999999999999100 ) ) ;
#1257 = DIRECTION ( 'NONE',  ( -1.000000000000000000, -0.0000000000000000000, 0.0000000000000000000 ) ) ;
#1258 = LINE ( 'NONE', #4820, #1899 ) ;
#1259 = ORIENTED_EDGE ( 'NONE', *, *, #1806, .T. ) ;
#1260 = EDGE_LOOP ( 'NONE', ( #2476, #4716, #2004, #3409 ) ) ;
#1261 = ADVANCED_FACE ( 'NONE', ( #2692 ), #5578, .T. ) ;
#1262 = ORIENTED_EDGE ( 'NONE', *, *, #3514, .T. ) ;
#1263 = DIRECTION ( 'NONE',  ( 0.0000000000000000000, 5.027841771134210700E-016, -1.000000000000000000 ) ) ;
#1264 = VECTOR ( 'NONE', #5713, 1000.000000000000000 ) ;
#1265 = DIRECTION ( 'NONE',  ( -1.000000000000000000, -0.0000000000000000000, -0.0000000000000000000 ) ) ;
#1266 = CIRCLE ( 'NONE', #7488, 0.4404999999999998900 ) ;
#1267 = ORIENTED_EDGE ( 'NONE', *, *, #3559, .T. ) ;
#1268 = CARTESIAN_POINT ( 'NONE',  ( 6.859999999999999400, 2.679999999999999300, -3.550000000000002500 ) ) ;
#1269 = DIRECTION ( 'NONE',  ( 0.0000000000000000000, 5.027841771134210700E-016, -1.000000000000000000 ) ) ;
#1270 = EDGE_CURVE ( 'NONE', #5532, #2434, #4311, .T. ) ;
#1271 = VERTEX_POINT ( 'NONE', #2006 ) ;
#1272 = LINE ( 'NONE', #4309, #7257 ) ;
#1273 = VECTOR ( 'NONE', #440, 1000.000000000000000 ) ;
#1274 = DIRECTION ( 'NONE',  ( 0.0000000000000000000, -1.000000000000000000, 0.0000000000000000000 ) ) ;
#1275 = LINE ( 'NONE', #4701, #5189 ) ;
#1276 = DIRECTION ( 'NONE',  ( -1.000000000000000000, -0.0000000000000000000, -0.0000000000000000000 ) ) ;
#1277 = EDGE_CURVE ( 'NONE', #3562, #4697, #4581, .T. ) ;
#1278 = EDGE_CURVE ( 'NONE', #3942, #1393, #334, .T. ) ;
#1279 = ORIENTED_EDGE ( 'NONE', *, *, #4380, .T. ) ;
#1280 = VECTOR ( 'NONE', #5615, 1000.000000000000000 ) ;
#1281 = LINE ( 'NONE', #3296, #1462 ) ;
#1282 = DIRECTION ( 'NONE',  ( 0.0000000000000000000, 0.0000000000000000000, 1.000000000000000000 ) ) ;
#1283 = LINE ( 'NONE', #1136, #3287 ) ;
#1284 = ORIENTED_EDGE ( 'NONE', *, *, #5345, .F. ) ;
#1285 = CARTESIAN_POINT ( 'NONE',  ( 0.7600000000000002300, -5.051668046482832700E-016, -4.124999999999999100 ) ) ;
#1286 = CARTESIAN_POINT ( 'NONE',  ( -8.004722325026744300, -5.051668046482832700E-016, 4.124999999999999100 ) ) ;
#1287 = EDGE_CURVE ( 'NONE', #7029, #570, #6062, .T. ) ;
#1288 = AXIS2_PLACEMENT_3D ( 'NONE', #3123, #6634, #796 ) ;
#1289 = CARTESIAN_POINT ( 'NONE',  ( -2.155277674973256700, -5.051668046482832700E-016, -4.124999999999999100 ) ) ;
#1290 = EDGE_LOOP ( 'NONE', ( #6994, #5629, #773, #4690 ) ) ;
#1291 = VECTOR ( 'NONE', #7103, 1000.000000000000000 ) ;
#1292 = ORIENTED_EDGE ( 'NONE', *, *, #2483, .T. ) ;
#1293 = LINE ( 'NONE', #573, #5827 ) ;
#1294 = ADVANCED_FACE ( 'NONE', ( #3674 ), #6417, .T. ) ;
#1295 = AXIS2_PLACEMENT_3D ( 'NONE', #1387, #841, #4894 ) ;
#1296 = CARTESIAN_POINT ( 'NONE',  ( -2.790000000000000900, 2.489499999999999200, -3.934500000000000300 ) ) ;
#1297 = VECTOR ( 'NONE', #5225, 1000.000000000000000 ) ;
#1298 = ORIENTED_EDGE ( 'NONE', *, *, #2959, .F. ) ;
#1299 = ADVANCED_FACE ( 'NONE', ( #3490 ), #4354, .F. ) ;
#1300 = ADVANCED_FACE ( 'NONE', ( #4857 ), #517, .T. ) ;
#1301 = DIRECTION ( 'NONE',  ( -0.0000000000000000000, 5.027841771134210700E-016, 1.000000000000000000 ) ) ;
#1302 = ORIENTED_EDGE ( 'NONE', *, *, #1163, .F. ) ;
#1303 = DIRECTION ( 'NONE',  ( 0.0000000000000000000, 0.0000000000000000000, 1.000000000000000000 ) ) ;
#1304 = VERTEX_POINT ( 'NONE', #1493 ) ;
#1305 = DIRECTION ( 'NONE',  ( 0.0000000000000000000, 0.0000000000000000000, 1.000000000000000000 ) ) ;
#1306 = ORIENTED_EDGE ( 'NONE', *, *, #154, .T. ) ;
#1307 = DIRECTION ( 'NONE',  ( 0.0000000000000000000, 0.0000000000000000000, 1.000000000000000000 ) ) ;
#1308 = CARTESIAN_POINT ( 'NONE',  ( -1.780000000000000200, 2.929999999999999300, -3.550000000000002500 ) ) ;
#1309 = CARTESIAN_POINT ( 'NONE',  ( 7.870000000000000100, 2.929999999999999300, 3.550000000000002500 ) ) ;
#1310 = CARTESIAN_POINT ( 'NONE',  ( 8.380000000000000800, 2.929999999999999300, -3.550000000000002500 ) ) ;
#1311 = EDGE_CURVE ( 'NONE', #5033, #4458, #5048, .T. ) ;
#1312 = EDGE_CURVE ( 'NONE', #42, #1683, #2585, .T. ) ;
#1313 = LINE ( 'NONE', #1308, #1606 ) ;
#1314 = DIRECTION ( 'NONE',  ( 0.0000000000000000000, 1.000000000000000000, -1.127908631974522500E-015 ) ) ;
#1315 = EDGE_LOOP ( 'NONE', ( #552, #6506, #1344, #7341 ) ) ;
#1316 = CARTESIAN_POINT ( 'NONE',  ( -8.004722325026744300, -5.051668046482832700E-016, -4.125000000000000000 ) ) ;
#1317 = CARTESIAN_POINT ( 'NONE',  ( -7.370000000000000100, -3.299999999999999800, 4.124999999999999100 ) ) ;
#1318 = ORIENTED_EDGE ( 'NONE', *, *, #2871, .T. ) ;
#1319 = DIRECTION ( 'NONE',  ( -0.9914448613738104900, 0.1305261922200519100, 2.422369966424961800E-016 ) ) ;
#1320 = CARTESIAN_POINT ( 'NONE',  ( 4.319999999999999400, 2.929999999999999300, 3.934500000000000300 ) ) ;
#1321 = ORIENTED_EDGE ( 'NONE', *, *, #6125, .F. ) ;
#1322 = CARTESIAN_POINT ( 'NONE',  ( -4.320000000000001200, -3.794707603699265500E-016, 4.375000000000001800 ) ) ;
#1323 = DIRECTION ( 'NONE',  ( -1.000000000000000000, -0.0000000000000000000, -0.0000000000000000000 ) ) ;
#1324 = PRESENTATION_LAYER_ASSIGNMENT (  '', '', ( #3284 ) ) ;
#1325 = ADVANCED_FACE ( 'NONE', ( #326 ), #3264, .F. ) ;
#1326 = CARTESIAN_POINT ( 'NONE',  ( 10.00000000000000200, 2.929999999999999300, -3.549999999999997200 ) ) ;
#1327 = LINE ( 'NONE', #431, #1526 ) ;
#1328 = VECTOR ( 'NONE', #6251, 1000.000000000000000 ) ;
#1329 = FACE_OUTER_BOUND ( 'NONE', #4157, .T. ) ;
#1330 = ORIENTED_EDGE ( 'NONE', *, *, #4256, .F. ) ;
#1331 = DIRECTION ( 'NONE',  ( 0.0000000000000000000, 0.0000000000000000000, -1.000000000000000000 ) ) ;
#1332 = DIRECTION ( 'NONE',  ( 0.0000000000000000000, 5.027841771134210700E-016, -1.000000000000000000 ) ) ;
#1333 = CARTESIAN_POINT ( 'NONE',  ( 1.779999999999999400, 2.679999999999998800, -3.934500000000000300 ) ) ;
#1334 = ADVANCED_FACE ( 'NONE', ( #1502 ), #968, .F. ) ;
#1335 = CARTESIAN_POINT ( 'NONE',  ( 0.3847223250267439200, -3.794707603699265500E-016, -4.375000000000001800 ) ) ;
#1336 = LINE ( 'NONE', #429, #1168 ) ;
#1337 = AXIS2_PLACEMENT_3D ( 'NONE', #6993, #5263, #2455 ) ;
#1338 = VECTOR ( 'NONE', #271, 1000.000000000000000 ) ;
#1339 = VECTOR ( 'NONE', #6702, 1000.000000000000000 ) ;
#1340 = ORIENTED_EDGE ( 'NONE', *, *, #3559, .F. ) ;
#1341 = DIRECTION ( 'NONE',  ( -0.0000000000000000000, -1.734723475976793500E-015, -1.000000000000000000 ) ) ;
#1342 = LINE ( 'NONE', #5572, #6620 ) ;
#1343 = LINE ( 'NONE', #7012, #6365 ) ;
#1344 = ORIENTED_EDGE ( 'NONE', *, *, #2062, .F. ) ;
#1345 = DIRECTION ( 'NONE',  ( 0.0000000000000000000, 1.000000000000000000, 0.0000000000000000000 ) ) ;
#1346 = ORIENTED_EDGE ( 'NONE', *, *, #5388, .T. ) ;
#1347 = ORIENTED_EDGE ( 'NONE', *, *, #256, .F. ) ;
#1348 = VECTOR ( 'NONE', #5840, 1000.000000000000100 ) ;
#1349 = VECTOR ( 'NONE', #3395, 1000.000000000000000 ) ;
#1350 = FACE_OUTER_BOUND ( 'NONE', #2081, .T. ) ;
#1351 = ORIENTED_EDGE ( 'NONE', *, *, #46, .T. ) ;
#1352 = PLANE ( 'NONE',  #6882 ) ;
#1353 = CARTESIAN_POINT ( 'NONE',  ( 6.859999999999999400, 2.679999999999999300, -3.550000000000002500 ) ) ;
#1354 = ORIENTED_EDGE ( 'NONE', *, *, #3852, .T. ) ;
#1355 = LINE ( 'NONE', #6065, #926 ) ;
#1356 = CARTESIAN_POINT ( 'NONE',  ( -0.7600000000000002300, 2.489499999999999200, 4.125000000000000000 ) ) ;
#1357 = ORIENTED_EDGE ( 'NONE', *, *, #1699, .T. ) ;
#1358 = LINE ( 'NONE', #998, #7263 ) ;
#1359 = CARTESIAN_POINT ( 'NONE',  ( -4.830000000000001000, -3.299999999999999800, -4.124999999999999100 ) ) ;
#1360 = AXIS2_PLACEMENT_3D ( 'NONE', #6697, #4330, #5551 ) ;
#1361 = DIRECTION ( 'NONE',  ( 0.0000000000000000000, 5.027841771134210700E-016, -1.000000000000000000 ) ) ;
#1362 = ORIENTED_EDGE ( 'NONE', *, *, #1470, .F. ) ;
#1363 = LINE ( 'NONE', #2277, #6833 ) ;
#1364 = LINE ( 'NONE', #5031, #5835 ) ;
#1365 = LINE ( 'NONE', #7163, #4547 ) ;
#1366 = PLANE ( 'NONE',  #5147 ) ;
#1367 = DIRECTION ( 'NONE',  ( 1.000000000000000000, 0.0000000000000000000, 0.0000000000000000000 ) ) ;
#1368 = VECTOR ( 'NONE', #4487, 1000.000000000000000 ) ;
#1369 = LINE ( 'NONE', #1673, #2556 ) ;
#1370 = DIRECTION ( 'NONE',  ( -1.000000000000000000, -0.0000000000000000000, 0.0000000000000000000 ) ) ;
#1371 = ORIENTED_EDGE ( 'NONE', *, *, #6253, .T. ) ;
#1372 = CARTESIAN_POINT ( 'NONE',  ( 1.779999999999999400, 2.929999999999999300, -3.550000000000002500 ) ) ;
#1373 = CARTESIAN_POINT ( 'NONE',  ( -2.290000000000000500, -3.299999999999999800, -4.124999999999999100 ) ) ;
#1374 = ADVANCED_FACE ( 'NONE', ( #5144 ), #4918, .F. ) ;
#1375 = CARTESIAN_POINT ( 'NONE',  ( -1.780000000000000200, 0.6500000000000025800, 4.125000000000000000 ) ) ;
#1376 = CARTESIAN_POINT ( 'NONE',  ( -3.300000000000000700, 2.929999999999999300, -3.550000000000002500 ) ) ;
#1377 = ORIENTED_EDGE ( 'NONE', *, *, #1912, .F. ) ;
#1378 = VECTOR ( 'NONE', #518, 1000.000000000000000 ) ;
#1379 = EDGE_CURVE ( 'NONE', #3048, #6751, #6868, .T. ) ;
#1380 = DIRECTION ( 'NONE',  ( 0.0000000000000000000, -1.000000000000000000, -1.498163464873311700E-016 ) ) ;
#1381 = CARTESIAN_POINT ( 'NONE',  ( 0.7600000000000002300, 2.489499999999999200, -4.375000000000000000 ) ) ;
#1382 = AXIS2_PLACEMENT_3D ( 'NONE', #122, #3547, #5401 ) ;
#1383 = ORIENTED_EDGE ( 'NONE', *, *, #1716, .F. ) ;
#1384 = LINE ( 'NONE', #1333, #7387 ) ;
#1385 = DIRECTION ( 'NONE',  ( 0.0000000000000000000, -5.027841771134210700E-016, -1.000000000000000000 ) ) ;
#1386 = DIRECTION ( 'NONE',  ( 0.0000000000000000000, 1.000000000000000000, -1.498163464873311500E-016 ) ) ;
#1387 = CARTESIAN_POINT ( 'NONE',  ( 1.779999999999999400, 2.489499999999999200, -3.934500000000000300 ) ) ;
#1388 = EDGE_CURVE ( 'NONE', #1248, #329, #1063, .T. ) ;
#1389 = CARTESIAN_POINT ( 'NONE',  ( -5.330000000000001800, -3.299999999999999400, 4.375000000000000900 ) ) ;
#1390 = DIRECTION ( 'NONE',  ( 0.0000000000000000000, -1.498163464873311500E-016, 1.000000000000000000 ) ) ;
#1391 = VECTOR ( 'NONE', #2211, 1000.000000000000000 ) ;
#1392 = ORIENTED_EDGE ( 'NONE', *, *, #3227, .F. ) ;
#1393 = VERTEX_POINT ( 'NONE', #6696 ) ;
#1394 = DIRECTION ( 'NONE',  ( -1.000000000000000000, -0.0000000000000000000, 0.0000000000000000000 ) ) ;
#1395 = EDGE_CURVE ( 'NONE', #5425, #4122, #5488, .T. ) ;
#1396 = DIRECTION ( 'NONE',  ( 0.0000000000000000000, -1.000000000000000000, 0.0000000000000000000 ) ) ;
#1397 = LINE ( 'NONE', #6933, #320 ) ;
#1399 = ORIENTED_EDGE ( 'NONE', *, *, #7045, .T. ) ;
#1398 = DIRECTION ( 'NONE',  ( 0.0000000000000000000, 0.0000000000000000000, -1.000000000000000000 ) ) ;
#1400 = CARTESIAN_POINT ( 'NONE',  ( 4.319999999999999400, 2.489499999999999200, -3.934500000000000300 ) ) ;
#1401 = CARTESIAN_POINT ( 'NONE',  ( -0.2500000000000002200, -3.794707603699265500E-016, 4.375000000000001800 ) ) ;
#1402 = DIRECTION ( 'NONE',  ( 0.0000000000000000000, 1.734723475976793700E-015, 1.000000000000000000 ) ) ;
#1403 = EDGE_CURVE ( 'NONE', #862, #4445, #4400, .T. ) ;
#1404 = FACE_OUTER_BOUND ( 'NONE', #851, .T. ) ;
#1405 = FACE_OUTER_BOUND ( 'NONE', #644, .T. ) ;
#1406 = DIRECTION ( 'NONE',  ( 0.0000000000000000000, -5.027841771134210700E-016, -1.000000000000000000 ) ) ;
#1407 = EDGE_LOOP ( 'NONE', ( #6153, #1847, #6169, #4838, #7151, #4927, #1495, #5730 ) ) ;
#1408 = ORIENTED_EDGE ( 'NONE', *, *, #1287, .F. ) ;
#1409 = EDGE_CURVE ( 'NONE', #7450, #6786, #6151, .T. ) ;
#1410 = DIRECTION ( 'NONE',  ( 0.8660254037844405900, 0.4999999999999967200, 2.513920885567089100E-016 ) ) ;
#1411 = DIRECTION ( 'NONE',  ( 0.0000000000000000000, -1.000000000000000000, -6.968160176649155900E-016 ) ) ;
#1412 = FACE_OUTER_BOUND ( 'NONE', #7079, .T. ) ;
#1413 = EDGE_LOOP ( 'NONE', ( #4703, #906, #6671, #3206 ) ) ;
#1414 = DIRECTION ( 'NONE',  ( 0.0000000000000000000, -1.000000000000000000, 1.498163464873311500E-016 ) ) ;
#1415 = CARTESIAN_POINT ( 'NONE',  ( -10.00000000000002300, 4.669999999999997300, 4.336808689942017700E-016 ) ) ;
#1416 = DIRECTION ( 'NONE',  ( -0.4999999999999967200, 0.8660254037844405900, -1.297447619602006000E-016 ) ) ;
#1417 = VERTEX_POINT ( 'NONE', #7457 ) ;
#1418 = EDGE_CURVE ( 'NONE', #3440, #2685, #5967, .T. ) ;
#1419 = DIRECTION ( 'NONE',  ( 0.0000000000000000000, -5.027841771134210700E-016, -1.000000000000000000 ) ) ;
#1420 = ORIENTED_EDGE ( 'NONE', *, *, #6096, .T. ) ;
#1421 = CARTESIAN_POINT ( 'NONE',  ( 8.380000000000000800, -5.051668046482832700E-016, -4.124999999999999100 ) ) ;
#1422 = CARTESIAN_POINT ( 'NONE',  ( -5.330000000000001800, -3.299999999999999800, 4.124999999999999100 ) ) ;
#1423 = ORIENTED_EDGE ( 'NONE', *, *, #7106, .T. ) ;
#1424 = PLANE ( 'NONE',  #910 ) ;
#1425 = CARTESIAN_POINT ( 'NONE',  ( -10.00000000000002500, 2.929999999999999300, -3.549999999999985600 ) ) ;
#1426 = VECTOR ( 'NONE', #3195, 1000.000000000000000 ) ;
#1427 = PRESENTATION_STYLE_ASSIGNMENT (( #898 ) ) ;
#1428 = LINE ( 'NONE', #614, #5710 ) ;
#1429 = VERTEX_POINT ( 'NONE', #5046 ) ;
#1430 = AXIS2_PLACEMENT_3D ( 'NONE', #6381, #4624, #4602 ) ;
#1431 = PLANE ( 'NONE',  #107 ) ;
#1432 = FACE_OUTER_BOUND ( 'NONE', #2102, .T. ) ;
#1433 = DIRECTION ( 'NONE',  ( 0.0000000000000000000, 1.000000000000000000, 1.498163464873311700E-016 ) ) ;
#1434 = DIRECTION ( 'NONE',  ( 0.0000000000000000000, 1.000000000000000000, 0.0000000000000000000 ) ) ;
#1435 = DIRECTION ( 'NONE',  ( 0.0000000000000000000, 1.000000000000000000, 5.027841771134210700E-016 ) ) ;
#1436 = CIRCLE ( 'NONE', #2950, 0.4404999999999998900 ) ;
#1437 = ORIENTED_EDGE ( 'NONE', *, *, #2483, .F. ) ;
#1438 = PLANE ( 'NONE',  #3145 ) ;
#1439 = CARTESIAN_POINT ( 'NONE',  ( -8.380000000000000800, 2.679999999999999300, 3.550000000000002500 ) ) ;
#1440 = ORIENTED_EDGE ( 'NONE', *, *, #1624, .T. ) ;
#1441 = ORIENTED_EDGE ( 'NONE', *, *, #3051, .T. ) ;
#1442 = CARTESIAN_POINT ( 'NONE',  ( -2.290000000000000500, -3.299999999999999800, -4.124999999999999100 ) ) ;
#1443 = MECHANICAL_DESIGN_GEOMETRIC_PRESENTATION_REPRESENTATION (  '', ( #7426 ), #5197 ) ;
#1444 = DIRECTION ( 'NONE',  ( -1.000000000000000000, -0.0000000000000000000, 2.168404344971006100E-017 ) ) ;
#1445 = LINE ( 'NONE', #2384, #6370 ) ;
#1446 = ORIENTED_EDGE ( 'NONE', *, *, #7191, .T. ) ;
#1447 = CARTESIAN_POINT ( 'NONE',  ( 1.779999999999999400, 2.679999999999999300, -3.550000000000002500 ) ) ;
#1448 =( LENGTH_UNIT ( ) NAMED_UNIT ( * ) SI_UNIT ( .MILLI., .METRE. ) );
#1449 = VERTEX_POINT ( 'NONE', #4482 ) ;
#1450 = VERTEX_POINT ( 'NONE', #2192 ) ;
#1451 = DIRECTION ( 'NONE',  ( -0.0000000000000000000, 5.027841771134210700E-016, 1.000000000000000000 ) ) ;
#1452 = ORIENTED_EDGE ( 'NONE', *, *, #2552, .F. ) ;
#1453 = FACE_OUTER_BOUND ( 'NONE', #3843, .T. ) ;
#1454 =( GEOMETRIC_REPRESENTATION_CONTEXT ( 3 ) GLOBAL_UNCERTAINTY_ASSIGNED_CONTEXT ( ( #325 ) ) GLOBAL_UNIT_ASSIGNED_CONTEXT ( ( #6238, #3791, #361 ) ) REPRESENTATION_CONTEXT ( 'NONE', 'WORKASPACE' ) );
#1455 = LINE ( 'NONE', #1973, #7255 ) ;
#1456 = CARTESIAN_POINT ( 'NONE',  ( 0.2500000000000002200, -5.051668046482832700E-016, -4.124999999999999100 ) ) ;
#1457 = EDGE_CURVE ( 'NONE', #5191, #6955, #2322, .T. ) ;
#1458 = ORIENTED_EDGE ( 'NONE', *, *, #2383, .F. ) ;
#1459 = LINE ( 'NONE', #3494, #2642 ) ;
#1460 = LINE ( 'NONE', #7282, #6379 ) ;
#1461 = DIRECTION ( 'NONE',  ( 0.0000000000000000000, 0.0000000000000000000, 1.000000000000000000 ) ) ;
#1462 = VECTOR ( 'NONE', #6834, 1000.000000000000000 ) ;
#1463 = EDGE_CURVE ( 'NONE', #4229, #6880, #6585, .T. ) ;
#1464 = CYLINDRICAL_SURFACE ( 'NONE', #4725, 0.1904999999999997000 ) ;
#1465 = PLANE ( 'NONE',  #4172 ) ;
#1466 = ORIENTED_EDGE ( 'NONE', *, *, #3099, .F. ) ;
#1467 = CARTESIAN_POINT ( 'NONE',  ( 0.2500000000000002200, -3.299999999999999800, -4.124999999999999100 ) ) ;
#1468 = CARTESIAN_POINT ( 'NONE',  ( -5.840000000000001600, 2.679999999999999300, 3.550000000000002500 ) ) ;
#1469 = ORIENTED_EDGE ( 'NONE', *, *, #5740, .F. ) ;
#1470 = EDGE_CURVE ( 'NONE', #7467, #7256, #419, .T. ) ;
#1471 = SURFACE_SIDE_STYLE ('',( #945 ) ) ;
#1472 = ORIENTED_EDGE ( 'NONE', *, *, #4273, .T. ) ;
#1473 = ORIENTED_EDGE ( 'NONE', *, *, #3089, .F. ) ;
#1474 = DIRECTION ( 'NONE',  ( 0.0000000000000000000, 0.0000000000000000000, 1.000000000000000000 ) ) ;
#1475 = VERTEX_POINT ( 'NONE', #3939 ) ;
#1476 = CARTESIAN_POINT ( 'NONE',  ( -7.870000000000000100, 2.489499999999999200, -4.375000000000000000 ) ) ;
#1477 = VECTOR ( 'NONE', #2201, 1000.000000000000000 ) ;
#1478 = VERTEX_POINT ( 'NONE', #6780 ) ;
#1479 = EDGE_LOOP ( 'NONE', ( #2857, #1362, #7121, #5913 ) ) ;
#1480 = LINE ( 'NONE', #2663, #7477 ) ;
#1481 = DIRECTION ( 'NONE',  ( 0.0000000000000000000, -1.000000000000000000, 0.0000000000000000000 ) ) ;
#1482 = AXIS2_PLACEMENT_3D ( 'NONE', #3247, #6218, #2677 ) ;
#1483 = PLANE ( 'NONE',  #2698 ) ;
#1484 = VERTEX_POINT ( 'NONE', #3291 ) ;
#1485 = LINE ( 'NONE', #1827, #7196 ) ;
#1486 = VERTEX_POINT ( 'NONE', #3914 ) ;
#1487 = DIRECTION ( 'NONE',  ( 0.4999999999999967200, -0.8660254037844405900, 1.297447619602006200E-016 ) ) ;
#1488 = ORIENTED_EDGE ( 'NONE', *, *, #2395, .F. ) ;
#1489 = CARTESIAN_POINT ( 'NONE',  ( -0.7600000000000002300, 2.489499999999999200, -4.375000000000000000 ) ) ;
#1490 = LINE ( 'NONE', #6287, #2854 ) ;
#1491 = FACE_OUTER_BOUND ( 'NONE', #643, .T. ) ;
#1492 = AXIS2_PLACEMENT_3D ( 'NONE', #1296, #6011, #244 ) ;
#1493 = CARTESIAN_POINT ( 'NONE',  ( 1.779999999999999400, 2.929999999999999300, 3.550000000000002500 ) ) ;
#1494 = CARTESIAN_POINT ( 'NONE',  ( 0.7600000000000002300, 2.929999999999999300, 3.550000000000002500 ) ) ;
#1495 = ORIENTED_EDGE ( 'NONE', *, *, #4252, .F. ) ;
#1496 = PLANE ( 'NONE',  #1360 ) ;
#1497 = APPLICATION_PROTOCOL_DEFINITION ( 'draft international standard', 'automotive_design', 1998, #3235 ) ;
#1498 = CARTESIAN_POINT ( 'NONE',  ( 7.870000000000000100, -3.299999999999999400, 4.375000000000000900 ) ) ;
#1499 = ORIENTED_EDGE ( 'NONE', *, *, #2247, .F. ) ;
#1500 = CARTESIAN_POINT ( 'NONE',  ( 0.2500000000000002200, 2.489499999999999200, 4.375000000000000000 ) ) ;
#1501 = DIRECTION ( 'NONE',  ( -1.000000000000000000, -0.0000000000000000000, -0.0000000000000000000 ) ) ;
#1502 = FACE_OUTER_BOUND ( 'NONE', #2838, .T. ) ;
#1503 = EDGE_CURVE ( 'NONE', #5826, #7471, #2412, .T. ) ;
#1504 = AXIS2_PLACEMENT_3D ( 'NONE', #2564, #5477, #3770 ) ;
#1505 = DIRECTION ( 'NONE',  ( 0.0000000000000000000, 1.000000000000000000, -3.484080088324578000E-016 ) ) ;
#1506 = DIRECTION ( 'NONE',  ( 0.0000000000000000000, 5.027841771134210700E-016, -1.000000000000000000 ) ) ;
#1507 = CARTESIAN_POINT ( 'NONE',  ( -2.790000000000000900, -3.299999999999999400, 4.375000000000000900 ) ) ;
#1508 = FILL_AREA_STYLE ('',( #3850 ) ) ;
#1509 = FACE_OUTER_BOUND ( 'NONE', #6264, .T. ) ;
#1510 = ORIENTED_EDGE ( 'NONE', *, *, #5364, .F. ) ;
#1511 = CARTESIAN_POINT ( 'NONE',  ( 2.924722325026743800, -3.794707603699265500E-016, 4.375000000000001800 ) ) ;
#1512 = ORIENTED_EDGE ( 'NONE', *, *, #6513, .F. ) ;
#1513 = DIRECTION ( 'NONE',  ( 0.0000000000000000000, 1.000000000000000000, -1.498163464873311500E-016 ) ) ;
#1514 = EDGE_CURVE ( 'NONE', #4262, #5255, #2243, .T. ) ;
#1515 = CLOSED_SHELL ( 'NONE', ( #3953, #98, #5724, #811, #4801, #2937, #2600, #1843, #5257, #2452, #2114, #4228, #4790, #2861, #3432, #4151, #2337, #2894 ) ) ;
#1516 = CARTESIAN_POINT ( 'NONE',  ( 7.370000000000000100, 2.489499999999999200, -4.125000000000000000 ) ) ;
#1517 = EDGE_CURVE ( 'NONE', #2309, #2541, #1490, .T. ) ;
#1518 = ORIENTED_EDGE ( 'NONE', *, *, #6496, .T. ) ;
#1519 = DIRECTION ( 'NONE',  ( 0.0000000000000000000, -1.498163464873311500E-016, -1.000000000000000000 ) ) ;
#1520 = CARTESIAN_POINT ( 'NONE',  ( 8.380000000000000800, -5.051668046482832700E-016, 4.124999999999999100 ) ) ;
#1521 = DIRECTION ( 'NONE',  ( 1.000000000000000000, 0.0000000000000000000, 0.0000000000000000000 ) ) ;
#1522 = DIRECTION ( 'NONE',  ( -1.000000000000000000, -0.0000000000000000000, -0.0000000000000000000 ) ) ;
#1523 = ORIENTED_EDGE ( 'NONE', *, *, #4959, .F. ) ;
#1524 = CARTESIAN_POINT ( 'NONE',  ( -4.320000000000001200, 0.6500000000000026900, -4.375000000000000000 ) ) ;
#1525 = CARTESIAN_POINT ( 'NONE',  ( 4.829999999999999200, 2.489499999999999200, 3.934500000000000300 ) ) ;
#1526 = VECTOR ( 'NONE', #1069, 1000.000000000000000 ) ;
#1527 = FACE_OUTER_BOUND ( 'NONE', #912, .T. ) ;
#1528 = EDGE_LOOP ( 'NONE', ( #2972, #7160, #4511, #596 ) ) ;
#1529 = AXIS2_PLACEMENT_3D ( 'NONE', #4471, #2134, #964 ) ;
#1530 = CARTESIAN_POINT ( 'NONE',  ( -4.320000000000001200, 2.489499999999999200, 4.375000000000000000 ) ) ;
#1531 = FACE_OUTER_BOUND ( 'NONE', #2785, .T. ) ;
#1532 = DIRECTION ( 'NONE',  ( 0.0000000000000000000, 1.000000000000000000, -1.498163464873311700E-016 ) ) ;
#1533 = LINE ( 'NONE', #5886, #7327 ) ;
#1535 = EDGE_CURVE ( 'NONE', #3392, #7187, #4652, .T. ) ;
#1534 = CARTESIAN_POINT ( 'NONE',  ( -9.714314080235375600, 5.099999999999997000, -3.549999999999985600 ) ) ;
#1536 = VECTOR ( 'NONE', #4363, 1000.000000000000000 ) ;
#1537 = VERTEX_POINT ( 'NONE', #3886 ) ;
#1538 = PLANE ( 'NONE',  #2173 ) ;
#1539 = ORIENTED_EDGE ( 'NONE', *, *, #2250, .F. ) ;
#1540 = VECTOR ( 'NONE', #1487, 1000.000000000000100 ) ;
#1541 = CARTESIAN_POINT ( 'NONE',  ( -1.780000000000000200, 2.929999999999999300, -3.550000000000002500 ) ) ;
#1542 = AXIS2_PLACEMENT_3D ( 'NONE', #7487, #2796, #6294 ) ;
#1543 = VECTOR ( 'NONE', #487, 1000.000000000000000 ) ;
#1544 = ORIENTED_EDGE ( 'NONE', *, *, #7158, .T. ) ;
#1545 = EDGE_CURVE ( 'NONE', #7207, #5306, #5216, .T. ) ;
#1546 = DIRECTION ( 'NONE',  ( 0.8660254037844405900, 0.4999999999999967200, -2.513920885567089100E-016 ) ) ;
#1547 = CARTESIAN_POINT ( 'NONE',  ( 5.330000000000000100, 2.929999999999999300, -3.550000000000002500 ) ) ;
#1548 = LINE ( 'NONE', #5690, #4704 ) ;
#1549 = VECTOR ( 'NONE', #1929, 1000.000000000000000 ) ;
#1550 = CARTESIAN_POINT ( 'NONE',  ( -5.330000000000001800, 2.489499999999999200, -3.934500000000000300 ) ) ;
#1551 = AXIS2_PLACEMENT_3D ( 'NONE', #2269, #660, #6446 ) ;
#1552 = CIRCLE ( 'NONE', #2508, 0.4404999999999998900 ) ;
#1553 = ORIENTED_EDGE ( 'NONE', *, *, #4025, .F. ) ;
#1554 = CARTESIAN_POINT ( 'NONE',  ( -10.00000000000002300, 4.669999999999997300, 0.8900000000000001200 ) ) ;
#1555 = ORIENTED_EDGE ( 'NONE', *, *, #4734, .T. ) ;
#1556 = LINE ( 'NONE', #6660, #4452 ) ;
#1557 = DIRECTION ( 'NONE',  ( 1.000000000000000000, 0.0000000000000000000, -0.0000000000000000000 ) ) ;
#1558 = ORIENTED_EDGE ( 'NONE', *, *, #3064, .F. ) ;
#1559 = LINE ( 'NONE', #5582, #5360 ) ;
#1560 = CARTESIAN_POINT ( 'NONE',  ( -3.300000000000000700, 0.6500000000000045700, -4.124999999999999100 ) ) ;
#1561 = DIRECTION ( 'NONE',  ( -0.4999999999999977200, -0.8660254037844399300, -1.297447619602005200E-016 ) ) ;
#1562 = DIRECTION ( 'NONE',  ( -1.000000000000000000, -0.0000000000000000000, -0.0000000000000000000 ) ) ;
#1563 = EDGE_CURVE ( 'NONE', #5997, #1429, #4575, .T. ) ;
#1564 = ORIENTED_EDGE ( 'NONE', *, *, #4519, .F. ) ;
#1565 = EDGE_CURVE ( 'NONE', #5290, #742, #5597, .T. ) ;
#1566 = VECTOR ( 'NONE', #5190, 1000.000000000000000 ) ;
#1567 = CARTESIAN_POINT ( 'NONE',  ( 9.714314080235354300, 0.5100000000000000100, 3.264314080235353200 ) ) ;
#1568 = EDGE_CURVE ( 'NONE', #862, #1484, #6676, .T. ) ;
#1569 = VECTOR ( 'NONE', #5552, 1000.000000000000000 ) ;
#1570 = VECTOR ( 'NONE', #4410, 1000.000000000000000 ) ;
#1571 = LINE ( 'NONE', #2946, #4089 ) ;
#1572 = CARTESIAN_POINT ( 'NONE',  ( 8.380000000000000800, 2.679999999999998800, -3.934500000000000300 ) ) ;
#1573 = ORIENTED_EDGE ( 'NONE', *, *, #2782, .F. ) ;
#1574 = CARTESIAN_POINT ( 'NONE',  ( -0.7600000000000002300, 2.489499999999999200, 4.375000000000000000 ) ) ;
#1575 = DIRECTION ( 'NONE',  ( 1.000000000000000000, 0.0000000000000000000, -2.168404344971006100E-017 ) ) ;
#1576 = LINE ( 'NONE', #7459, #6034 ) ;
#1577 = FILL_AREA_STYLE ('',( #6856 ) ) ;
#1578 = DIRECTION ( 'NONE',  ( 0.0000000000000000000, -1.000000000000000000, -6.968160176649155900E-016 ) ) ;
#1579 = DIRECTION ( 'NONE',  ( 0.0000000000000000000, -1.000000000000000000, -1.498163464873311500E-016 ) ) ;
#1580 = AXIS2_PLACEMENT_3D ( 'NONE', #740, #4837, #1331 ) ;
#1581 = ORIENTED_EDGE ( 'NONE', *, *, #6922, .F. ) ;
#1582 = VERTEX_POINT ( 'NONE', #6830 ) ;
#1583 = ORIENTED_EDGE ( 'NONE', *, *, #4270, .T. ) ;
#1584 = CARTESIAN_POINT ( 'NONE',  ( -7.370000000000000100, -5.051668046482832700E-016, -4.124999999999999100 ) ) ;
#1585 = VERTEX_POINT ( 'NONE', #461 ) ;
#1586 = VERTEX_POINT ( 'NONE', #3318 ) ;
#1587 = DIRECTION ( 'NONE',  ( 0.4999999999999977200, 0.8660254037844399300, -1.297447619602005500E-016 ) ) ;
#1588 = DIRECTION ( 'NONE',  ( 0.0000000000000000000, 1.000000000000000000, -1.498163464873311700E-016 ) ) ;
#1589 = DIRECTION ( 'NONE',  ( -1.000000000000000000, -0.0000000000000000000, -0.0000000000000000000 ) ) ;
#1590 = DIRECTION ( 'NONE',  ( -1.000000000000000000, -0.0000000000000000000, -0.0000000000000000000 ) ) ;
#1591 = CIRCLE ( 'NONE', #5508, 0.1904999999999997000 ) ;
#1592 = ORIENTED_EDGE ( 'NONE', *, *, #1864, .F. ) ;
#1593 = ORIENTED_EDGE ( 'NONE', *, *, #448, .T. ) ;
#1594 = EDGE_CURVE ( 'NONE', #6516, #5182, #2768, .T. ) ;
#1595 = DIRECTION ( 'NONE',  ( 1.000000000000000000, 0.0000000000000000000, 0.0000000000000000000 ) ) ;
#1596 = CIRCLE ( 'NONE', #1186, 0.4404999999999998900 ) ;
#1597 = FACE_OUTER_BOUND ( 'NONE', #5062, .T. ) ;
#1598 = DIRECTION ( 'NONE',  ( 0.0000000000000000000, -1.000000000000000000, 1.498163464873311700E-016 ) ) ;
#1599 = VERTEX_POINT ( 'NONE', #7376 ) ;
#1600 = ORIENTED_EDGE ( 'NONE', *, *, #6534, .T. ) ;
#1601 = DIRECTION ( 'NONE',  ( -1.000000000000000000, -0.0000000000000000000, -0.0000000000000000000 ) ) ;
#1602 = CARTESIAN_POINT ( 'NONE',  ( -3.300000000000000700, 2.929999999999999300, 3.550000000000002500 ) ) ;
#1603 = AXIS2_PLACEMENT_3D ( 'NONE', #5412, #4773, #5394 ) ;
#1604 = DIRECTION ( 'NONE',  ( -1.000000000000000000, -0.0000000000000000000, 0.0000000000000000000 ) ) ;
#1605 = DIRECTION ( 'NONE',  ( 0.0000000000000000000, 1.000000000000000000, 5.027841771134210700E-016 ) ) ;
#1606 = VECTOR ( 'NONE', #5975, 1000.000000000000000 ) ;
#1607 = CARTESIAN_POINT ( 'NONE',  ( 0.7600000000000002300, 2.679999999999999300, 3.550000000000002500 ) ) ;
#1608 = ORIENTED_EDGE ( 'NONE', *, *, #302, .F. ) ;
#1609 = CARTESIAN_POINT ( 'NONE',  ( 8.380000000000000800, 0.6500000000000026900, 4.124999999999999100 ) ) ;
#1610 = ORIENTED_EDGE ( 'NONE', *, *, #6719, .T. ) ;
#1611 = DIRECTION ( 'NONE',  ( 1.000000000000000000, 0.0000000000000000000, 0.0000000000000000000 ) ) ;
#1612 = EDGE_CURVE ( 'NONE', #607, #5191, #3122, .T. ) ;
#1613 = LINE ( 'NONE', #3491, #2335 ) ;
#1614 = ORIENTED_EDGE ( 'NONE', *, *, #3305, .F. ) ;
#1615 = ORIENTED_EDGE ( 'NONE', *, *, #5253, .F. ) ;
#1616 = DIRECTION ( 'NONE',  ( 0.0000000000000000000, 1.000000000000000000, -1.127908631974522500E-015 ) ) ;
#1617 = AXIS2_PLACEMENT_3D ( 'NONE', #479, #3907, #5090 ) ;
#1618 = CARTESIAN_POINT ( 'NONE',  ( 8.380000000000000800, -5.051668046482832700E-016, 4.124999999999999100 ) ) ;
#1619 = CARTESIAN_POINT ( 'NONE',  ( -1.780000000000000200, 0.6500000000000026900, -4.124999999999999100 ) ) ;
#1620 = EDGE_LOOP ( 'NONE', ( #3024, #6564, #1523, #4441, #1473, #5214, #195, #2388, #4875, #4943 ) ) ;
#1621 = ADVANCED_FACE ( 'NONE', ( #3575 ), #1628, .F. ) ;
#1622 = DIRECTION ( 'NONE',  ( 0.0000000000000000000, 0.0000000000000000000, 1.000000000000000000 ) ) ;
#1623 = VERTEX_POINT ( 'NONE', #4008 ) ;
#1624 = EDGE_CURVE ( 'NONE', #1631, #215, #2234, .T. ) ;
#1625 = DIRECTION ( 'NONE',  ( 0.0000000000000000000, 1.000000000000000000, 0.0000000000000000000 ) ) ;
#1626 = EDGE_CURVE ( 'NONE', #2685, #705, #5305, .T. ) ;
#1627 = FACE_OUTER_BOUND ( 'NONE', #2657, .T. ) ;
#1628 = PLANE ( 'NONE',  #2587 ) ;
#1629 = FACE_OUTER_BOUND ( 'NONE', #4034, .T. ) ;
#1630 = VECTOR ( 'NONE', #7235, 1000.000000000000000 ) ;
#1631 = VERTEX_POINT ( 'NONE', #2310 ) ;
#1632 = CARTESIAN_POINT ( 'NONE',  ( -8.380000000000000800, 2.679999999999998800, -3.934500000000000300 ) ) ;
#1633 = CARTESIAN_POINT ( 'NONE',  ( -2.790000000000000900, -3.299999999999999400, -4.375000000000000900 ) ) ;
#1634 = VECTOR ( 'NONE', #2777, 1000.000000000000000 ) ;
#1635 = VECTOR ( 'NONE', #6771, 1000.000000000000000 ) ;
#1636 = ORIENTED_EDGE ( 'NONE', *, *, #6963, .T. ) ;
#1637 = AXIS2_PLACEMENT_3D ( 'NONE', #2028, #6638, #1966 ) ;
#1638 = CARTESIAN_POINT ( 'NONE',  ( -5.464722325026745200, -5.051668046482832700E-016, -4.124999999999999100 ) ) ;
#1639 = ORIENTED_EDGE ( 'NONE', *, *, #3303, .T. ) ;
#1640 = CARTESIAN_POINT ( 'NONE',  ( -0.7600000000000002300, 2.679999999999998800, -3.934500000000000300 ) ) ;
#1641 = CARTESIAN_POINT ( 'NONE',  ( 7.370000000000000100, -3.794707603699265500E-016, -4.375000000000001800 ) ) ;
#1642 = ORIENTED_EDGE ( 'NONE', *, *, #442, .F. ) ;
#1643 = LINE ( 'NONE', #6406, #3164 ) ;
#1644 = LINE ( 'NONE', #2032, #6097 ) ;
#1645 = ORIENTED_EDGE ( 'NONE', *, *, #1198, .T. ) ;
#1646 = DIRECTION ( 'NONE',  ( 0.0000000000000000000, 0.0000000000000000000, -1.000000000000000000 ) ) ;
#1647 = ORIENTED_EDGE ( 'NONE', *, *, #7298, .F. ) ;
#1648 = ORIENTED_EDGE ( 'NONE', *, *, #2062, .T. ) ;
#1649 = AXIS2_PLACEMENT_3D ( 'NONE', #7485, #41, #4578 ) ;
#1650 = DIRECTION ( 'NONE',  ( 0.0000000000000000000, -1.000000000000000000, 1.498163464873311700E-016 ) ) ;
#1651 = ORIENTED_EDGE ( 'NONE', *, *, #5641, .T. ) ;
#1652 =( LENGTH_UNIT ( ) NAMED_UNIT ( * ) SI_UNIT ( .MILLI., .METRE. ) );
#1653 = FACE_OUTER_BOUND ( 'NONE', #2596, .T. ) ;
#1654 = PLANE ( 'NONE',  #1664 ) ;
#1655 = FACE_OUTER_BOUND ( 'NONE', #5026, .T. ) ;
#1656 = ADVANCED_FACE ( 'NONE', ( #3034 ), #2930, .F. ) ;
#1657 = ORIENTED_EDGE ( 'NONE', *, *, #6095, .F. ) ;
#1658 = CARTESIAN_POINT ( 'NONE',  ( 8.380000000000000800, 0.6500000000000025800, 4.125000000000000000 ) ) ;
#1659 = LINE ( 'NONE', #2943, #4542 ) ;
#1660 = VERTEX_POINT ( 'NONE', #5812 ) ;
#1661 = FACE_OUTER_BOUND ( 'NONE', #5432, .T. ) ;
#1662 = DIRECTION ( 'NONE',  ( -1.000000000000000000, -0.0000000000000000000, 0.0000000000000000000 ) ) ;
#1663 = EDGE_CURVE ( 'NONE', #7128, #5134, #3314, .T. ) ;
#1664 = AXIS2_PLACEMENT_3D ( 'NONE', #4502, #2215, #6828 ) ;
#1665 = CARTESIAN_POINT ( 'NONE',  ( 2.155277674973255800, -5.051668046482832700E-016, -4.124999999999999100 ) ) ;
#1666 = CIRCLE ( 'NONE', #7034, 0.4404999999999998900 ) ;
#1667 = LINE ( 'NONE', #5351, #6028 ) ;
#1668 = CARTESIAN_POINT ( 'NONE',  ( 2.289999999999999600, -3.299999999999999800, -4.124999999999999100 ) ) ;
#1669 = CARTESIAN_POINT ( 'NONE',  ( 0.7600000000000002300, 2.489499999999999200, -3.934500000000000300 ) ) ;
#1670 = ORIENTED_EDGE ( 'NONE', *, *, #196, .T. ) ;
#1671 = DIRECTION ( 'NONE',  ( -1.000000000000000000, -0.0000000000000000000, -0.0000000000000000000 ) ) ;
#1672 = EDGE_CURVE ( 'NONE', #6447, #3493, #2580, .T. ) ;
#1673 = CARTESIAN_POINT ( 'NONE',  ( -7.370000000000000100, 2.679999999999998800, 3.934500000000000300 ) ) ;
#1674 = EDGE_CURVE ( 'NONE', #3021, #4056, #3213, .T. ) ;
#1675 = LINE ( 'NONE', #1375, #4290 ) ;
#1676 = VERTEX_POINT ( 'NONE', #632 ) ;
#1677 = CARTESIAN_POINT ( 'NONE',  ( 3.299999999999999800, 2.489499999999999200, -3.934500000000000300 ) ) ;
#1678 = VERTEX_POINT ( 'NONE', #7 ) ;
#1679 = FACE_OUTER_BOUND ( 'NONE', #283, .T. ) ;
#1680 = CARTESIAN_POINT ( 'NONE',  ( -5.840000000000001600, 0.6500000000000045700, -3.934500000000001200 ) ) ;
#1681 = UNCERTAINTY_MEASURE_WITH_UNIT (LENGTH_MEASURE( 1.000000000000000100E-005 ), #2010, 'distance_accuracy_value', 'NONE');
#1682 = EDGE_CURVE ( 'NONE', #6360, #7401, #229, .T. ) ;
#1683 = VERTEX_POINT ( 'NONE', #1188 ) ;
#1684 = VERTEX_POINT ( 'NONE', #5198 ) ;
#1685 = LINE ( 'NONE', #5151, #2575 ) ;
#1686 = CARTESIAN_POINT ( 'NONE',  ( 2.790000000000000000, -5.051668046482832700E-016, -4.124999999999999100 ) ) ;
#1687 = ORIENTED_EDGE ( 'NONE', *, *, #551, .F. ) ;
#1688 = CARTESIAN_POINT ( 'NONE',  ( -6.859999999999999400, -5.051668046482832700E-016, 4.124999999999999100 ) ) ;
#1689 = AXIS2_PLACEMENT_3D ( 'NONE', #3126, #4268, #799 ) ;
#1690 = VECTOR ( 'NONE', #1106, 1000.000000000000000 ) ;
#1691 = ORIENTED_EDGE ( 'NONE', *, *, #71, .F. ) ;
#1692 = CARTESIAN_POINT ( 'NONE',  ( -6.859999999999999400, 2.489499999999999200, 4.125000000000000000 ) ) ;
#1693 = LINE ( 'NONE', #3604, #144 ) ;
#1694 = ORIENTED_EDGE ( 'NONE', *, *, #1626, .F. ) ;
#1695 = EDGE_CURVE ( 'NONE', #742, #1020, #2679, .T. ) ;
#1696 = ADVANCED_FACE ( 'NONE', ( #4747 ), #6902, .F. ) ;
#1697 = VECTOR ( 'NONE', #6127, 1000.000000000000100 ) ;
#1698 = LINE ( 'NONE', #2148, #4754 ) ;
#1699 = EDGE_CURVE ( 'NONE', #53, #2541, #6493, .T. ) ;
#1700 = CARTESIAN_POINT ( 'NONE',  ( -3.300000000000000700, 2.489499999999999200, -4.375000000000000000 ) ) ;
#1701 = ORIENTED_EDGE ( 'NONE', *, *, #237, .F. ) ;
#1702 = EDGE_CURVE ( 'NONE', #2279, #5732, #7030, .T. ) ;
#1703 = AXIS2_PLACEMENT_3D ( 'NONE', #524, #3966, #3945 ) ;
#1704 = ORIENTED_EDGE ( 'NONE', *, *, #6125, .T. ) ;
#1705 = AXIS2_PLACEMENT_3D ( 'NONE', #131, #3036, #2408 ) ;
#1706 = CARTESIAN_POINT ( 'NONE',  ( -5.840000000000001600, 2.489499999999999200, 3.934500000000000300 ) ) ;
#1707 = CARTESIAN_POINT ( 'NONE',  ( 3.299999999999999800, 2.679999999999999300, -3.550000000000002500 ) ) ;
#1708 = CARTESIAN_POINT ( 'NONE',  ( 5.330000000000000100, -3.299999999999999800, -4.124999999999999100 ) ) ;
#1709 = CARTESIAN_POINT ( 'NONE',  ( -7.235277674973255900, -3.794707603699265500E-016, 4.375000000000001800 ) ) ;
#1710 = ORIENTED_EDGE ( 'NONE', *, *, #6006, .F. ) ;
#1711 = DIRECTION ( 'NONE',  ( 0.0000000000000000000, 0.0000000000000000000, -1.000000000000000000 ) ) ;
#1712 = CARTESIAN_POINT ( 'NONE',  ( 5.839999999999999900, 2.489499999999999200, 4.375000000000000000 ) ) ;
#1713 = CARTESIAN_POINT ( 'NONE',  ( -0.7600000000000002300, 0.6500000000000045700, -4.124999999999999100 ) ) ;
#1714 = ORIENTED_EDGE ( 'NONE', *, *, #4852, .F. ) ;
#1715 = DIRECTION ( 'NONE',  ( 0.0000000000000000000, 0.0000000000000000000, 1.000000000000000000 ) ) ;
#1716 = EDGE_CURVE ( 'NONE', #7185, #5826, #1397, .T. ) ;
#1717 = DIRECTION ( 'NONE',  ( -0.0000000000000000000, 1.000000000000000000, 1.498163464873311500E-016 ) ) ;
#1718 = DIRECTION ( 'NONE',  ( -1.000000000000000000, -0.0000000000000000000, 0.0000000000000000000 ) ) ;
#1719 = EDGE_CURVE ( 'NONE', #3157, #2151, #2944, .T. ) ;
#1720 = VECTOR ( 'NONE', #4695, 1000.000000000000000 ) ;
#1721 = VECTOR ( 'NONE', #872, 1000.000000000000000 ) ;
#1722 = VECTOR ( 'NONE', #6622, 1000.000000000000000 ) ;
#1723 = EDGE_LOOP ( 'NONE', ( #3702, #5950, #1647, #1857 ) ) ;
#1724 = EDGE_CURVE ( 'NONE', #6183, #5910, #4941, .T. ) ;
#1725 = VECTOR ( 'NONE', #3725, 1000.000000000000000 ) ;
#1726 = EDGE_CURVE ( 'NONE', #3622, #5539, #3408, .T. ) ;
#1727 = VECTOR ( 'NONE', #6628, 1000.000000000000000 ) ;
#1728 = ORIENTED_EDGE ( 'NONE', *, *, #5005, .T. ) ;
#1729 = DIRECTION ( 'NONE',  ( 0.0000000000000000000, 1.000000000000000000, 0.0000000000000000000 ) ) ;
#1730 = AXIS2_PLACEMENT_3D ( 'NONE', #110, #3506, #2931 ) ;
#1731 = ORIENTED_EDGE ( 'NONE', *, *, #4782, .F. ) ;
#1732 = ADVANCED_FACE ( 'NONE', ( #4850 ), #7201, .F. ) ;
#1733 = PLANE ( 'NONE',  #1869 ) ;
#1734 = FACE_OUTER_BOUND ( 'NONE', #7472, .T. ) ;
#1735 = VECTOR ( 'NONE', #2306, 1000.000000000000000 ) ;
#1736 = ORIENTED_EDGE ( 'NONE', *, *, #5874, .T. ) ;
#1737 = DIRECTION ( 'NONE',  ( 1.000000000000000000, 0.0000000000000000000, 0.0000000000000000000 ) ) ;
#1738 = DIRECTION ( 'NONE',  ( 0.0000000000000000000, -1.000000000000000000, -6.968160176649155900E-016 ) ) ;
#1739 = VERTEX_POINT ( 'NONE', #6492 ) ;
#1740 = LINE ( 'NONE', #5315, #4615 ) ;
#1741 = EDGE_CURVE ( 'NONE', #2401, #462, #3933, .T. ) ;
#1742 = AXIS2_PLACEMENT_3D ( 'NONE', #6111, #6212, #4438 ) ;
#1743 = CARTESIAN_POINT ( 'NONE',  ( -4.320000000000001200, -3.794707603699265500E-016, -4.375000000000001800 ) ) ;
#1744 = VECTOR ( 'NONE', #2487, 1000.000000000000000 ) ;
#1745 = DIRECTION ( 'NONE',  ( -1.000000000000000000, -0.0000000000000000000, 0.0000000000000000000 ) ) ;
#1746 = CARTESIAN_POINT ( 'NONE',  ( -4.320000000000001200, -5.051668046482832700E-016, 4.124999999999999100 ) ) ;
#1747 = ADVANCED_FACE ( 'NONE', ( #6053 ), #175, .T. ) ;
#1748 = ORIENTED_EDGE ( 'NONE', *, *, #5958, .F. ) ;
#1749 = EDGE_LOOP ( 'NONE', ( #4206, #2165, #2509, #5461 ) ) ;
#1750 = FACE_OUTER_BOUND ( 'NONE', #4094, .T. ) ;
#1751 = FACE_OUTER_BOUND ( 'NONE', #3955, .T. ) ;
#1752 = AXIS2_PLACEMENT_3D ( 'NONE', #2816, #4036, #6973 ) ;
#1753 = ORIENTED_EDGE ( 'NONE', *, *, #6119, .F. ) ;
#1754 = VECTOR ( 'NONE', #1361, 1000.000000000000000 ) ;
#1755 = ORIENTED_EDGE ( 'NONE', *, *, #5210, .F. ) ;
#1756 = CARTESIAN_POINT ( 'NONE',  ( 0.3847223250267439200, -5.051668046482832700E-016, -4.124999999999999100 ) ) ;
#1757 = VECTOR ( 'NONE', #527, 1000.000000000000000 ) ;
#1758 = LINE ( 'NONE', #5498, #1569 ) ;
#1759 = FACE_OUTER_BOUND ( 'NONE', #1749, .T. ) ;
#1760 = LINE ( 'NONE', #2256, #5659 ) ;
#1761 = DIRECTION ( 'NONE',  ( -0.4999999999999977200, -0.8660254037844399300, -1.297447619602005200E-016 ) ) ;
#1762 = CARTESIAN_POINT ( 'NONE',  ( 2.790000000000000000, 2.489499999999999200, -3.934500000000000300 ) ) ;
#1763 = ORIENTED_EDGE ( 'NONE', *, *, #7123, .T. ) ;
#1764 = VERTEX_POINT ( 'NONE', #701 ) ;
#1765 = PRESENTATION_STYLE_ASSIGNMENT (( #2739 ) ) ;
#1766 = DIRECTION ( 'NONE',  ( -1.000000000000000000, -0.0000000000000000000, -0.0000000000000000000 ) ) ;
#1767 = CARTESIAN_POINT ( 'NONE',  ( -1.780000000000000200, 2.679999999999999300, 3.550000000000002500 ) ) ;
#1768 = ADVANCED_FACE ( 'NONE', ( #1597 ), #80, .F. ) ;
#1769 = ORIENTED_EDGE ( 'NONE', *, *, #3780, .T. ) ;
#1770 = VERTEX_POINT ( 'NONE', #4800 ) ;
#1771 = VERTEX_POINT ( 'NONE', #3636 ) ;
#1772 = FACE_OUTER_BOUND ( 'NONE', #97, .T. ) ;
#1773 = DIRECTION ( 'NONE',  ( 0.0000000000000000000, 5.027841771134210700E-016, -1.000000000000000000 ) ) ;
#1774 = AXIS2_PLACEMENT_3D ( 'NONE', #4356, #1435, #7212 ) ;
#1775 = ADVANCED_FACE ( 'NONE', ( #2406 ), #5911, .F. ) ;
#1776 = UNCERTAINTY_MEASURE_WITH_UNIT (LENGTH_MEASURE( 1.000000000000000100E-005 ), #1652, 'distance_accuracy_value', 'NONE');
#1777 = VECTOR ( 'NONE', #2282, 1000.000000000000000 ) ;
#1778 = VERTEX_POINT ( 'NONE', #129 ) ;
#1779 = VERTEX_POINT ( 'NONE', #5332 ) ;
#1780 = LINE ( 'NONE', #4071, #3116 ) ;
#1781 = CARTESIAN_POINT ( 'NONE',  ( -4.830000000000001000, 2.679999999999999300, 3.550000000000002500 ) ) ;
#1782 = LINE ( 'NONE', #298, #6244 ) ;
#1783 = CARTESIAN_POINT ( 'NONE',  ( 3.299999999999999800, 2.679999999999998800, -3.934500000000000300 ) ) ;
#1784 = ORIENTED_EDGE ( 'NONE', *, *, #2652, .F. ) ;
#1785 = DIRECTION ( 'NONE',  ( 0.0000000000000000000, -5.027841771134210700E-016, -1.000000000000000000 ) ) ;
#1786 = AXIS2_PLACEMENT_3D ( 'NONE', #3878, #2105, #402 ) ;
#1787 = DIRECTION ( 'NONE',  ( 0.0000000000000000000, 0.0000000000000000000, -1.000000000000000000 ) ) ;
#1788 = FACE_OUTER_BOUND ( 'NONE', #7364, .T. ) ;
#1789 = EDGE_CURVE ( 'NONE', #3804, #6794, #1693, .T. ) ;
#1790 = CARTESIAN_POINT ( 'NONE',  ( 6.859999999999999400, 0.6500000000000048000, -4.375000000000000900 ) ) ;
#1791 = PLANE ( 'NONE',  #5586 ) ;
#1792 = ORIENTED_EDGE ( 'NONE', *, *, #3590, .F. ) ;
#1793 = AXIS2_PLACEMENT_3D ( 'NONE', #686, #4623, #3487 ) ;
#1794 = CARTESIAN_POINT ( 'NONE',  ( -8.380000000000000800, 2.489499999999999200, -3.934500000000000300 ) ) ;
#1795 = VERTEX_POINT ( 'NONE', #730 ) ;
#1796 = EDGE_CURVE ( 'NONE', #3274, #3562, #5772, .T. ) ;
#1797 = ORIENTED_EDGE ( 'NONE', *, *, #6092, .T. ) ;
#1798 = CARTESIAN_POINT ( 'NONE',  ( -0.7600000000000002300, 2.929999999999999300, -3.934500000000000300 ) ) ;
#1799 = AXIS2_PLACEMENT_3D ( 'NONE', #3273, #7330, #420 ) ;
#1800 = CARTESIAN_POINT ( 'NONE',  ( 4.319999999999999400, 2.679999999999999300, -3.550000000000002500 ) ) ;
#1801 = CARTESIAN_POINT ( 'NONE',  ( 4.695277674973255900, -5.051668046482832700E-016, -4.124999999999999100 ) ) ;
#1802 = ORIENTED_EDGE ( 'NONE', *, *, #1219, .F. ) ;
#1803 = DIRECTION ( 'NONE',  ( 0.0000000000000000000, 1.734723475976793700E-015, 1.000000000000000000 ) ) ;
#1804 = ADVANCED_FACE ( 'NONE', ( #5681 ), #655, .T. ) ;
#1805 = LINE ( 'NONE', #6865, #4881 ) ;
#1806 = EDGE_CURVE ( 'NONE', #1003, #1238, #858, .T. ) ;
#1807 = FACE_OUTER_BOUND ( 'NONE', #7108, .T. ) ;
#1808 = LINE ( 'NONE', #976, #4233 ) ;
#1809 = ORIENTED_EDGE ( 'NONE', *, *, #2381, .T. ) ;
#1810 = CARTESIAN_POINT ( 'NONE',  ( -8.380000000000000800, 2.679999999999998800, -3.934500000000000300 ) ) ;
#1811 = EDGE_CURVE ( 'NONE', #7449, #147, #6145, .T. ) ;
#1812 = DIRECTION ( 'NONE',  ( -0.0000000000000000000, 0.0000000000000000000, 1.000000000000000000 ) ) ;
#1813 = EDGE_CURVE ( 'NONE', #5669, #824, #4203, .T. ) ;
#1814 = VECTOR ( 'NONE', #2594, 1000.000000000000000 ) ;
#1815 = VERTEX_POINT ( 'NONE', #5860 ) ;
#1816 = DIRECTION ( 'NONE',  ( 0.0000000000000000000, 0.0000000000000000000, 1.000000000000000000 ) ) ;
#1817 = ORIENTED_EDGE ( 'NONE', *, *, #5208, .F. ) ;
#1818 = DIRECTION ( 'NONE',  ( 0.0000000000000000000, 1.000000000000000000, -3.484080088324578000E-016 ) ) ;
#1819 = ORIENTED_EDGE ( 'NONE', *, *, #6478, .F. ) ;
#1820 = VECTOR ( 'NONE', #521, 1000.000000000000000 ) ;
#1821 = CARTESIAN_POINT ( 'NONE',  ( -5.464722325026745200, -4.456522286123197600E-016, -4.375000000000000000 ) ) ;
#1822 = VERTEX_POINT ( 'NONE', #1824 ) ;
#1823 = AXIS2_PLACEMENT_3D ( 'NONE', #4044, #1766, #5207 ) ;
#1824 = CARTESIAN_POINT ( 'NONE',  ( 0.7600000000000002300, 2.489499999999999200, 4.125000000000000000 ) ) ;
#1825 = ORIENTED_EDGE ( 'NONE', *, *, #5253, .T. ) ;
#1826 = VERTEX_POINT ( 'NONE', #5311 ) ;
#1827 = CARTESIAN_POINT ( 'NONE',  ( 7.870000000000000100, -3.299999999999999800, 4.124999999999999100 ) ) ;
#1828 = DIRECTION ( 'NONE',  ( 0.0000000000000000000, 1.000000000000000000, 0.0000000000000000000 ) ) ;
#1829 = VERTEX_POINT ( 'NONE', #4163 ) ;
#1830 = FACE_OUTER_BOUND ( 'NONE', #6965, .T. ) ;
#1831 = LINE ( 'NONE', #227, #6303 ) ;
#1832 = DIRECTION ( 'NONE',  ( 0.0000000000000000000, 0.0000000000000000000, -1.000000000000000000 ) ) ;
#1833 = ORIENTED_EDGE ( 'NONE', *, *, #7244, .F. ) ;
#1834 = VECTOR ( 'NONE', #2644, 1000.000000000000000 ) ;
#1835 = EDGE_CURVE ( 'NONE', #342, #4634, #2855, .T. ) ;
#1836 = CARTESIAN_POINT ( 'NONE',  ( 3.299999999999999800, 2.489499999999999200, 3.934500000000000300 ) ) ;
#1837 = VERTEX_POINT ( 'NONE', #5939 ) ;
#1838 = VECTOR ( 'NONE', #2649, 1000.000000000000000 ) ;
#1839 = PLANE ( 'NONE',  #7026 ) ;
#1840 = VECTOR ( 'NONE', #5963, 1000.000000000000000 ) ;
#1841 = ORIENTED_EDGE ( 'NONE', *, *, #274, .T. ) ;
#1842 = CARTESIAN_POINT ( 'NONE',  ( -2.790000000000000900, 2.489499999999999200, -4.375000000000000000 ) ) ;
#1843 = ADVANCED_FACE ( 'NONE', ( #1491 ), #2403, .T. ) ;
#1844 = AXIS2_PLACEMENT_3D ( 'NONE', #4580, #1167, #4040 ) ;
#1845 =( GEOMETRIC_REPRESENTATION_CONTEXT ( 3 ) GLOBAL_UNCERTAINTY_ASSIGNED_CONTEXT ( ( #6845 ) ) GLOBAL_UNIT_ASSIGNED_CONTEXT ( ( #7145, #2177, #6168 ) ) REPRESENTATION_CONTEXT ( 'NONE', 'WORKASPACE' ) );
#1846 = VERTEX_POINT ( 'NONE', #7126 ) ;
#1847 = ORIENTED_EDGE ( 'NONE', *, *, #6313, .T. ) ;
#1848 = DIRECTION ( 'NONE',  ( -1.000000000000000000, -0.0000000000000000000, -0.0000000000000000000 ) ) ;
#1849 = ORIENTED_EDGE ( 'NONE', *, *, #6207, .F. ) ;
#1850 = DIRECTION ( 'NONE',  ( 0.4999999999999977200, 0.8660254037844399300, -1.297447619602005500E-016 ) ) ;
#1851 = VERTEX_POINT ( 'NONE', #6042 ) ;
#1852 = FACE_OUTER_BOUND ( 'NONE', #3468, .T. ) ;
#1853 = EDGE_CURVE ( 'NONE', #3800, #758, #1782, .T. ) ;
#1854 = EDGE_CURVE ( 'NONE', #2486, #5267, #1856, .T. ) ;
#1855 = ORIENTED_EDGE ( 'NONE', *, *, #1624, .F. ) ;
#1856 = LINE ( 'NONE', #4294, #2316 ) ;
#1857 = ORIENTED_EDGE ( 'NONE', *, *, #6719, .F. ) ;
#1858 = VECTOR ( 'NONE', #4672, 1000.000000000000000 ) ;
#1859 = EDGE_LOOP ( 'NONE', ( #1133, #7416, #6607, #1351 ) ) ;
#1860 = PLANE ( 'NONE',  #2071 ) ;
#1861 = ORIENTED_EDGE ( 'NONE', *, *, #4638, .T. ) ;
#1862 = DIRECTION ( 'NONE',  ( 0.0000000000000000000, -1.000000000000000000, -6.968160176649155900E-016 ) ) ;
#1863 = CARTESIAN_POINT ( 'NONE',  ( -7.870000000000000100, -3.299999999999999800, -4.124999999999999100 ) ) ;
#1864 = EDGE_CURVE ( 'NONE', #1826, #4374, #6484, .T. ) ;
#1865 = ORIENTED_EDGE ( 'NONE', *, *, #3396, .F. ) ;
#1866 = VECTOR ( 'NONE', #4595, 1000.000000000000000 ) ;
#1867 = ORIENTED_EDGE ( 'NONE', *, *, #5829, .T. ) ;
#1868 = CARTESIAN_POINT ( 'NONE',  ( 0.2500000000000002200, 2.489499999999999200, 3.934500000000000300 ) ) ;
#1869 = AXIS2_PLACEMENT_3D ( 'NONE', #5788, #2311, #6377 ) ;
#1870 = DIRECTION ( 'NONE',  ( 2.149853345202147500E-017, -0.1305261922200519100, 0.9914448613738104900 ) ) ;
#1871 = CARTESIAN_POINT ( 'NONE',  ( -2.290000000000000500, 2.929999999999999300, 3.550000000000002500 ) ) ;
#1872 = VERTEX_POINT ( 'NONE', #6068 ) ;
#1873 = CARTESIAN_POINT ( 'NONE',  ( -5.840000000000001600, 0.6500000000000048000, 4.375000000000000900 ) ) ;
#1874 = CARTESIAN_POINT ( 'NONE',  ( -7.870000000000000100, 2.489499999999999200, 3.934500000000000300 ) ) ;
#1875 = PLANE ( 'NONE',  #1705 ) ;
#1876 = VECTOR ( 'NONE', #6075, 1000.000000000000000 ) ;
#1877 = DIRECTION ( 'NONE',  ( -1.000000000000000000, -0.0000000000000000000, 0.0000000000000000000 ) ) ;
#1878 = AXIS2_PLACEMENT_3D ( 'NONE', #6706, #6167, #1588 ) ;
#1879 = ADVANCED_FACE ( 'NONE', ( #674 ), #876, .T. ) ;
#1880 = DIRECTION ( 'NONE',  ( 0.0000000000000000000, 1.000000000000000000, 3.484080088324578000E-016 ) ) ;
#1881 = ORIENTED_EDGE ( 'NONE', *, *, #7094, .T. ) ;
#1882 = DIRECTION ( 'NONE',  ( 0.0000000000000000000, -1.000000000000000000, -6.968160176649155900E-016 ) ) ;
#1883 = CARTESIAN_POINT ( 'NONE',  ( -8.380000000000000800, -5.051668046482832700E-016, 4.124999999999999100 ) ) ;
#1884 = DIRECTION ( 'NONE',  ( 0.0000000000000000000, 0.0000000000000000000, -1.000000000000000000 ) ) ;
#1885 = DIRECTION ( 'NONE',  ( 0.0000000000000000000, 0.0000000000000000000, 1.000000000000000000 ) ) ;
#1886 = ADVANCED_FACE ( 'NONE', ( #853 ), #6588, .F. ) ;
#1887 = CARTESIAN_POINT ( 'NONE',  ( 5.330000000000000100, -3.299999999999999800, -4.124999999999999100 ) ) ;
#1888 = ADVANCED_FACE ( 'NONE', ( #411 ), #2573, .F. ) ;
#1889 = ORIENTED_EDGE ( 'NONE', *, *, #5499, .F. ) ;
#1890 = DIRECTION ( 'NONE',  ( -1.000000000000000000, -0.0000000000000000000, -0.0000000000000000000 ) ) ;
#1891 = VECTOR ( 'NONE', #5152, 1000.000000000000000 ) ;
#1892 = CARTESIAN_POINT ( 'NONE',  ( 5.330000000000000100, -3.299999999999999800, 4.124999999999999100 ) ) ;
#1893 = VECTOR ( 'NONE', #5355, 1000.000000000000000 ) ;
#1894 = FACE_OUTER_BOUND ( 'NONE', #1957, .T. ) ;
#1895 = ORIENTED_EDGE ( 'NONE', *, *, #3834, .F. ) ;
#1896 = AXIS2_PLACEMENT_3D ( 'NONE', #6419, #2928, #2949 ) ;
#1897 = CARTESIAN_POINT ( 'NONE',  ( -9.428628160470724500, 4.669999999999997300, -0.8900000000000002400 ) ) ;
#1898 = EDGE_CURVE ( 'NONE', #7185, #997, #7392, .T. ) ;
#1899 = VECTOR ( 'NONE', #6604, 1000.000000000000000 ) ;
#1900 = CARTESIAN_POINT ( 'NONE',  ( -7.870000000000000100, -3.794707603699265500E-016, 4.375000000000001800 ) ) ;
#1901 = LINE ( 'NONE', #832, #5607 ) ;
#1902 = CIRCLE ( 'NONE', #3306, 0.4404999999999998900 ) ;
#1903 = ORIENTED_EDGE ( 'NONE', *, *, #7420, .F. ) ;
#1904 = CARTESIAN_POINT ( 'NONE',  ( -5.840000000000001600, 0.6500000000000045700, -4.124999999999999100 ) ) ;
#1905 = ORIENTED_EDGE ( 'NONE', *, *, #4220, .F. ) ;
#1906 = DIRECTION ( 'NONE',  ( 0.0000000000000000000, 0.0000000000000000000, -1.000000000000000000 ) ) ;
#1907 = VECTOR ( 'NONE', #1949, 1000.000000000000000 ) ;
#1908 = CARTESIAN_POINT ( 'NONE',  ( 8.380000000000000800, -3.794707603699265500E-016, -4.375000000000001800 ) ) ;
#1909 = LINE ( 'NONE', #2447, #4892 ) ;
#1910 = ORIENTED_EDGE ( 'NONE', *, *, #3327, .F. ) ;
#1911 = CARTESIAN_POINT ( 'NONE',  ( -0.7600000000000002300, 2.929999999999999300, -3.550000000000002500 ) ) ;
#1912 = EDGE_CURVE ( 'NONE', #5495, #345, #4105, .T. ) ;
#1913 = EDGE_LOOP ( 'NONE', ( #847, #5832, #3225, #181, #2621, #6209, #4419, #4937 ) ) ;
#1914 = VECTOR ( 'NONE', #4653, 1000.000000000000000 ) ;
#1915 = ADVANCED_FACE ( 'NONE', ( #5127 ), #3177, .F. ) ;
#1916 = ORIENTED_EDGE ( 'NONE', *, *, #2189, .T. ) ;
#1917 = DIRECTION ( 'NONE',  ( -1.000000000000000000, -0.0000000000000000000, -0.0000000000000000000 ) ) ;
#1918 = ORIENTED_EDGE ( 'NONE', *, *, #3731, .F. ) ;
#1919 = LINE ( 'NONE', #1944, #2288 ) ;
#1920 = AXIS2_PLACEMENT_3D ( 'NONE', #150, #6540, #2450 ) ;
#1921 = ADVANCED_FACE ( 'NONE', ( #6580 ), #7204, .F. ) ;
#1922 = LINE ( 'NONE', #6269, #2372 ) ;
#1923 = DIRECTION ( 'NONE',  ( 1.000000000000000000, 0.0000000000000000000, -0.0000000000000000000 ) ) ;
#1924 = PLANE ( 'NONE',  #6 ) ;
#1925 = ORIENTED_EDGE ( 'NONE', *, *, #599, .T. ) ;
#1926 = EDGE_CURVE ( 'NONE', #5767, #5539, #1046, .T. ) ;
#1927 = PLANE ( 'NONE',  #7260 ) ;
#1928 = LINE ( 'NONE', #5066, #4817 ) ;
#1929 = DIRECTION ( 'NONE',  ( 0.0000000000000000000, 1.127908631974522500E-015, -1.000000000000000000 ) ) ;
#1930 = ADVANCED_FACE ( 'NONE', ( #7022 ), #6609, .F. ) ;
#1931 = LINE ( 'NONE', #3771, #391 ) ;
#1932 = CARTESIAN_POINT ( 'NONE',  ( 7.870000000000000100, -3.299999999999999400, -4.375000000000000900 ) ) ;
#1933 = CARTESIAN_POINT ( 'NONE',  ( 5.330000000000000100, -3.299999999999999400, 4.375000000000000900 ) ) ;
#1934 = DIRECTION ( 'NONE',  ( -1.000000000000000000, -0.0000000000000000000, 0.0000000000000000000 ) ) ;
#1935 = EDGE_CURVE ( 'NONE', #7368, #3804, #2574, .T. ) ;
#1936 = ORIENTED_EDGE ( 'NONE', *, *, #2832, .F. ) ;
#1937 = ORIENTED_EDGE ( 'NONE', *, *, #6421, .F. ) ;
#1938 = VECTOR ( 'NONE', #6475, 1000.000000000000000 ) ;
#1939 = EDGE_LOOP ( 'NONE', ( #3683, #5148, #4736, #2070 ) ) ;
#1940 = CARTESIAN_POINT ( 'NONE',  ( 5.330000000000000100, 2.489499999999999200, -3.934500000000000300 ) ) ;
#1941 = FACE_OUTER_BOUND ( 'NONE', #1990, .T. ) ;
#1942 = ORIENTED_EDGE ( 'NONE', *, *, #7496, .T. ) ;
#1943 = EDGE_CURVE ( 'NONE', #4791, #4697, #6233, .T. ) ;
#1944 = CARTESIAN_POINT ( 'NONE',  ( -0.3847223250267439200, -5.051668046482832700E-016, 4.125000000000000000 ) ) ;
#1945 = ORIENTED_EDGE ( 'NONE', *, *, #3903, .T. ) ;
#1946 = DIRECTION ( 'NONE',  ( 1.000000000000000000, 0.0000000000000000000, -0.0000000000000000000 ) ) ;
#1947 = LINE ( 'NONE', #6311, #1391 ) ;
#1948 = ORIENTED_EDGE ( 'NONE', *, *, #5337, .T. ) ;
#1949 = DIRECTION ( 'NONE',  ( 0.0000000000000000000, 1.127908631974522500E-015, -1.000000000000000000 ) ) ;
#1950 = CARTESIAN_POINT ( 'NONE',  ( -2.790000000000000900, 2.489499999999999200, 4.375000000000000000 ) ) ;
#1951 = EDGE_CURVE ( 'NONE', #5976, #6217, #2396, .T. ) ;
#1952 = CARTESIAN_POINT ( 'NONE',  ( -7.370000000000000100, 2.489499999999999200, -3.934500000000000300 ) ) ;
#1953 = ORIENTED_EDGE ( 'NONE', *, *, #2423, .T. ) ;
#1954 = DIRECTION ( 'NONE',  ( 1.000000000000000000, 0.0000000000000000000, 0.0000000000000000000 ) ) ;
#1955 = ADVANCED_FACE ( 'NONE', ( #3118 ), #6773, .F. ) ;
#1956 = PLANE ( 'NONE',  #4939 ) ;
#1957 = EDGE_LOOP ( 'NONE', ( #6284, #2294, #5232, #1755 ) ) ;
#1958 = AXIS2_PLACEMENT_3D ( 'NONE', #48, #638, #4680 ) ;
#1959 = VERTEX_POINT ( 'NONE', #3146 ) ;
#1960 = PLANE ( 'NONE',  #5517 ) ;
#1961 = DIRECTION ( 'NONE',  ( 0.0000000000000000000, 5.027841771134210700E-016, 1.000000000000000000 ) ) ;
#1962 = ADVANCED_FACE ( 'NONE', ( #312 ), #6743, .T. ) ;
#1963 = DIRECTION ( 'NONE',  ( -0.4999999999999967200, 0.8660254037844405900, 1.297447619602006000E-016 ) ) ;
#1964 = DIRECTION ( 'NONE',  ( 0.0000000000000000000, -1.000000000000000000, 6.968160176649155900E-016 ) ) ;
#1965 = ORIENTED_EDGE ( 'NONE', *, *, #1036, .T. ) ;
#1966 = DIRECTION ( 'NONE',  ( 1.000000000000000000, 0.0000000000000000000, 0.0000000000000000000 ) ) ;
#1967 = CARTESIAN_POINT ( 'NONE',  ( -7.370000000000000100, 2.489499999999999200, -3.934500000000000300 ) ) ;
#1968 = ORIENTED_EDGE ( 'NONE', *, *, #1159, .T. ) ;
#1969 = CARTESIAN_POINT ( 'NONE',  ( -9.714314080235373800, 5.099999999999997000, 3.264314080235353600 ) ) ;
#1970 = EDGE_CURVE ( 'NONE', #3092, #3657, #4934, .T. ) ;
#1971 = MECHANICAL_DESIGN_GEOMETRIC_PRESENTATION_REPRESENTATION (  '', ( #3284 ), #5463 ) ;
#1972 = ORIENTED_EDGE ( 'NONE', *, *, #3211, .F. ) ;
#1973 = CARTESIAN_POINT ( 'NONE',  ( 4.319999999999999400, 0.6500000000000045700, 3.934500000000001200 ) ) ;
#1974 = LINE ( 'NONE', #5595, #884 ) ;
#1975 = VERTEX_POINT ( 'NONE', #5620 ) ;
#1976 = CARTESIAN_POINT ( 'NONE',  ( 1.779999999999999400, 0.6500000000000048000, -4.375000000000000900 ) ) ;
#1977 = DIRECTION ( 'NONE',  ( 0.0000000000000000000, -1.000000000000000000, 6.968160176649155900E-016 ) ) ;
#1978 = DIRECTION ( 'NONE',  ( 0.0000000000000000000, -1.498163464873311500E-016, 1.000000000000000000 ) ) ;
#1979 = PLANE ( 'NONE',  #3231 ) ;
#1980 = DIRECTION ( 'NONE',  ( 0.0000000000000000000, -1.000000000000000000, -1.498163464873311500E-016 ) ) ;
#1981 = VECTOR ( 'NONE', #3424, 1000.000000000000000 ) ;
#1982 = LINE ( 'NONE', #4339, #89 ) ;
#1984 = CARTESIAN_POINT ( 'NONE',  ( 7.235277674973255900, -5.051668046482832700E-016, 4.125000000000000000 ) ) ;
#1983 = VECTOR ( 'NONE', #444, 1000.000000000000000 ) ;
#1985 = VERTEX_POINT ( 'NONE', #1567 ) ;
#1986 = DIRECTION ( 'NONE',  ( -0.0000000000000000000, 1.000000000000000000, 1.498163464873311500E-016 ) ) ;
#1987 = PLANE ( 'NONE',  #7371 ) ;
#1988 = EDGE_CURVE ( 'NONE', #2128, #2279, #6948, .T. ) ;
#1989 = LINE ( 'NONE', #4691, #7346 ) ;
#1990 = EDGE_LOOP ( 'NONE', ( #4260, #5475, #2565, #2850 ) ) ;
#1991 = EDGE_CURVE ( 'NONE', #1486, #69, #2497, .T. ) ;
#1992 =( GEOMETRIC_REPRESENTATION_CONTEXT ( 3 ) GLOBAL_UNCERTAINTY_ASSIGNED_CONTEXT ( ( #1681 ) ) GLOBAL_UNIT_ASSIGNED_CONTEXT ( ( #2010, #6160, #5051 ) ) REPRESENTATION_CONTEXT ( 'NONE', 'WORKASPACE' ) );
#1993 = DIRECTION ( 'NONE',  ( -1.000000000000000000, -0.0000000000000000000, 0.0000000000000000000 ) ) ;
#1994 = UNCERTAINTY_MEASURE_WITH_UNIT (LENGTH_MEASURE( 1.000000000000000100E-005 ), #2988, 'distance_accuracy_value', 'NONE');
#1995 = ADVANCED_FACE ( 'NONE', ( #6854 ), #5538, .T. ) ;
#1996 = ORIENTED_EDGE ( 'NONE', *, *, #3530, .F. ) ;
#1997 = ORIENTED_EDGE ( 'NONE', *, *, #1277, .F. ) ;
#1998 = VECTOR ( 'NONE', #921, 1000.000000000000000 ) ;
#1999 = FACE_OUTER_BOUND ( 'NONE', #3499, .T. ) ;
#2000 = ORIENTED_EDGE ( 'NONE', *, *, #6775, .T. ) ;
#2001 = FACE_OUTER_BOUND ( 'NONE', #2124, .T. ) ;
#2002 = CARTESIAN_POINT ( 'NONE',  ( 6.859999999999999400, 2.929999999999999300, 3.550000000000002500 ) ) ;
#2003 = ADVANCED_FACE ( 'NONE', ( #3928 ), #2045, .F. ) ;
#2004 = ORIENTED_EDGE ( 'NONE', *, *, #3141, .F. ) ;
#2005 = ORIENTED_EDGE ( 'NONE', *, *, #6057, .F. ) ;
#2006 = CARTESIAN_POINT ( 'NONE',  ( -9.770924654197953500, 4.669999999999997300, 0.8900000000000001200 ) ) ;
#2007 = ORIENTED_EDGE ( 'NONE', *, *, #5413, .T. ) ;
#2008 = CARTESIAN_POINT ( 'NONE',  ( -4.830000000000001000, 4.336808689942017700E-016, -4.375000000000000000 ) ) ;
#2009 = LINE ( 'NONE', #2719, #471 ) ;
#2010 =( LENGTH_UNIT ( ) NAMED_UNIT ( * ) SI_UNIT ( .MILLI., .METRE. ) );
#2011 = PLANE ( 'NONE',  #3239 ) ;
#2012 = ORIENTED_EDGE ( 'NONE', *, *, #2209, .F. ) ;
#2013 = VECTOR ( 'NONE', #4752, 1000.000000000000000 ) ;
#2014 = DIRECTION ( 'NONE',  ( 0.0000000000000000000, 5.027841771134210700E-016, 1.000000000000000000 ) ) ;
#2015 = EDGE_CURVE ( 'NONE', #5916, #6376, #5294, .T. ) ;
#2016 = DIRECTION ( 'NONE',  ( -0.0000000000000000000, 5.027841771134210700E-016, 1.000000000000000000 ) ) ;
#2017 = ORIENTED_EDGE ( 'NONE', *, *, #1724, .F. ) ;
#2018 = CARTESIAN_POINT ( 'NONE',  ( -1.780000000000000200, 2.489499999999999200, -3.934500000000000300 ) ) ;
#2019 = LINE ( 'NONE', #981, #5451 ) ;
#2020 = DIRECTION ( 'NONE',  ( -0.0000000000000000000, 1.000000000000000000, 1.498163464873311500E-016 ) ) ;
#2021 = LINE ( 'NONE', #6731, #480 ) ;
#2022 = DIRECTION ( 'NONE',  ( 0.0000000000000000000, -1.000000000000000000, 1.498163464873311700E-016 ) ) ;
#2023 = DIRECTION ( 'NONE',  ( -0.1294283079955639800, 0.9831056027603600800, -0.1294283079955638700 ) ) ;
#2024 = LINE ( 'NONE', #1181, #6467 ) ;
#2025 = CARTESIAN_POINT ( 'NONE',  ( 2.790000000000000000, -3.299999999999999800, 4.124999999999999100 ) ) ;
#2026 = VERTEX_POINT ( 'NONE', #427 ) ;
#2027 = AXIS2_PLACEMENT_3D ( 'NONE', #6281, #557, #6348 ) ;
#2028 = CARTESIAN_POINT ( 'NONE',  ( 2.790000000000000000, 2.929999999999999300, 3.550000000000002500 ) ) ;
#2029 = CARTESIAN_POINT ( 'NONE',  ( 5.330000000000000100, 2.929999999999999300, 3.934500000000000300 ) ) ;
#2030 = ORIENTED_EDGE ( 'NONE', *, *, #6149, .T. ) ;
#2031 = CARTESIAN_POINT ( 'NONE',  ( -1.780000000000000200, 2.489499999999999200, 4.375000000000000000 ) ) ;
#2032 = CARTESIAN_POINT ( 'NONE',  ( -3.300000000000000700, 2.489499999999999200, -4.375000000000000000 ) ) ;
#2033 = ORIENTED_EDGE ( 'NONE', *, *, #6408, .T. ) ;
#2034 = LINE ( 'NONE', #5303, #6568 ) ;
#2035 = ORIENTED_EDGE ( 'NONE', *, *, #2537, .F. ) ;
#2036 = AXIS2_PLACEMENT_3D ( 'NONE', #3465, #2312, #5135 ) ;
#2037 = DIRECTION ( 'NONE',  ( 0.0000000000000000000, 0.0000000000000000000, 1.000000000000000000 ) ) ;
#2038 = ORIENTED_EDGE ( 'NONE', *, *, #6667, .T. ) ;
#2039 = VECTOR ( 'NONE', #971, 1000.000000000000000 ) ;
#2040 = CARTESIAN_POINT ( 'NONE',  ( -10.00000000000002300, 2.929999999999999300, 3.550000000000002900 ) ) ;
#2041 = DIRECTION ( 'NONE',  ( -1.000000000000000000, -0.0000000000000000000, -0.0000000000000000000 ) ) ;
#2042 = DIRECTION ( 'NONE',  ( 0.0000000000000000000, 0.0000000000000000000, -1.000000000000000000 ) ) ;
#2043 = DIRECTION ( 'NONE',  ( 0.0000000000000000000, 0.0000000000000000000, -1.000000000000000000 ) ) ;
#2044 = PLANE ( 'NONE',  #5087 ) ;
#2045 = CYLINDRICAL_SURFACE ( 'NONE', #1529, 0.1904999999999997000 ) ;
#2046 = VERTEX_POINT ( 'NONE', #1456 ) ;
#2047 = LINE ( 'NONE', #615, #1225 ) ;
#2048 = ORIENTED_EDGE ( 'NONE', *, *, #2180, .F. ) ;
#2049 = CARTESIAN_POINT ( 'NONE',  ( -2.790000000000000900, -4.336808689942017700E-016, 4.125000000000000000 ) ) ;
#2050 = DIRECTION ( 'NONE',  ( 0.0000000000000000000, 0.0000000000000000000, 1.000000000000000000 ) ) ;
#2051 = CARTESIAN_POINT ( 'NONE',  ( 5.839999999999999900, -5.051668046482832700E-016, 4.124999999999999100 ) ) ;
#2052 = PLANE ( 'NONE',  #2760 ) ;
#2053 = ADVANCED_FACE ( 'NONE', ( #3564 ), #1483, .T. ) ;
#2054 = LINE ( 'NONE', #1129, #5480 ) ;
#2055 = ORIENTED_EDGE ( 'NONE', *, *, #1898, .F. ) ;
#2056 = EDGE_CURVE ( 'NONE', #6669, #4901, #2229, .T. ) ;
#2058 = ORIENTED_EDGE ( 'NONE', *, *, #3413, .T. ) ;
#2057 = CARTESIAN_POINT ( 'NONE',  ( -2.290000000000000500, 2.489499999999999200, 4.375000000000000000 ) ) ;
#2059 = DIRECTION ( 'NONE',  ( -1.000000000000000000, -0.0000000000000000000, -0.0000000000000000000 ) ) ;
#2060 = PRESENTATION_STYLE_ASSIGNMENT (( #3117 ) ) ;
#2061 = CARTESIAN_POINT ( 'NONE',  ( 7.870000000000000100, 2.679999999999999300, 3.550000000000002500 ) ) ;
#2062 = EDGE_CURVE ( 'NONE', #2361, #7128, #5576, .T. ) ;
#2063 = ORIENTED_EDGE ( 'NONE', *, *, #1695, .T. ) ;
#2064 = DIRECTION ( 'NONE',  ( -0.0000000000000000000, 1.000000000000000000, 1.498163464873311500E-016 ) ) ;
#2065 = EDGE_CURVE ( 'NONE', #2671, #215, #5217, .T. ) ;
#2066 = DIRECTION ( 'NONE',  ( 0.0000000000000000000, 0.0000000000000000000, -1.000000000000000000 ) ) ;
#2067 = CARTESIAN_POINT ( 'NONE',  ( -7.235277674973255900, -5.051668046482832700E-016, -4.124999999999999100 ) ) ;
#2068 = ORIENTED_EDGE ( 'NONE', *, *, #1741, .T. ) ;
#2069 = CARTESIAN_POINT ( 'NONE',  ( 2.790000000000000000, -3.299999999999999800, -4.124999999999999100 ) ) ;
#2070 = ORIENTED_EDGE ( 'NONE', *, *, #3787, .F. ) ;
#2071 = AXIS2_PLACEMENT_3D ( 'NONE', #1836, #3569, #6499 ) ;
#2072 = SURFACE_STYLE_FILL_AREA ( #4407 ) ;
#2073 = ORIENTED_EDGE ( 'NONE', *, *, #5484, .T. ) ;
#2074 =( LENGTH_UNIT ( ) NAMED_UNIT ( * ) SI_UNIT ( .MILLI., .METRE. ) );
#2075 = CARTESIAN_POINT ( 'NONE',  ( 0.2500000000000002200, 2.679999999999998800, 3.934500000000000300 ) ) ;
#2076 = ORIENTED_EDGE ( 'NONE', *, *, #948, .T. ) ;
#2077 = DIRECTION ( 'NONE',  ( -1.000000000000000000, -0.0000000000000000000, 0.0000000000000000000 ) ) ;
#2078 = VECTOR ( 'NONE', #3988, 1000.000000000000000 ) ;
#2079 = VECTOR ( 'NONE', #1818, 1000.000000000000000 ) ;
#2080 = LINE ( 'NONE', #2242, #2520 ) ;
#2081 = EDGE_LOOP ( 'NONE', ( #505, #2109, #1156, #7317, #1701, #6583, #2695, #4321, #7008, #2246 ) ) ;
#2082 = EDGE_CURVE ( 'NONE', #7041, #1078, #959, .T. ) ;
#2083 =( LENGTH_UNIT ( ) NAMED_UNIT ( * ) SI_UNIT ( .MILLI., .METRE. ) );
#2084 = VECTOR ( 'NONE', #6745, 1000.000000000000000 ) ;
#2085 = DIRECTION ( 'NONE',  ( 0.0000000000000000000, -5.027841771134210700E-016, -1.000000000000000000 ) ) ;
#2086 = PLANE ( 'NONE',  #6665 ) ;
#2087 = VECTOR ( 'NONE', #4114, 1000.000000000000000 ) ;
#2088 = DIRECTION ( 'NONE',  ( 1.000000000000000000, 0.0000000000000000000, -5.854691731421717000E-016 ) ) ;
#2089 = VECTOR ( 'NONE', #3202, 1000.000000000000000 ) ;
#2090 = ORIENTED_EDGE ( 'NONE', *, *, #5239, .T. ) ;
#2091 = DIRECTION ( 'NONE',  ( 0.0000000000000000000, 0.0000000000000000000, -1.000000000000000000 ) ) ;
#2092 = MECHANICAL_DESIGN_GEOMETRIC_PRESENTATION_REPRESENTATION (  '', ( #6603 ), #6241 ) ;
#2093 =( NAMED_UNIT ( * ) PLANE_ANGLE_UNIT ( ) SI_UNIT ( $, .RADIAN. ) );
#2094 =( GEOMETRIC_REPRESENTATION_CONTEXT ( 3 ) GLOBAL_UNCERTAINTY_ASSIGNED_CONTEXT ( ( #1776 ) ) GLOBAL_UNIT_ASSIGNED_CONTEXT ( ( #1652, #2757, #5705 ) ) REPRESENTATION_CONTEXT ( 'NONE', 'WORKASPACE' ) );
#2095 = DIRECTION ( 'NONE',  ( -1.000000000000000000, -0.0000000000000000000, -0.0000000000000000000 ) ) ;
#2096 = FACE_OUTER_BOUND ( 'NONE', #1315, .T. ) ;
#2097 = ORIENTED_EDGE ( 'NONE', *, *, #2870, .F. ) ;
#2098 = CARTESIAN_POINT ( 'NONE',  ( -5.840000000000001600, 2.929999999999999300, 3.550000000000002500 ) ) ;
#2099 = ORIENTED_EDGE ( 'NONE', *, *, #2485, .F. ) ;
#2100 = ORIENTED_EDGE ( 'NONE', *, *, #1988, .T. ) ;
#2101 = PLANE ( 'NONE',  #4544 ) ;
#2102 = EDGE_LOOP ( 'NONE', ( #1573, #4115, #207, #7147, #5521, #5203, #5092, #857 ) ) ;
#2103 = VECTOR ( 'NONE', #693, 1000.000000000000000 ) ;
#2104 = CIRCLE ( 'NONE', #3481, 0.1904999999999997000 ) ;
#2105 = DIRECTION ( 'NONE',  ( 0.8660254037844399300, -0.4999999999999977200, -2.513920885567094000E-016 ) ) ;
#2106 = EDGE_CURVE ( 'NONE', #6877, #5974, #6766, .T. ) ;
#2107 = EDGE_CURVE ( 'NONE', #2535, #316, #5034, .T. ) ;
#2108 = ORIENTED_EDGE ( 'NONE', *, *, #3597, .T. ) ;
#2109 = ORIENTED_EDGE ( 'NONE', *, *, #5337, .F. ) ;
#2110 = COLOUR_RGB ( '',0.2509803921568627400, 0.2509803921568627400, 0.2509803921568627400 ) ;
#2111 = FILL_AREA_STYLE_COLOUR ( '', #2540 ) ;
#2112 = FACE_OUTER_BOUND ( 'NONE', #1939, .T. ) ;
#2113 = CARTESIAN_POINT ( 'NONE',  ( 0.2500000000000002200, 2.489499999999999200, -3.934500000000000300 ) ) ;
#2114 = ADVANCED_FACE ( 'NONE', ( #4297 ), #1538, .T. ) ;
#2115 = VERTEX_POINT ( 'NONE', #4422 ) ;
#2116 =( NAMED_UNIT ( * ) PLANE_ANGLE_UNIT ( ) SI_UNIT ( $, .RADIAN. ) );
#2117 = DIRECTION ( 'NONE',  ( -1.000000000000000000, -0.0000000000000000000, 0.0000000000000000000 ) ) ;
#2118 = VECTOR ( 'NONE', #6844, 1000.000000000000000 ) ;
#2119 = DIRECTION ( 'NONE',  ( 0.0000000000000000000, 0.0000000000000000000, -1.000000000000000000 ) ) ;
#2120 = VECTOR ( 'NONE', #2892, 1000.000000000000000 ) ;
#2121 = VERTEX_POINT ( 'NONE', #1700 ) ;
#2122 = CARTESIAN_POINT ( 'NONE',  ( 5.839999999999999900, -5.051668046482832700E-016, -4.124999999999999100 ) ) ;
#2123 = PLANE ( 'NONE',  #4669 ) ;
#2124 = EDGE_LOOP ( 'NONE', ( #4026, #6539, #1797, #3162 ) ) ;
#2125 = DIRECTION ( 'NONE',  ( 0.0000000000000000000, -1.000000000000000000, 6.968160176649155900E-016 ) ) ;
#2126 = CARTESIAN_POINT ( 'NONE',  ( -9.428628160470724500, 4.669999999999997300, 0.8900000000000004600 ) ) ;
#2127 = CARTESIAN_POINT ( 'NONE',  ( 4.829999999999999200, -3.299999999999999800, -4.124999999999999100 ) ) ;
#2128 = VERTEX_POINT ( 'NONE', #1037 ) ;
#2129 = CARTESIAN_POINT ( 'NONE',  ( 3.299999999999999800, 2.679999999999998800, 3.934500000000000300 ) ) ;
#2130 = VERTEX_POINT ( 'NONE', #2806 ) ;
#2131 = DIRECTION ( 'NONE',  ( 0.0000000000000000000, 5.027841771134210700E-016, 1.000000000000000000 ) ) ;
#2132 = EDGE_CURVE ( 'NONE', #4587, #4579, #3309, .T. ) ;
#2133 = EDGE_CURVE ( 'NONE', #4579, #4674, #3477, .T. ) ;
#2134 = DIRECTION ( 'NONE',  ( -1.000000000000000000, -0.0000000000000000000, 0.0000000000000000000 ) ) ;
#2135 = EDGE_LOOP ( 'NONE', ( #1731, #5185, #2669, #605 ) ) ;
#2136 = LINE ( 'NONE', #5941, #315 ) ;
#2137 = VERTEX_POINT ( 'NONE', #7398 ) ;
#2138 = DIRECTION ( 'NONE',  ( 0.0000000000000000000, 1.000000000000000000, 1.734723475976793700E-015 ) ) ;
#2139 = DIRECTION ( 'NONE',  ( 0.0000000000000000000, 1.000000000000000000, 0.0000000000000000000 ) ) ;
#2140 = VECTOR ( 'NONE', #348, 1000.000000000000000 ) ;
#2141 = AXIS2_PLACEMENT_3D ( 'NONE', #3951, #502, #6790 ) ;
#2142 = ORIENTED_EDGE ( 'NONE', *, *, #1081, .T. ) ;
#2143 = DIRECTION ( 'NONE',  ( 0.0000000000000000000, 0.0000000000000000000, 1.000000000000000000 ) ) ;
#2144 = ORIENTED_EDGE ( 'NONE', *, *, #1503, .F. ) ;
#2145 = CARTESIAN_POINT ( 'NONE',  ( 5.330000000000000100, 2.489499999999999200, 4.125000000000000000 ) ) ;
#2146 = CARTESIAN_POINT ( 'NONE',  ( -7.370000000000000100, 2.489499999999999200, -4.375000000000000000 ) ) ;
#2147 = EDGE_LOOP ( 'NONE', ( #6438, #7347, #675, #106 ) ) ;
#2148 = CARTESIAN_POINT ( 'NONE',  ( 5.839999999999999900, -5.051668046482832700E-016, 4.124999999999999100 ) ) ;
#2149 = VECTOR ( 'NONE', #488, 1000.000000000000000 ) ;
#2150 = CARTESIAN_POINT ( 'NONE',  ( -1.780000000000000200, 2.679999999999998800, 3.934500000000000300 ) ) ;
#2151 = VERTEX_POINT ( 'NONE', #7498 ) ;
#2152 = EDGE_CURVE ( 'NONE', #1829, #2671, #1591, .T. ) ;
#2153 = CARTESIAN_POINT ( 'NONE',  ( 2.790000000000000000, -3.299999999999999800, -4.124999999999999100 ) ) ;
#2154 = AXIS2_PLACEMENT_3D ( 'NONE', #2122, #7384, #3894 ) ;
#2155 = DIRECTION ( 'NONE',  ( -1.000000000000000000, -0.0000000000000000000, -0.0000000000000000000 ) ) ;
#2156 = CARTESIAN_POINT ( 'NONE',  ( -0.7600000000000002300, 2.929999999999999300, -3.550000000000002500 ) ) ;
#2157 = DIRECTION ( 'NONE',  ( 0.0000000000000000000, 0.0000000000000000000, -1.000000000000000000 ) ) ;
#2158 = CARTESIAN_POINT ( 'NONE',  ( 0.2500000000000002200, 2.929999999999999300, 3.550000000000002500 ) ) ;
#2159 = ADVANCED_FACE ( 'NONE', ( #2759 ), #5089, .F. ) ;
#2160 = ORIENTED_EDGE ( 'NONE', *, *, #4250, .T. ) ;
#2161 = DIRECTION ( 'NONE',  ( -0.0000000000000000000, 1.000000000000000000, 1.498163464873311500E-016 ) ) ;
#2162 = ORIENTED_EDGE ( 'NONE', *, *, #2915, .F. ) ;
#2163 = PLANE ( 'NONE',  #95 ) ;
#2164 = ORIENTED_EDGE ( 'NONE', *, *, #5157, .F. ) ;
#2165 = ORIENTED_EDGE ( 'NONE', *, *, #1025, .F. ) ;
#2166 = MECHANICAL_DESIGN_GEOMETRIC_PRESENTATION_REPRESENTATION (  '', ( #3691 ), #5761 ) ;
#2167 = ORIENTED_EDGE ( 'NONE', *, *, #6047, .T. ) ;
#2168 = CARTESIAN_POINT ( 'NONE',  ( 5.464722325026743400, -3.794707603699265500E-016, 4.375000000000001800 ) ) ;
#2169 = CARTESIAN_POINT ( 'NONE',  ( -8.380000000000000800, 2.679999999999999300, -3.550000000000002500 ) ) ;
#2170 = CARTESIAN_POINT ( 'NONE',  ( 0.2500000000000002200, -3.299999999999999400, 4.375000000000000900 ) ) ;
#2171 = DIRECTION ( 'NONE',  ( -0.1305261922200519100, -0.9914448613738104900, 2.476789568205248500E-017 ) ) ;
#2172 = EDGE_LOOP ( 'NONE', ( #7382, #1298, #714, #1968 ) ) ;
#2173 = AXIS2_PLACEMENT_3D ( 'NONE', #3779, #2707, #3435 ) ;
#2174 = DIRECTION ( 'NONE',  ( -0.0000000000000000000, 5.027841771134210700E-016, 1.000000000000000000 ) ) ;
#2175 = VERTEX_POINT ( 'NONE', #5169 ) ;
#2176 = CARTESIAN_POINT ( 'NONE',  ( 2.289999999999999600, 2.489499999999999200, 3.934500000000000300 ) ) ;
#2177 =( NAMED_UNIT ( * ) PLANE_ANGLE_UNIT ( ) SI_UNIT ( $, .RADIAN. ) );
#2178 = VECTOR ( 'NONE', #473, 1000.000000000000000 ) ;
#2179 = VECTOR ( 'NONE', #4259, 1000.000000000000000 ) ;
#2180 = EDGE_CURVE ( 'NONE', #6748, #5331, #1947, .T. ) ;
#2181 = LINE ( 'NONE', #1534, #4787 ) ;
#2182 = ORIENTED_EDGE ( 'NONE', *, *, #5900, .F. ) ;
#2183 = DIRECTION ( 'NONE',  ( 1.000000000000000000, 0.0000000000000000000, -0.0000000000000000000 ) ) ;
#2184 = LINE ( 'NONE', #6797, #2723 ) ;
#2185 = CARTESIAN_POINT ( 'NONE',  ( -1.780000000000000200, 2.489499999999999200, -4.375000000000000000 ) ) ;
#2186 = AXIS2_PLACEMENT_3D ( 'NONE', #3115, #7166, #4284 ) ;
#2187 = PRESENTATION_STYLE_ASSIGNMENT (( #6537 ) ) ;
#2188 = ORIENTED_EDGE ( 'NONE', *, *, #6519, .T. ) ;
#2189 = EDGE_CURVE ( 'NONE', #2130, #4728, #4844, .T. ) ;
#2190 = DIRECTION ( 'NONE',  ( 0.0000000000000000000, 5.027841771134210700E-016, -1.000000000000000000 ) ) ;
#2191 = EDGE_LOOP ( 'NONE', ( #5375, #7439, #187, #3311 ) ) ;
#2192 = CARTESIAN_POINT ( 'NONE',  ( 7.870000000000000100, -3.299999999999999800, 4.124999999999999100 ) ) ;
#2193 = ADVANCED_FACE ( 'NONE', ( #223 ), #5679, .F. ) ;
#2194 = ORIENTED_EDGE ( 'NONE', *, *, #4748, .F. ) ;
#2195 = LINE ( 'NONE', #5201, #1183 ) ;
#2196 = DIRECTION ( 'NONE',  ( 0.0000000000000000000, 1.127908631974522500E-015, -1.000000000000000000 ) ) ;
#2197 = VERTEX_POINT ( 'NONE', #5754 ) ;
#2198 = PLANE ( 'NONE',  #2290 ) ;
#2199 = ORIENTED_EDGE ( 'NONE', *, *, #5246, .F. ) ;
#2200 = LINE ( 'NONE', #2205, #1104 ) ;
#2201 = DIRECTION ( 'NONE',  ( 0.0000000000000000000, -5.027841771134210700E-016, -1.000000000000000000 ) ) ;
#2202 = ORIENTED_EDGE ( 'NONE', *, *, #5486, .F. ) ;
#2203 = VECTOR ( 'NONE', #7067, 1000.000000000000000 ) ;
#2204 = ADVANCED_FACE ( 'NONE', ( #4018 ), #2780, .F. ) ;
#2205 = CARTESIAN_POINT ( 'NONE',  ( 0.7600000000000002300, 2.679999999999999300, -3.550000000000002500 ) ) ;
#2206 = ORIENTED_EDGE ( 'NONE', *, *, #6774, .T. ) ;
#2207 = FACE_OUTER_BOUND ( 'NONE', #7134, .T. ) ;
#2208 = EDGE_CURVE ( 'NONE', #42, #5598, #6135, .T. ) ;
#2209 = EDGE_CURVE ( 'NONE', #3203, #4833, #6862, .T. ) ;
#2210 = FACE_OUTER_BOUND ( 'NONE', #6796, .T. ) ;
#2211 = DIRECTION ( 'NONE',  ( -1.000000000000000000, -0.0000000000000000000, -0.0000000000000000000 ) ) ;
#2212 = FACE_OUTER_BOUND ( 'NONE', #6257, .T. ) ;
#2213 = EDGE_CURVE ( 'NONE', #2900, #6748, #1223, .T. ) ;
#2214 = VECTOR ( 'NONE', #4129, 1000.000000000000000 ) ;
#2215 = DIRECTION ( 'NONE',  ( 1.000000000000000000, 0.0000000000000000000, 0.0000000000000000000 ) ) ;
#2216 = CARTESIAN_POINT ( 'NONE',  ( -7.370000000000000100, 2.489499999999999200, 4.125000000000000000 ) ) ;
#2217 = EDGE_LOOP ( 'NONE', ( #4590, #6703, #6297, #731 ) ) ;
#2218 = DIRECTION ( 'NONE',  ( -1.000000000000000000, -0.0000000000000000000, -0.0000000000000000000 ) ) ;
#2219 = PLANE ( 'NONE',  #6505 ) ;
#2220 = AXIS2_PLACEMENT_3D ( 'NONE', #2660, #6103, #1433 ) ;
#2221 = FILL_AREA_STYLE_COLOUR ( '', #4278 ) ;
#2222 = ORIENTED_EDGE ( 'NONE', *, *, #509, .T. ) ;
#2223 = ORIENTED_EDGE ( 'NONE', *, *, #7153, .T. ) ;
#2224 = DIRECTION ( 'NONE',  ( -0.0000000000000000000, 0.0000000000000000000, 1.000000000000000000 ) ) ;
#2225 = ORIENTED_EDGE ( 'NONE', *, *, #6071, .T. ) ;
#2226 = LINE ( 'NONE', #5496, #2572 ) ;
#2227 = DIRECTION ( 'NONE',  ( 0.8660254037844405900, 0.4999999999999967200, 2.513920885567089100E-016 ) ) ;
#2228 = DIRECTION ( 'NONE',  ( 0.0000000000000000000, -1.498163464873311700E-016, -1.000000000000000000 ) ) ;
#2229 = LINE ( 'NONE', #5567, #3398 ) ;
#2230 = VERTEX_POINT ( 'NONE', #3389 ) ;
#2231 = ORIENTED_EDGE ( 'NONE', *, *, #5301, .T. ) ;
#2232 = AXIS2_PLACEMENT_3D ( 'NONE', #5584, #6240, #3864 ) ;
#2233 = ORIENTED_EDGE ( 'NONE', *, *, #3787, .T. ) ;
#2234 = CIRCLE ( 'NONE', #7142, 0.1904999999999997000 ) ;
#2235 = DIRECTION ( 'NONE',  ( 0.0000000000000000000, 1.734723475976793700E-015, -1.000000000000000000 ) ) ;
#2236 = ORIENTED_EDGE ( 'NONE', *, *, #404, .F. ) ;
#2237 = ORIENTED_EDGE ( 'NONE', *, *, #4999, .T. ) ;
#2238 = DIRECTION ( 'NONE',  ( 0.0000000000000000000, -1.498163464873311500E-016, -1.000000000000000000 ) ) ;
#2239 = EDGE_CURVE ( 'NONE', #854, #2026, #4480, .T. ) ;
#2240 = AXIS2_PLACEMENT_3D ( 'NONE', #1952, #3083, #6592 ) ;
#2241 = AXIS2_PLACEMENT_3D ( 'NONE', #3249, #4444, #3280 ) ;
#2242 = CARTESIAN_POINT ( 'NONE',  ( 3.299999999999999800, 0.6500000000000025800, -4.125000000000000000 ) ) ;
#2243 = LINE ( 'NONE', #6316, #689 ) ;
#2244 = DIRECTION ( 'NONE',  ( -0.0000000000000000000, 5.027841771134210700E-016, 1.000000000000000000 ) ) ;
#2245 = CARTESIAN_POINT ( 'NONE',  ( 3.299999999999999800, 2.489499999999999200, 3.934500000000000300 ) ) ;
#2246 = ORIENTED_EDGE ( 'NONE', *, *, #2767, .F. ) ;
#2247 = EDGE_CURVE ( 'NONE', #932, #3208, #3726, .T. ) ;
#2248 = LINE ( 'NONE', #5369, #694 ) ;
#2249 = ORIENTED_EDGE ( 'NONE', *, *, #5301, .F. ) ;
#2250 = EDGE_CURVE ( 'NONE', #289, #1975, #4279, .T. ) ;
#2251 = DIRECTION ( 'NONE',  ( -1.000000000000000000, -0.0000000000000000000, 0.0000000000000000000 ) ) ;
#2252 =( NAMED_UNIT ( * ) SI_UNIT ( $, .STERADIAN. ) SOLID_ANGLE_UNIT ( ) );
#2253 = EDGE_CURVE ( 'NONE', #6840, #4005, #1760, .T. ) ;
#2254 = EDGE_CURVE ( 'NONE', #6183, #1475, #1369, .T. ) ;
#2255 = ORIENTED_EDGE ( 'NONE', *, *, #7295, .T. ) ;
#2256 = CARTESIAN_POINT ( 'NONE',  ( 5.839999999999999900, 0.6500000000000026900, -4.375000000000000000 ) ) ;
#2257 = EDGE_CURVE ( 'NONE', #5204, #4101, #3098, .T. ) ;
#2258 = ORIENTED_EDGE ( 'NONE', *, *, #5888, .T. ) ;
#2259 = EDGE_CURVE ( 'NONE', #3804, #5316, #4370, .T. ) ;
#2260 = CARTESIAN_POINT ( 'NONE',  ( 8.380000000000000800, 2.489499999999999200, 3.934500000000000300 ) ) ;
#2261 = LINE ( 'NONE', #4132, #4143 ) ;
#2262 = DIRECTION ( 'NONE',  ( -1.000000000000000000, -0.0000000000000000000, 0.0000000000000000000 ) ) ;
#2263 = LINE ( 'NONE', #2618, #2179 ) ;
#2264 = CARTESIAN_POINT ( 'NONE',  ( 5.330000000000000100, 2.929999999999999300, 3.550000000000002500 ) ) ;
#2265 = VECTOR ( 'NONE', #7300, 1000.000000000000000 ) ;
#2266 = ORIENTED_EDGE ( 'NONE', *, *, #6393, .F. ) ;
#2267 = CARTESIAN_POINT ( 'NONE',  ( -6.859999999999999400, 2.679999999999999300, -3.550000000000002500 ) ) ;
#2268 = DIRECTION ( 'NONE',  ( -1.000000000000000000, -0.0000000000000000000, 0.0000000000000000000 ) ) ;
#2269 = CARTESIAN_POINT ( 'NONE',  ( 8.380000000000000800, -5.051668046482832700E-016, -4.124999999999999100 ) ) ;
#2270 = LINE ( 'NONE', #4287, #4050 ) ;
#2271 = CIRCLE ( 'NONE', #288, 0.4404999999999998900 ) ;
#2272 = CYLINDRICAL_SURFACE ( 'NONE', #1504, 0.1904999999999997000 ) ;
#2273 = EDGE_LOOP ( 'NONE', ( #5936, #2878, #6285, #5234 ) ) ;
#2274 = EDGE_CURVE ( 'NONE', #3657, #1959, #1029, .T. ) ;
#2275 = CARTESIAN_POINT ( 'NONE',  ( -5.330000000000001800, -4.336808689942017700E-016, -4.125000000000000000 ) ) ;
#2276 = ORIENTED_EDGE ( 'NONE', *, *, #486, .F. ) ;
#2277 = CARTESIAN_POINT ( 'NONE',  ( -2.290000000000000500, 2.489499999999999200, 4.125000000000000000 ) ) ;
#2278 = DIRECTION ( 'NONE',  ( 0.4999999999999967200, -0.8660254037844405900, 1.297447619602006200E-016 ) ) ;
#2279 = VERTEX_POINT ( 'NONE', #6416 ) ;
#2280 = VECTOR ( 'NONE', #3107, 1000.000000000000000 ) ;
#2281 = ORIENTED_EDGE ( 'NONE', *, *, #6560, .F. ) ;
#2282 = DIRECTION ( 'NONE',  ( 0.0000000000000000000, 1.127908631974522500E-015, 1.000000000000000000 ) ) ;
#2283 = VERTEX_POINT ( 'NONE', #6433 ) ;
#2284 = FACE_OUTER_BOUND ( 'NONE', #1260, .T. ) ;
#2285 = FACE_OUTER_BOUND ( 'NONE', #130, .T. ) ;
#2286 = ORIENTED_EDGE ( 'NONE', *, *, #5059, .T. ) ;
#2287 = CARTESIAN_POINT ( 'NONE',  ( 0.3847223250267439200, -3.794707603699265500E-016, 4.375000000000001800 ) ) ;
#2288 = VECTOR ( 'NONE', #1963, 1000.000000000000100 ) ;
#2289 = EDGE_CURVE ( 'NONE', #7412, #1764, #1571, .T. ) ;
#2290 = AXIS2_PLACEMENT_3D ( 'NONE', #3385, #4508, #392 ) ;
#2291 = VECTOR ( 'NONE', #5184, 1000.000000000000000 ) ;
#2292 = PLANE ( 'NONE',  #148 ) ;
#2293 = EDGE_CURVE ( 'NONE', #3897, #6511, #5457, .T. ) ;
#2294 = ORIENTED_EDGE ( 'NONE', *, *, #5110, .T. ) ;
#2295 = CARTESIAN_POINT ( 'NONE',  ( 5.839999999999999900, 2.489499999999999200, 4.125000000000000000 ) ) ;
#2296 = PRESENTATION_STYLE_ASSIGNMENT (( #23 ) ) ;
#2297 = CARTESIAN_POINT ( 'NONE',  ( 0.7600000000000002300, 2.679999999999998800, 3.934500000000000300 ) ) ;
#2298 = DIRECTION ( 'NONE',  ( -0.0000000000000000000, 1.000000000000000000, 1.127908631974522500E-015 ) ) ;
#2299 = ADVANCED_FACE ( 'NONE', ( #3384 ), #4049, .F. ) ;
#2300 = EDGE_CURVE ( 'NONE', #3995, #1009, #2024, .T. ) ;
#2301 = ORIENTED_EDGE ( 'NONE', *, *, #4042, .F. ) ;
#2302 = EDGE_LOOP ( 'NONE', ( #767, #5506, #2761, #2460 ) ) ;
#2303 = EDGE_CURVE ( 'NONE', #3985, #2309, #5839, .T. ) ;
#2304 = ORIENTED_EDGE ( 'NONE', *, *, #5566, .T. ) ;
#2305 = EDGE_LOOP ( 'NONE', ( #1357, #5673, #7180, #74 ) ) ;
#2306 = DIRECTION ( 'NONE',  ( -1.000000000000000000, -0.0000000000000000000, 0.0000000000000000000 ) ) ;
#2307 = ADVANCED_FACE ( 'NONE', ( #4463 ), #1464, .F. ) ;
#2308 = ORIENTED_EDGE ( 'NONE', *, *, #10, .T. ) ;
#2309 = VERTEX_POINT ( 'NONE', #73 ) ;
#2310 = CARTESIAN_POINT ( 'NONE',  ( 6.859999999999999400, 2.489499999999999200, -4.125000000000000000 ) ) ;
#2311 = DIRECTION ( 'NONE',  ( 0.8660254037844399300, -0.4999999999999977200, 2.513920885567094000E-016 ) ) ;
#2312 = DIRECTION ( 'NONE',  ( 0.8660254037844405900, 0.4999999999999967200, 2.513920885567089100E-016 ) ) ;
#2313 = ORIENTED_EDGE ( 'NONE', *, *, #5702, .T. ) ;
#2314 = PLANE ( 'NONE',  #6229 ) ;
#2315 = DIRECTION ( 'NONE',  ( 0.0000000000000000000, 1.000000000000000000, 0.0000000000000000000 ) ) ;
#2316 = VECTOR ( 'NONE', #4345, 1000.000000000000000 ) ;
#2317 = ORIENTED_EDGE ( 'NONE', *, *, #442, .T. ) ;
#2318 = VERTEX_POINT ( 'NONE', #3498 ) ;
#2319 = EDGE_CURVE ( 'NONE', #5405, #4101, #7007, .T. ) ;
#2320 = DIRECTION ( 'NONE',  ( -1.000000000000000000, -0.0000000000000000000, -0.0000000000000000000 ) ) ;
#2321 = CARTESIAN_POINT ( 'NONE',  ( -5.840000000000001600, 2.679999999999999300, 3.550000000000002500 ) ) ;
#2322 = LINE ( 'NONE', #2791, #2149 ) ;
#2323 = AXIS2_PLACEMENT_3D ( 'NONE', #2819, #1737, #3943 ) ;
#2324 = ORIENTED_EDGE ( 'NONE', *, *, #3193, .T. ) ;
#2325 = CARTESIAN_POINT ( 'NONE',  ( 3.299999999999999800, 2.929999999999999300, -3.550000000000002500 ) ) ;
#2326 = EDGE_CURVE ( 'NONE', #4403, #963, #6117, .T. ) ;
#2327 = PLANE ( 'NONE',  #4456 ) ;
#2328 = EDGE_LOOP ( 'NONE', ( #6851, #6309, #3666, #6402 ) ) ;
#2329 = DIRECTION ( 'NONE',  ( -1.000000000000000000, -0.0000000000000000000, -0.0000000000000000000 ) ) ;
#2330 = AXIS2_PLACEMENT_3D ( 'NONE', #2146, #5604, #6857 ) ;
#2331 = ORIENTED_EDGE ( 'NONE', *, *, #4020, .T. ) ;
#2332 = CARTESIAN_POINT ( 'NONE',  ( -3.300000000000000700, 0.6500000000000045700, 3.934500000000001200 ) ) ;
#2333 = CARTESIAN_POINT ( 'NONE',  ( -6.859999999999999400, 0.6500000000000025800, -4.125000000000000000 ) ) ;
#2334 = DIRECTION ( 'NONE',  ( -1.000000000000000000, -0.0000000000000000000, 0.0000000000000000000 ) ) ;
#2335 = VECTOR ( 'NONE', #1265, 1000.000000000000000 ) ;
#2336 = ORIENTED_EDGE ( 'NONE', *, *, #4723, .F. ) ;
#2337 = ADVANCED_FACE ( 'NONE', ( #3003 ), #54, .F. ) ;
#2338 = CARTESIAN_POINT ( 'NONE',  ( -6.859999999999999400, 2.489499999999999200, -4.375000000000000000 ) ) ;
#2339 = ORIENTED_EDGE ( 'NONE', *, *, #3492, .T. ) ;
#2340 = EDGE_CURVE ( 'NONE', #3823, #3223, #1283, .T. ) ;
#2341 = EDGE_CURVE ( 'NONE', #5672, #6190, #2744, .T. ) ;
#2342 = CARTESIAN_POINT ( 'NONE',  ( 2.790000000000000000, -3.299999999999999400, 4.375000000000000900 ) ) ;
#2343 = CARTESIAN_POINT ( 'NONE',  ( 4.829999999999999200, 2.489499999999999200, 4.125000000000000000 ) ) ;
#2344 = EDGE_CURVE ( 'NONE', #914, #3357, #3184, .T. ) ;
#2345 = LINE ( 'NONE', #763, #6522 ) ;
#2346 = LINE ( 'NONE', #5199, #443 ) ;
#2347 = ORIENTED_EDGE ( 'NONE', *, *, #823, .T. ) ;
#2348 = LINE ( 'NONE', #1618, #2431 ) ;
#2349 = LINE ( 'NONE', #5906, #6801 ) ;
#2350 = LINE ( 'NONE', #4897, #3789 ) ;
#2351 = ORIENTED_EDGE ( 'NONE', *, *, #1169, .T. ) ;
#2352 = PLANE ( 'NONE',  #1896 ) ;
#2353 = AXIS2_PLACEMENT_3D ( 'NONE', #3079, #4236, #5391 ) ;
#2354 = ORIENTED_EDGE ( 'NONE', *, *, #7203, .F. ) ;
#2355 = CARTESIAN_POINT ( 'NONE',  ( -2.924722325026744700, -3.794707603699265500E-016, 4.375000000000001800 ) ) ;
#2356 = VECTOR ( 'NONE', #3007, 1000.000000000000000 ) ;
#2357 = COLOUR_RGB ( '',0.7921568627450980000, 0.8196078431372548800, 0.9333333333333333500 ) ;
#2358 = VERTEX_POINT ( 'NONE', #1447 ) ;
#2359 = ORIENTED_EDGE ( 'NONE', *, *, #4543, .F. ) ;
#2360 = DIRECTION ( 'NONE',  ( 0.0000000000000000000, -5.027841771134210700E-016, -1.000000000000000000 ) ) ;
#2361 = VERTEX_POINT ( 'NONE', #5502 ) ;
#2362 = VECTOR ( 'NONE', #1194, 1000.000000000000000 ) ;
#2363 = EDGE_CURVE ( 'NONE', #6964, #2499, #838, .T. ) ;
#2364 = AXIS2_PLACEMENT_3D ( 'NONE', #4585, #2848, #580 ) ;
#2365 = CARTESIAN_POINT ( 'NONE',  ( 6.859999999999999400, 0.6500000000000045700, 3.934500000000001200 ) ) ;
#2366 = ADVANCED_FACE ( 'NONE', ( #7174 ), #6839, .T. ) ;
#2367 = ORIENTED_EDGE ( 'NONE', *, *, #3190, .F. ) ;
#2368 = EDGE_CURVE ( 'NONE', #6858, #1449, #5931, .T. ) ;
#2369 = ORIENTED_EDGE ( 'NONE', *, *, #6349, .T. ) ;
#2370 = VECTOR ( 'NONE', #5421, 1000.000000000000000 ) ;
#2371 = CARTESIAN_POINT ( 'NONE',  ( -8.380000000000000800, 0.6500000000000045700, -3.934500000000001200 ) ) ;
#2372 = VECTOR ( 'NONE', #2117, 1000.000000000000000 ) ;
#2373 = ADVANCED_FACE ( 'NONE', ( #7264 ), #672, .F. ) ;
#2374 = ORIENTED_EDGE ( 'NONE', *, *, #5319, .T. ) ;
#2375 = LINE ( 'NONE', #1149, #4272 ) ;
#2376 = CARTESIAN_POINT ( 'NONE',  ( -4.320000000000001200, -5.051668046482832700E-016, -4.124999999999999100 ) ) ;
#2377 = ADVANCED_FACE ( 'NONE', ( #3549 ), #4712, .F. ) ;
#2378 = LINE ( 'NONE', #5823, #292 ) ;
#2379 = VECTOR ( 'NONE', #4733, 1000.000000000000000 ) ;
#2380 = PLANE ( 'NONE',  #1730 ) ;
#2381 = EDGE_CURVE ( 'NONE', #32, #6322, #1667, .T. ) ;
#2382 = VERTEX_POINT ( 'NONE', #2470 ) ;
#2383 = EDGE_CURVE ( 'NONE', #1450, #607, #1931, .T. ) ;
#2384 = CARTESIAN_POINT ( 'NONE',  ( -2.924722325026744700, -5.051668046482832700E-016, -4.124999999999999100 ) ) ;
#2385 = EDGE_CURVE ( 'NONE', #7514, #1144, #2648, .T. ) ;
#2386 = PRODUCT ( 'TL084CN', 'TL084CN', '', ( #5632 ) ) ;
#2387 = CARTESIAN_POINT ( 'NONE',  ( -2.924722325026744700, -4.456522286123197600E-016, -4.375000000000000000 ) ) ;
#2388 = ORIENTED_EDGE ( 'NONE', *, *, #2750, .T. ) ;
#2389 = SURFACE_SIDE_STYLE ('',( #2653 ) ) ;
#2390 = ORIENTED_EDGE ( 'NONE', *, *, #2015, .F. ) ;
#2391 = ORIENTED_EDGE ( 'NONE', *, *, #2960, .T. ) ;
#2392 = ORIENTED_EDGE ( 'NONE', *, *, #1040, .T. ) ;
#2393 = VECTOR ( 'NONE', #2041, 1000.000000000000000 ) ;
#2394 = DIRECTION ( 'NONE',  ( -1.000000000000000000, -0.0000000000000000000, 0.0000000000000000000 ) ) ;
#2395 = EDGE_CURVE ( 'NONE', #3017, #724, #2923, .T. ) ;
#2396 = LINE ( 'NONE', #5410, #5856 ) ;
#2397 = DIRECTION ( 'NONE',  ( 1.000000000000000000, 0.0000000000000000000, -0.0000000000000000000 ) ) ;
#2398 = ORIENTED_EDGE ( 'NONE', *, *, #6760, .F. ) ;
#2399 = ORIENTED_EDGE ( 'NONE', *, *, #5402, .F. ) ;
#2400 = VECTOR ( 'NONE', #4647, 1000.000000000000000 ) ;
#2401 = VERTEX_POINT ( 'NONE', #3625 ) ;
#2402 = DIRECTION ( 'NONE',  ( 0.4999999999999967200, -0.8660254037844405900, -1.297447619602006200E-016 ) ) ;
#2403 = PLANE ( 'NONE',  #3561 ) ;
#2404 = VECTOR ( 'NONE', #5159, 1000.000000000000000 ) ;
#2405 = PLANE ( 'NONE',  #4868 ) ;
#2406 = FACE_OUTER_BOUND ( 'NONE', #4491, .T. ) ;
#2407 = ORIENTED_EDGE ( 'NONE', *, *, #3396, .T. ) ;
#2408 = DIRECTION ( 'NONE',  ( 0.0000000000000000000, 5.027841771134210700E-016, -1.000000000000000000 ) ) ;
#2409 = AXIS2_PLACEMENT_3D ( 'NONE', #6256, #6894, #6925 ) ;
#2410 = ADVANCED_FACE ( 'NONE', ( #6394 ), #3578, .F. ) ;
#2411 = DIRECTION ( 'NONE',  ( 0.0000000000000000000, -1.000000000000000000, 1.498163464873311700E-016 ) ) ;
#2412 = LINE ( 'NONE', #3959, #3758 ) ;
#2413 = ORIENTED_EDGE ( 'NONE', *, *, #1811, .T. ) ;
#2414 = CARTESIAN_POINT ( 'NONE',  ( 3.299999999999999800, 2.489499999999999200, 4.375000000000000000 ) ) ;
#2415 = ADVANCED_FACE ( 'NONE', ( #3909 ), #124, .F. ) ;
#2416 = ORIENTED_EDGE ( 'NONE', *, *, #1176, .T. ) ;
#2417 = DIRECTION ( 'NONE',  ( -1.000000000000000000, -0.0000000000000000000, -0.0000000000000000000 ) ) ;
#2418 = AXIS2_PLACEMENT_3D ( 'NONE', #3596, #1276, #3025 ) ;
#2419 = VECTOR ( 'NONE', #6000, 1000.000000000000000 ) ;
#2420 = ORIENTED_EDGE ( 'NONE', *, *, #3573, .T. ) ;
#2421 = EDGE_LOOP ( 'NONE', ( #5083, #166, #6846, #2477 ) ) ;
#2422 = DIRECTION ( 'NONE',  ( -1.000000000000000000, -0.0000000000000000000, 1.897542191401455100E-016 ) ) ;
#2423 = EDGE_CURVE ( 'NONE', #300, #2283, #4822, .T. ) ;
#2424 = AXIS2_PLACEMENT_3D ( 'NONE', #5073, #6876, #5734 ) ;
#2425 = DIRECTION ( 'NONE',  ( 1.000000000000000000, 0.0000000000000000000, 0.0000000000000000000 ) ) ;
#2426 = DIRECTION ( 'NONE',  ( -0.0000000000000000000, -1.734723475976793500E-015, -1.000000000000000000 ) ) ;
#2427 = LINE ( 'NONE', #798, #4137 ) ;
#2428 = ORIENTED_EDGE ( 'NONE', *, *, #4324, .T. ) ;
#2429 = DIRECTION ( 'NONE',  ( 0.0000000000000000000, 1.000000000000000000, 0.0000000000000000000 ) ) ;
#2430 = CARTESIAN_POINT ( 'NONE',  ( -7.370000000000000100, 2.489499999999999200, 4.125000000000000000 ) ) ;
#2431 = VECTOR ( 'NONE', #1589, 1000.000000000000000 ) ;
#2432 = VECTOR ( 'NONE', #4289, 1000.000000000000000 ) ;
#2433 = LINE ( 'NONE', #1000, #3783 ) ;
#2434 = VERTEX_POINT ( 'NONE', #6085 ) ;
#2435 = EDGE_CURVE ( 'NONE', #1770, #3622, #5108, .T. ) ;
#2436 = CARTESIAN_POINT ( 'NONE',  ( -6.859999999999999400, 2.929999999999999300, -3.934500000000000300 ) ) ;
#2437 = EDGE_CURVE ( 'NONE', #6033, #7046, #295, .T. ) ;
#2438 = DIRECTION ( 'NONE',  ( 0.4999999999999977200, 0.8660254037844399300, 1.297447619602005500E-016 ) ) ;
#2439 = EDGE_CURVE ( 'NONE', #1093, #7029, #208, .T. ) ;
#2440 = LINE ( 'NONE', #1572, #2084 ) ;
#2441 = LINE ( 'NONE', #1554, #6978 ) ;
#2442 = ORIENTED_EDGE ( 'NONE', *, *, #5210, .T. ) ;
#2443 = CARTESIAN_POINT ( 'NONE',  ( 2.289999999999999600, 2.489499999999999200, -3.934500000000000300 ) ) ;
#2444 = ADVANCED_FACE ( 'NONE', ( #6214 ), #1114, .F. ) ;
#2445 = DIRECTION ( 'NONE',  ( 0.0000000000000000000, -0.9914448613738104900, -0.1305261922200519100 ) ) ;
#2446 = CARTESIAN_POINT ( 'NONE',  ( 7.370000000000000100, 2.489499999999999200, 3.934500000000000300 ) ) ;
#2447 = CARTESIAN_POINT ( 'NONE',  ( 2.155277674973255800, -5.051668046482832700E-016, 4.125000000000000000 ) ) ;
#2448 = LINE ( 'NONE', #6853, #5727 ) ;
#2449 = EDGE_LOOP ( 'NONE', ( #2453, #5118, #2798, #2007 ) ) ;
#2450 = DIRECTION ( 'NONE',  ( 0.0000000000000000000, 0.0000000000000000000, 1.000000000000000000 ) ) ;
#2451 = DIRECTION ( 'NONE',  ( 0.4999999999999967200, -0.8660254037844405900, -1.297447619602006200E-016 ) ) ;
#2452 = ADVANCED_FACE ( 'NONE', ( #481 ), #2701, .T. ) ;
#2453 = ORIENTED_EDGE ( 'NONE', *, *, #1311, .F. ) ;
#2454 = CARTESIAN_POINT ( 'NONE',  ( -7.370000000000000100, 2.489499999999999200, -4.375000000000000000 ) ) ;
#2455 = DIRECTION ( 'NONE',  ( 0.0000000000000000000, 0.0000000000000000000, 1.000000000000000000 ) ) ;
#2456 = ORIENTED_EDGE ( 'NONE', *, *, #2395, .T. ) ;
#2457 = EDGE_CURVE ( 'NONE', #5196, #1683, #5547, .T. ) ;
#2458 = VECTOR ( 'NONE', #4117, 1000.000000000000000 ) ;
#2459 = CARTESIAN_POINT ( 'NONE',  ( -5.840000000000001600, 0.6500000000000045700, 4.124999999999999100 ) ) ;
#2460 = ORIENTED_EDGE ( 'NONE', *, *, #526, .T. ) ;
#2461 = EDGE_CURVE ( 'NONE', #4428, #2130, #3993, .T. ) ;
#2462 = AXIS2_PLACEMENT_3D ( 'NONE', #5919, #3585, #7065 ) ;
#2463 = DIRECTION ( 'NONE',  ( 0.0000000000000000000, -1.127908631974522500E-015, -1.000000000000000000 ) ) ;
#2464 = LINE ( 'NONE', #4207, #7461 ) ;
#2465 = CARTESIAN_POINT ( 'NONE',  ( -7.870000000000000100, -4.336808689942017700E-016, 3.934500000000001200 ) ) ;
#2466 = DIRECTION ( 'NONE',  ( 1.000000000000000000, 0.0000000000000000000, 0.0000000000000000000 ) ) ;
#2467 = FACE_OUTER_BOUND ( 'NONE', #4501, .T. ) ;
#2468 = VECTOR ( 'NONE', #1505, 1000.000000000000000 ) ;
#2469 = ORIENTED_EDGE ( 'NONE', *, *, #4127, .F. ) ;
#2470 = CARTESIAN_POINT ( 'NONE',  ( -0.7600000000000002300, 2.489499999999999200, 4.375000000000000000 ) ) ;
#2471 = FACE_OUTER_BOUND ( 'NONE', #5524, .T. ) ;
#2472 = AXIS2_PLACEMENT_3D ( 'NONE', #7115, #4784, #7073 ) ;
#2473 = STYLED_ITEM ( 'NONE', ( #1427 ), #5244 ) ;
#2474 = VERTEX_POINT ( 'NONE', #2746 ) ;
#2475 = CARTESIAN_POINT ( 'NONE',  ( 7.870000000000000100, 4.336808689942017700E-016, 4.375000000000000000 ) ) ;
#2476 = ORIENTED_EDGE ( 'NONE', *, *, #5436, .T. ) ;
#2477 = ORIENTED_EDGE ( 'NONE', *, *, #5094, .F. ) ;
#2478 = DIRECTION ( 'NONE',  ( 0.0000000000000000000, 1.000000000000000000, 3.484080088324578000E-016 ) ) ;
#2479 = ORIENTED_EDGE ( 'NONE', *, *, #157, .T. ) ;
#2480 = DIRECTION ( 'NONE',  ( -0.9914448613738104900, -0.1305261922200519100, 2.422369966424961800E-016 ) ) ;
#2481 = LINE ( 'NONE', #2814, #3827 ) ;
#2482 = EDGE_CURVE ( 'NONE', #1770, #6444, #7086, .T. ) ;
#2483 = EDGE_CURVE ( 'NONE', #2499, #6951, #930, .T. ) ;
#2484 = ADVANCED_FACE ( 'NONE', ( #5653 ), #2727, .F. ) ;
#2485 = EDGE_CURVE ( 'NONE', #1623, #786, #116, .T. ) ;
#2486 = VERTEX_POINT ( 'NONE', #2098 ) ;
#2487 = DIRECTION ( 'NONE',  ( -1.000000000000000000, -0.0000000000000000000, -0.0000000000000000000 ) ) ;
#2488 = EDGE_CURVE ( 'NONE', #6967, #4510, #2553, .T. ) ;
#2489 = ORIENTED_EDGE ( 'NONE', *, *, #1935, .T. ) ;
#2490 = FACE_OUTER_BOUND ( 'NONE', #2830, .T. ) ;
#2491 = DIRECTION ( 'NONE',  ( 0.0000000000000000000, 0.0000000000000000000, 1.000000000000000000 ) ) ;
#2492 = ORIENTED_EDGE ( 'NONE', *, *, #2576, .F. ) ;
#2493 = ADVANCED_FACE ( 'NONE', ( #5833 ), #3871, .T. ) ;
#2494 = PLANE ( 'NONE',  #2852 ) ;
#2495 = ADVANCED_FACE ( 'NONE', ( #2207 ), #6816, .F. ) ;
#2496 = ORIENTED_EDGE ( 'NONE', *, *, #4208, .F. ) ;
#2497 = LINE ( 'NONE', #7366, #772 ) ;
#2498 = EDGE_CURVE ( 'NONE', #5979, #2631, #5923, .T. ) ;
#2499 = VERTEX_POINT ( 'NONE', #6142 ) ;
#2500 = AXIS2_PLACEMENT_3D ( 'NONE', #6783, #1051, #3267 ) ;
#2501 = PLANE ( 'NONE',  #6456 ) ;
#2502 = DIRECTION ( 'NONE',  ( 0.0000000000000000000, 0.0000000000000000000, 1.000000000000000000 ) ) ;
#2503 = ORIENTED_EDGE ( 'NONE', *, *, #3174, .F. ) ;
#2504 = CARTESIAN_POINT ( 'NONE',  ( 0.2500000000000002200, 2.679999999999999300, 3.550000000000002500 ) ) ;
#2505 = DIRECTION ( 'NONE',  ( -0.0000000000000000000, -1.734723475976793500E-015, -1.000000000000000000 ) ) ;
#2506 = DIRECTION ( 'NONE',  ( 0.0000000000000000000, 5.027841771134210700E-016, -1.000000000000000000 ) ) ;
#2507 = LINE ( 'NONE', #5606, #424 ) ;
#2508 = AXIS2_PLACEMENT_3D ( 'NONE', #6807, #3919, #1056 ) ;
#2509 = ORIENTED_EDGE ( 'NONE', *, *, #4638, .F. ) ;
#2510 = DIRECTION ( 'NONE',  ( 0.0000000000000000000, 1.734723475976793700E-015, -1.000000000000000000 ) ) ;
#2511 = ORIENTED_EDGE ( 'NONE', *, *, #6231, .T. ) ;
#2512 = DIRECTION ( 'NONE',  ( -0.1294283079955639300, -0.9831056027603600800, 0.1294283079955639600 ) ) ;
#2513 = PLANE ( 'NONE',  #6517 ) ;
#2514 = EDGE_LOOP ( 'NONE', ( #2100, #469, #1119, #3649 ) ) ;
#2515 = DIRECTION ( 'NONE',  ( -1.000000000000000000, -0.0000000000000000000, -0.0000000000000000000 ) ) ;
#2516 = ORIENTED_EDGE ( 'NONE', *, *, #2385, .F. ) ;
#2517 = AXIS2_PLACEMENT_3D ( 'NONE', #1688, #569, #3445 ) ;
#2518 = FACE_OUTER_BOUND ( 'NONE', #5605, .T. ) ;
#2519 = DIRECTION ( 'NONE',  ( 1.000000000000000000, 0.0000000000000000000, 0.0000000000000000000 ) ) ;
#2520 = VECTOR ( 'NONE', #5813, 1000.000000000000000 ) ;
#2521 = VERTEX_POINT ( 'NONE', #5589 ) ;
#2522 = DIRECTION ( 'NONE',  ( -0.0000000000000000000, 1.000000000000000000, 1.127908631974522500E-015 ) ) ;
#2523 = ADVANCED_FACE ( 'NONE', ( #5741 ), #896, .T. ) ;
#2524 = LINE ( 'NONE', #1421, #5516 ) ;
#2525 = DIRECTION ( 'NONE',  ( 1.000000000000000000, 0.0000000000000000000, -0.0000000000000000000 ) ) ;
#2526 = VECTOR ( 'NONE', #4478, 1000.000000000000000 ) ;
#2527 = VECTOR ( 'NONE', #7197, 1000.000000000000000 ) ;
#2528 = ORIENTED_EDGE ( 'NONE', *, *, #6307, .T. ) ;
#2529 = ORIENTED_EDGE ( 'NONE', *, *, #741, .T. ) ;
#2530 = DIRECTION ( 'NONE',  ( -0.0000000000000000000, 5.027841771134210700E-016, 1.000000000000000000 ) ) ;
#2531 = LINE ( 'NONE', #708, #6441 ) ;
#2532 = CARTESIAN_POINT ( 'NONE',  ( -4.320000000000001200, 2.679999999999999300, 3.550000000000002500 ) ) ;
#2533 = PLANE ( 'NONE',  #6860 ) ;
#2534 = VECTOR ( 'NONE', #3172, 1000.000000000000000 ) ;
#2535 = VERTEX_POINT ( 'NONE', #6249 ) ;
#2536 = SURFACE_SIDE_STYLE ('',( #4087 ) ) ;
#2537 = EDGE_CURVE ( 'NONE', #4002, #6548, #3542, .T. ) ;
#2538 =( NAMED_UNIT ( * ) SI_UNIT ( $, .STERADIAN. ) SOLID_ANGLE_UNIT ( ) );
#2539 = LINE ( 'NONE', #1609, #6094 ) ;
#2540 = COLOUR_RGB ( '',0.7921568627450980000, 0.8196078431372548800, 0.9333333333333333500 ) ;
#2541 = VERTEX_POINT ( 'NONE', #5611 ) ;
#2542 = DIRECTION ( 'NONE',  ( 0.0000000000000000000, -1.498163464873311500E-016, -1.000000000000000000 ) ) ;
#2543 = ORIENTED_EDGE ( 'NONE', *, *, #7499, .F. ) ;
#2544 = CARTESIAN_POINT ( 'NONE',  ( -5.840000000000001600, 2.679999999999999300, -3.550000000000002500 ) ) ;
#2545 = LINE ( 'NONE', #6598, #1016 ) ;
#2546 = AXIS2_PLACEMENT_3D ( 'NONE', #4878, #1923, #3661 ) ;
#2547 = ORIENTED_EDGE ( 'NONE', *, *, #3732, .T. ) ;
#2548 = FACE_OUTER_BOUND ( 'NONE', #874, .T. ) ;
#2549 = DIRECTION ( 'NONE',  ( 0.1294283079955639300, 0.9831056027603600800, -0.1294283079955640400 ) ) ;
#2550 = PLANE ( 'NONE',  #4310 ) ;
#2551 = ORIENTED_EDGE ( 'NONE', *, *, #2289, .F. ) ;
#2552 = EDGE_CURVE ( 'NONE', #3652, #6488, #2019, .T. ) ;
#2553 = LINE ( 'NONE', #4366, #6640 ) ;
#2554 = PRESENTATION_STYLE_ASSIGNMENT (( #5161 ) ) ;
#2555 = LINE ( 'NONE', #3572, #1204 ) ;
#2556 = VECTOR ( 'NONE', #4028, 1000.000000000000000 ) ;
#2557 = AXIS2_PLACEMENT_3D ( 'NONE', #6162, #3819, #6754 ) ;
#2558 = DIRECTION ( 'NONE',  ( 0.0000000000000000000, -5.027841771134210700E-016, 1.000000000000000000 ) ) ;
#2559 = VERTEX_POINT ( 'NONE', #4090 ) ;
#2560 = CARTESIAN_POINT ( 'NONE',  ( 2.790000000000000000, 2.929999999999999300, 3.934500000000000300 ) ) ;
#2561 = PLANE ( 'NONE',  #4245 ) ;
#2562 = DIRECTION ( 'NONE',  ( 0.0000000000000000000, -1.000000000000000000, -6.968160176649155900E-016 ) ) ;
#2563 = VERTEX_POINT ( 'NONE', #1530 ) ;
#2564 = CARTESIAN_POINT ( 'NONE',  ( 7.870000000000000100, 2.489499999999999200, 3.934500000000000300 ) ) ;
#2565 = ORIENTED_EDGE ( 'NONE', *, *, #4275, .T. ) ;
#2566 = ORIENTED_EDGE ( 'NONE', *, *, #3834, .T. ) ;
#2567 = DIRECTION ( 'NONE',  ( 0.0000000000000000000, 5.027841771134210700E-016, -1.000000000000000000 ) ) ;
#2568 = ADVANCED_FACE ( 'NONE', ( #4717 ), #1048, .F. ) ;
#2569 = ORIENTED_EDGE ( 'NONE', *, *, #4020, .F. ) ;
#2570 = DIRECTION ( 'NONE',  ( -1.000000000000000000, -0.0000000000000000000, 0.0000000000000000000 ) ) ;
#2571 = VERTEX_POINT ( 'NONE', #5990 ) ;
#2572 = VECTOR ( 'NONE', #5442, 1000.000000000000000 ) ;
#2573 = PLANE ( 'NONE',  #2546 ) ;
#2574 = LINE ( 'NONE', #4267, #5474 ) ;
#2575 = VECTOR ( 'NONE', #2334, 1000.000000000000000 ) ;
#2576 = EDGE_CURVE ( 'NONE', #7500, #4199, #2375, .T. ) ;
#2577 = CLOSED_SHELL ( 'NONE', ( #3334, #1768, #2749, #1775, #821, #5456, #5116, #5930, #4888, #7510, #6043, #4141, #4567, #474, #6124, #659 ) ) ;
#2578 = EDGE_CURVE ( 'NONE', #1684, #6488, #2831, .T. ) ;
#2579 = EDGE_CURVE ( 'NONE', #1815, #5343, #476, .T. ) ;
#2580 = LINE ( 'NONE', #3422, #7297 ) ;
#2581 = ORIENTED_EDGE ( 'NONE', *, *, #3874, .T. ) ;
#2582 = CARTESIAN_POINT ( 'NONE',  ( -8.380000000000000800, 2.929999999999999300, 3.550000000000002500 ) ) ;
#2583 = CARTESIAN_POINT ( 'NONE',  ( 0.0000000000000000000, 0.0000000000000000000, 0.0000000000000000000 ) ) ;
#2584 = CARTESIAN_POINT ( 'NONE',  ( 3.299999999999999800, 2.489499999999999200, -4.375000000000000000 ) ) ;
#2585 = LINE ( 'NONE', #7234, #4118 ) ;
#2586 = VERTEX_POINT ( 'NONE', #606 ) ;
#2587 = AXIS2_PLACEMENT_3D ( 'NONE', #2713, #613, #4088 ) ;
#2588 = DIRECTION ( 'NONE',  ( -1.000000000000000000, -0.0000000000000000000, -0.0000000000000000000 ) ) ;
#2589 = ORIENTED_EDGE ( 'NONE', *, *, #4911, .T. ) ;
#2590 =( NAMED_UNIT ( * ) PLANE_ANGLE_UNIT ( ) SI_UNIT ( $, .RADIAN. ) );
#2591 = CARTESIAN_POINT ( 'NONE',  ( -10.00000000000002500, 2.679999999999999300, -3.549999999999985600 ) ) ;
#2592 = CARTESIAN_POINT ( 'NONE',  ( 5.839999999999999900, 2.679999999999998800, 3.934500000000000300 ) ) ;
#2593 = ORIENTED_EDGE ( 'NONE', *, *, #5874, .F. ) ;
#2594 = DIRECTION ( 'NONE',  ( -1.000000000000000000, -0.0000000000000000000, -0.0000000000000000000 ) ) ;
#2595 = ORIENTED_EDGE ( 'NONE', *, *, #3159, .T. ) ;
#2596 = EDGE_LOOP ( 'NONE', ( #4893, #2566, #7124, #1714, #525, #3921, #2005, #2516 ) ) ;
#2597 = EDGE_CURVE ( 'NONE', #6166, #4165, #3987, .T. ) ;
#2598 = AXIS2_PLACEMENT_3D ( 'NONE', #5054, #3322, #2119 ) ;
#2599 = CARTESIAN_POINT ( 'NONE',  ( 5.839999999999999900, 2.929999999999999300, 3.550000000000002500 ) ) ;
#2600 = ADVANCED_FACE ( 'NONE', ( #4084 ), #1108, .T. ) ;
#2601 = VECTOR ( 'NONE', #665, 1000.000000000000000 ) ;
#2602 = ORIENTED_EDGE ( 'NONE', *, *, #2344, .T. ) ;
#2603 = CARTESIAN_POINT ( 'NONE',  ( -5.330000000000001800, 2.489499999999999200, 4.125000000000000000 ) ) ;
#2604 = CARTESIAN_POINT ( 'NONE',  ( 7.370000000000000100, 2.489499999999999200, 4.375000000000000000 ) ) ;
#2605 = DIRECTION ( 'NONE',  ( -1.000000000000000000, -0.0000000000000000000, -0.0000000000000000000 ) ) ;
#2606 = DIRECTION ( 'NONE',  ( 0.0000000000000000000, 0.0000000000000000000, 1.000000000000000000 ) ) ;
#2607 = VERTEX_POINT ( 'NONE', #2868 ) ;
#2608 = AXIS2_PLACEMENT_3D ( 'NONE', #6108, #7269, #2091 ) ;
#2609 = FACE_OUTER_BOUND ( 'NONE', #5145, .T. ) ;
#2610 = AXIS2_PLACEMENT_3D ( 'NONE', #634, #4167, #7088 ) ;
#2611 = LINE ( 'NONE', #1476, #2432 ) ;
#2613 = DIRECTION ( 'NONE',  ( 0.0000000000000000000, 0.0000000000000000000, -1.000000000000000000 ) ) ;
#2612 = VECTOR ( 'NONE', #1434, 1000.000000000000000 ) ;
#2614 = VERTEX_POINT ( 'NONE', #5160 ) ;
#2615 = EDGE_LOOP ( 'NONE', ( #6596, #5534, #3194, #59, #7023, #426, #6616, #5948, #4568, #4193 ) ) ;
#2616 = DIRECTION ( 'NONE',  ( -1.000000000000000000, -0.0000000000000000000, -0.0000000000000000000 ) ) ;
#2617 = CARTESIAN_POINT ( 'NONE',  ( -3.300000000000000700, 0.6500000000000045700, -3.934500000000001200 ) ) ;
#2618 = CARTESIAN_POINT ( 'NONE',  ( 3.299999999999999800, 2.929999999999999300, 3.550000000000002500 ) ) ;
#2619 = LINE ( 'NONE', #6584, #4153 ) ;
#2620 = LINE ( 'NONE', #5565, #5617 ) ;
#2621 = ORIENTED_EDGE ( 'NONE', *, *, #5803, .T. ) ;
#2622 = ORIENTED_EDGE ( 'NONE', *, *, #6258, .F. ) ;
#2623 = CARTESIAN_POINT ( 'NONE',  ( 7.870000000000000100, 2.679999999999998800, -3.934500000000000300 ) ) ;
#2624 = EDGE_CURVE ( 'NONE', #4453, #5850, #1363, .T. ) ;
#2625 = ORIENTED_EDGE ( 'NONE', *, *, #3587, .F. ) ;
#2626 = LINE ( 'NONE', #15, #4254 ) ;
#2627 = DIRECTION ( 'NONE',  ( 0.0000000000000000000, 0.0000000000000000000, 1.000000000000000000 ) ) ;
#2628 = VECTOR ( 'NONE', #3340, 1000.000000000000000 ) ;
#2629 = ORIENTED_EDGE ( 'NONE', *, *, #5685, .F. ) ;
#2630 = EDGE_CURVE ( 'NONE', #2979, #1055, #5271, .T. ) ;
#2631 = VERTEX_POINT ( 'NONE', #22 ) ;
#2632 = EDGE_LOOP ( 'NONE', ( #4219, #1039, #4243, #63 ) ) ;
#2633 = EDGE_CURVE ( 'NONE', #6242, #4492, #4175, .T. ) ;
#2634 = DIRECTION ( 'NONE',  ( -0.0000000000000000000, 5.027841771134210700E-016, 1.000000000000000000 ) ) ;
#2635 = ORIENTED_EDGE ( 'NONE', *, *, #5110, .F. ) ;
#2636 = DIRECTION ( 'NONE',  ( -1.000000000000000000, -0.0000000000000000000, -0.0000000000000000000 ) ) ;
#2637 = DIRECTION ( 'NONE',  ( 0.0000000000000000000, -1.498163464873311500E-016, -1.000000000000000000 ) ) ;
#2638 = VECTOR ( 'NONE', #4276, 1000.000000000000000 ) ;
#2639 = AXIS2_PLACEMENT_3D ( 'NONE', #6440, #5313, #81 ) ;
#2640 = CARTESIAN_POINT ( 'NONE',  ( -0.3847223250267439200, -5.051668046482832700E-016, -4.124999999999999100 ) ) ;
#2641 = ORIENTED_EDGE ( 'NONE', *, *, #455, .T. ) ;
#2642 = VECTOR ( 'NONE', #621, 1000.000000000000100 ) ;
#2643 = VECTOR ( 'NONE', #2570, 1000.000000000000000 ) ;
#2644 = DIRECTION ( 'NONE',  ( -1.000000000000000000, -0.0000000000000000000, 0.0000000000000000000 ) ) ;
#2645 = VECTOR ( 'NONE', #3467, 1000.000000000000000 ) ;
#2646 = FILL_AREA_STYLE ('',( #5004 ) ) ;
#2647 = DIRECTION ( 'NONE',  ( 1.000000000000000000, 0.0000000000000000000, 0.0000000000000000000 ) ) ;
#2648 = CIRCLE ( 'NONE', #7506, 0.1904999999999997000 ) ;
#2649 = DIRECTION ( 'NONE',  ( 0.0000000000000000000, 1.000000000000000000, -3.484080088324578000E-016 ) ) ;
#2650 = ORIENTED_EDGE ( 'NONE', *, *, #6869, .T. ) ;
#2651 = DIRECTION ( 'NONE',  ( 1.000000000000000000, 0.0000000000000000000, -0.0000000000000000000 ) ) ;
#2652 = EDGE_CURVE ( 'NONE', #243, #2197, #3179, .T. ) ;
#2653 = SURFACE_STYLE_FILL_AREA ( #49 ) ;
#2654 = DIRECTION ( 'NONE',  ( 0.0000000000000000000, 0.0000000000000000000, -1.000000000000000000 ) ) ;
#2655 =( NAMED_UNIT ( * ) SI_UNIT ( $, .STERADIAN. ) SOLID_ANGLE_UNIT ( ) );
#2656 = DIRECTION ( 'NONE',  ( 0.0000000000000000000, 1.000000000000000000, -1.498163464873311500E-016 ) ) ;
#2657 = EDGE_LOOP ( 'NONE', ( #984, #4990, #6282, #6947 ) ) ;
#2658 = LINE ( 'NONE', #759, #1214 ) ;
#2659 = AXIS2_PLACEMENT_3D ( 'NONE', #2702, #4926, #5531 ) ;
#2660 = CARTESIAN_POINT ( 'NONE',  ( -4.830000000000001000, 2.489499999999999200, -4.375000000000000000 ) ) ;
#2661 = EDGE_LOOP ( 'NONE', ( #1849, #6064, #4397, #28, #366, #4965, #4077, #6768 ) ) ;
#2662 = FACE_OUTER_BOUND ( 'NONE', #3292, .T. ) ;
#2663 = CARTESIAN_POINT ( 'NONE',  ( 8.004722325026744300, -3.794707603699265500E-016, -4.375000000000001800 ) ) ;
#2664 = LINE ( 'NONE', #6134, #7099 ) ;
#2665 = CARTESIAN_POINT ( 'NONE',  ( 5.330000000000000100, 4.336808689942017700E-016, 4.375000000000000000 ) ) ;
#2666 = DIRECTION ( 'NONE',  ( 1.000000000000000000, 0.0000000000000000000, 0.0000000000000000000 ) ) ;
#2667 = ORIENTED_EDGE ( 'NONE', *, *, #5680, .T. ) ;
#2668 = ORIENTED_EDGE ( 'NONE', *, *, #619, .F. ) ;
#2669 = ORIENTED_EDGE ( 'NONE', *, *, #5958, .T. ) ;
#2670 = LINE ( 'NONE', #2454, #5765 ) ;
#2671 = VERTEX_POINT ( 'NONE', #4023 ) ;
#2672 = DIRECTION ( 'NONE',  ( 0.4999999999999967200, -0.8660254037844405900, -1.297447619602006200E-016 ) ) ;
#2673 = EDGE_LOOP ( 'NONE', ( #5014, #2933, #4415, #6439 ) ) ;
#2674 = EDGE_CURVE ( 'NONE', #7505, #5669, #2999, .T. ) ;
#2675 = CARTESIAN_POINT ( 'NONE',  ( -7.870000000000000100, -3.299999999999999800, -4.124999999999999100 ) ) ;
#2676 = AXIS2_PLACEMENT_3D ( 'NONE', #6809, #2224, #1611 ) ;
#2677 = DIRECTION ( 'NONE',  ( 0.0000000000000000000, 0.9914448613738104900, -0.1305261922200519100 ) ) ;
#2678 = FILL_AREA_STYLE_COLOUR ( '', #4460 ) ;
#2679 = LINE ( 'NONE', #5763, #61 ) ;
#2680 = EDGE_CURVE ( 'NONE', #4709, #314, #3379, .T. ) ;
#2682 = ORIENTED_EDGE ( 'NONE', *, *, #4375, .T. ) ;
#2681 = DIRECTION ( 'NONE',  ( 0.0000000000000000000, 0.0000000000000000000, -1.000000000000000000 ) ) ;
#2683 = VERTEX_POINT ( 'NONE', #2920 ) ;
#2684 = CARTESIAN_POINT ( 'NONE',  ( -3.300000000000000700, 2.679999999999998800, 3.934500000000000300 ) ) ;
#2685 = VERTEX_POINT ( 'NONE', #3998 ) ;
#2686 = DIRECTION ( 'NONE',  ( -1.000000000000000000, -0.0000000000000000000, -0.0000000000000000000 ) ) ;
#2687 = EDGE_CURVE ( 'NONE', #3237, #4064, #1659, .T. ) ;
#2688 = ORIENTED_EDGE ( 'NONE', *, *, #2982, .T. ) ;
#2689 = DIRECTION ( 'NONE',  ( -1.000000000000000000, -0.0000000000000000000, -0.0000000000000000000 ) ) ;
#2690 = EDGE_CURVE ( 'NONE', #2846, #5944, #1459, .T. ) ;
#2691 = DIRECTION ( 'NONE',  ( -0.0000000000000000000, -1.734723475976793500E-015, 1.000000000000000000 ) ) ;
#2692 = FACE_OUTER_BOUND ( 'NONE', #739, .T. ) ;
#2693 = CARTESIAN_POINT ( 'NONE',  ( 5.330000000000000100, 2.679999999999998800, 3.934500000000000300 ) ) ;
#2694 = DIRECTION ( 'NONE',  ( 0.0000000000000000000, 1.127908631974522500E-015, 1.000000000000000000 ) ) ;
#2695 = ORIENTED_EDGE ( 'NONE', *, *, #5487, .T. ) ;
#2696 = CARTESIAN_POINT ( 'NONE',  ( -8.380000000000000800, 2.929999999999999300, 3.550000000000002500 ) ) ;
#2697 = LINE ( 'NONE', #3711, #430 ) ;
#2698 = AXIS2_PLACEMENT_3D ( 'NONE', #987, #4933, #6201 ) ;
#2699 = ORIENTED_EDGE ( 'NONE', *, *, #4275, .F. ) ;
#2700 = DIRECTION ( 'NONE',  ( 0.0000000000000000000, -1.127908631974522500E-015, -1.000000000000000000 ) ) ;
#2701 = PLANE ( 'NONE',  #1482 ) ;
#2702 = CARTESIAN_POINT ( 'NONE',  ( -2.290000000000000500, -3.299999999999999800, 4.124999999999999100 ) ) ;
#2703 = CARTESIAN_POINT ( 'NONE',  ( 5.330000000000000100, 2.929999999999999300, -3.550000000000002500 ) ) ;
#2704 = ORIENTED_EDGE ( 'NONE', *, *, #6921, .F. ) ;
#2705 = DIRECTION ( 'NONE',  ( 0.0000000000000000000, 1.000000000000000000, 5.027841771134210700E-016 ) ) ;
#2706 = EDGE_CURVE ( 'NONE', #5672, #4403, #4364, .T. ) ;
#2707 = DIRECTION ( 'NONE',  ( 0.9914448613738104900, -0.1305261922200519100, -2.422369966424957900E-016 ) ) ;
#2708 = VECTOR ( 'NONE', #4383, 1000.000000000000000 ) ;
#2709 = ORIENTED_EDGE ( 'NONE', *, *, #24, .T. ) ;
#2710 = DIRECTION ( 'NONE',  ( -1.000000000000000000, -0.0000000000000000000, -0.0000000000000000000 ) ) ;
#2711 = AXIS2_PLACEMENT_3D ( 'NONE', #1762, #4116, #1220 ) ;
#2712 = FACE_OUTER_BOUND ( 'NONE', #5704, .T. ) ;
#2713 = CARTESIAN_POINT ( 'NONE',  ( 0.7600000000000002300, -5.051668046482832700E-016, 4.124999999999999100 ) ) ;
#2714 = ADVANCED_FACE ( 'NONE', ( #290 ), #1839, .F. ) ;
#2715 = FACE_OUTER_BOUND ( 'NONE', #2632, .T. ) ;
#2716 = SURFACE_SIDE_STYLE ('',( #4828 ) ) ;
#2717 = LINE ( 'NONE', #1511, #628 ) ;
#2718 = ORIENTED_EDGE ( 'NONE', *, *, #1147, .F. ) ;
#2719 = CARTESIAN_POINT ( 'NONE',  ( -4.320000000000001200, 2.679999999999998800, 3.934500000000000300 ) ) ;
#2720 = ORIENTED_EDGE ( 'NONE', *, *, #1535, .F. ) ;
#2721 = AXIS2_PLACEMENT_3D ( 'NONE', #2740, #1023, #5079 ) ;
#2722 = DIRECTION ( 'NONE',  ( 0.0000000000000000000, -5.027841771134210700E-016, 1.000000000000000000 ) ) ;
#2723 = VECTOR ( 'NONE', #7403, 1000.000000000000000 ) ;
#2724 = VECTOR ( 'NONE', #1964, 1000.000000000000000 ) ;
#2725 = ORIENTED_EDGE ( 'NONE', *, *, #5680, .F. ) ;
#2726 = CARTESIAN_POINT ( 'NONE',  ( 2.155277674973255800, -5.051668046482832700E-016, -4.125000000000000000 ) ) ;
#2727 = PLANE ( 'NONE',  #7468 ) ;
#2728 = VERTEX_POINT ( 'NONE', #5897 ) ;
#2729 = EDGE_CURVE ( 'NONE', #2810, #3555, #5540, .T. ) ;
#2730 = VECTOR ( 'NONE', #4486, 1000.000000000000000 ) ;
#2731 = LINE ( 'NONE', #2736, #5634 ) ;
#2732 = EDGE_CURVE ( 'NONE', #5755, #289, #7080, .T. ) ;
#2733 = ORIENTED_EDGE ( 'NONE', *, *, #3548, .T. ) ;
#2734 = CARTESIAN_POINT ( 'NONE',  ( -4.830000000000001000, 2.489499999999999200, -4.375000000000000000 ) ) ;
#2735 = ORIENTED_EDGE ( 'NONE', *, *, #1568, .F. ) ;
#2736 = CARTESIAN_POINT ( 'NONE',  ( -8.004722325026744300, -4.456522286123197600E-016, -4.375000000000000000 ) ) ;
#2737 = LINE ( 'NONE', #67, #7084 ) ;
#2738 = ORIENTED_EDGE ( 'NONE', *, *, #2132, .F. ) ;
#2739 = SURFACE_STYLE_USAGE ( .BOTH. , #2716 ) ;
#2740 = CARTESIAN_POINT ( 'NONE',  ( -7.370000000000000100, 2.489499999999999200, -3.934500000000000300 ) ) ;
#2741 = SURFACE_STYLE_FILL_AREA ( #5752 ) ;
#2742 = CARTESIAN_POINT ( 'NONE',  ( -4.320000000000001200, 2.929999999999999300, 3.550000000000002500 ) ) ;
#2743 = ORIENTED_EDGE ( 'NONE', *, *, #3388, .T. ) ;
#2744 = LINE ( 'NONE', #2371, #2379 ) ;
#2745 = DIRECTION ( 'NONE',  ( 0.0000000000000000000, -5.027841771134210700E-016, 1.000000000000000000 ) ) ;
#2746 = CARTESIAN_POINT ( 'NONE',  ( 8.380000000000000800, 2.929999999999999300, 3.934500000000000300 ) ) ;
#2747 = DIRECTION ( 'NONE',  ( 0.0000000000000000000, 1.000000000000000000, -3.484080088324578000E-016 ) ) ;
#2748 = DIRECTION ( 'NONE',  ( -1.000000000000000000, -0.0000000000000000000, -0.0000000000000000000 ) ) ;
#2749 = ADVANCED_FACE ( 'NONE', ( #1111 ), #3744, .F. ) ;
#2750 = EDGE_CURVE ( 'NONE', #2130, #5483, #204, .T. ) ;
#2751 = AXIS2_PLACEMENT_3D ( 'NONE', #6362, #1174, #1130 ) ;
#2752 = EDGE_LOOP ( 'NONE', ( #3301, #4195, #6914, #3049 ) ) ;
#2753 = LINE ( 'NONE', #5675, #7473 ) ;
#2754 = ORIENTED_EDGE ( 'NONE', *, *, #3108, .T. ) ;
#2755 = VERTEX_POINT ( 'NONE', #4895 ) ;
#2756 = LINE ( 'NONE', #3713, #1218 ) ;
#2757 =( NAMED_UNIT ( * ) PLANE_ANGLE_UNIT ( ) SI_UNIT ( $, .RADIAN. ) );
#2758 = FACE_OUTER_BOUND ( 'NONE', #2449, .T. ) ;
#2759 = FACE_OUTER_BOUND ( 'NONE', #4223, .T. ) ;
#2760 = AXIS2_PLACEMENT_3D ( 'NONE', #317, #1367, #4873 ) ;
#2761 = ORIENTED_EDGE ( 'NONE', *, *, #2871, .F. ) ;
#2762 = CARTESIAN_POINT ( 'NONE',  ( 0.7600000000000002300, -3.794707603699265500E-016, -4.375000000000001800 ) ) ;
#2763 = VERTEX_POINT ( 'NONE', #5448 ) ;
#2764 = FACE_OUTER_BOUND ( 'NONE', #5569, .T. ) ;
#2765 = DIRECTION ( 'NONE',  ( 0.0000000000000000000, 5.027841771134210700E-016, 1.000000000000000000 ) ) ;
#2766 = CARTESIAN_POINT ( 'NONE',  ( 5.330000000000000100, 2.679999999999999300, 3.550000000000002500 ) ) ;
#2767 = EDGE_CURVE ( 'NONE', #5639, #4545, #6022, .T. ) ;
#2768 = LINE ( 'NONE', #4504, #4395 ) ;
#2769 = ORIENTED_EDGE ( 'NONE', *, *, #2630, .F. ) ;
#2770 = EDGE_CURVE ( 'NONE', #4199, #3078, #7451, .T. ) ;
#2771 = ORIENTED_EDGE ( 'NONE', *, *, #783, .T. ) ;
#2772 = EDGE_CURVE ( 'NONE', #4570, #4523, #7254, .T. ) ;
#2773 = PLANE ( 'NONE',  #4925 ) ;
#2774 = EDGE_CURVE ( 'NONE', #6571, #583, #1272, .T. ) ;
#2775 = STYLED_ITEM ( 'NONE', ( #6073 ), #3795 ) ;
#2776 = DIRECTION ( 'NONE',  ( -1.000000000000000000, -0.0000000000000000000, -0.0000000000000000000 ) ) ;
#2777 = DIRECTION ( 'NONE',  ( 0.0000000000000000000, -1.000000000000000000, 6.968160176649155900E-016 ) ) ;
#2778 = ORIENTED_EDGE ( 'NONE', *, *, #3579, .T. ) ;
#2779 = VERTEX_POINT ( 'NONE', #3571 ) ;
#2780 = PLANE ( 'NONE',  #2409 ) ;
#2781 = ORIENTED_EDGE ( 'NONE', *, *, #2729, .T. ) ;
#2782 = EDGE_CURVE ( 'NONE', #5166, #4351, #4352, .T. ) ;
#2783 = EDGE_CURVE ( 'NONE', #5289, #1739, #1235, .T. ) ;
#2784 = LINE ( 'NONE', #6574, #6873 ) ;
#2785 = EDGE_LOOP ( 'NONE', ( #2853, #234, #2704, #5128 ) ) ;
#2786 = VERTEX_POINT ( 'NONE', #6600 ) ;
#2787 = CARTESIAN_POINT ( 'NONE',  ( -10.00000000000002500, 2.679999999999999300, -3.549999999999985600 ) ) ;
#2788 = AXIS2_PLACEMENT_3D ( 'NONE', #1520, #6268, #2765 ) ;
#2789 = MANIFOLD_SOLID_BREP ( 'Chamfer1', #1139 ) ;
#2790 = ORIENTED_EDGE ( 'NONE', *, *, #6619, .T. ) ;
#2791 = CARTESIAN_POINT ( 'NONE',  ( 7.370000000000000100, -4.336808689942017700E-016, 3.934500000000001200 ) ) ;
#2792 = ADVANCED_FACE ( 'NONE', ( #2947 ), #664, .F. ) ;
#2793 = CARTESIAN_POINT ( 'NONE',  ( 5.330000000000000100, 2.679999999999999300, -3.550000000000002500 ) ) ;
#2794 = CARTESIAN_POINT ( 'NONE',  ( 0.2500000000000002200, -4.336808689942017700E-016, -3.934500000000001200 ) ) ;
#2795 = ORIENTED_EDGE ( 'NONE', *, *, #2239, .T. ) ;
#2796 = DIRECTION ( 'NONE',  ( 0.0000000000000000000, -1.498163464873311700E-016, 1.000000000000000000 ) ) ;
#2797 = DIRECTION ( 'NONE',  ( 0.0000000000000000000, -1.000000000000000000, 1.498163464873311500E-016 ) ) ;
#2798 = ORIENTED_EDGE ( 'NONE', *, *, #2687, .T. ) ;
#2799 = CARTESIAN_POINT ( 'NONE',  ( -8.380000000000000800, 0.6500000000000045700, 4.124999999999999100 ) ) ;
#2800 = CARTESIAN_POINT ( 'NONE',  ( 9.714314080235352500, 5.099999999999997000, -3.264314080235347900 ) ) ;
#2801 = CARTESIAN_POINT ( 'NONE',  ( 2.155277674973255800, -5.051668046482832700E-016, -4.124999999999999100 ) ) ;
#2802 = LINE ( 'NONE', #6337, #1891 ) ;
#2803 = FACE_OUTER_BOUND ( 'NONE', #635, .T. ) ;
#2804 = LINE ( 'NONE', #915, #2708 ) ;
#2805 = ORIENTED_EDGE ( 'NONE', *, *, #6663, .F. ) ;
#2806 = CARTESIAN_POINT ( 'NONE',  ( 3.299999999999999800, 2.489499999999999200, -4.125000000000000000 ) ) ;
#2807 = FACE_OUTER_BOUND ( 'NONE', #136, .T. ) ;
#2808 = DIRECTION ( 'NONE',  ( -1.000000000000000000, -0.0000000000000000000, 0.0000000000000000000 ) ) ;
#2809 = EDGE_LOOP ( 'NONE', ( #3746, #1918, #2012, #197 ) ) ;
#2810 = VERTEX_POINT ( 'NONE', #6625 ) ;
#2811 = PLANE ( 'NONE',  #2424 ) ;
#2812 = ORIENTED_EDGE ( 'NONE', *, *, #138, .F. ) ;
#2813 = CARTESIAN_POINT ( 'NONE',  ( 4.695277674973255900, -4.456522286123197600E-016, 4.375000000000000000 ) ) ;
#2814 = CARTESIAN_POINT ( 'NONE',  ( -4.320000000000001200, 2.929999999999999300, -3.550000000000002500 ) ) ;
#2815 = VECTOR ( 'NONE', #2268, 1000.000000000000000 ) ;
#2816 = CARTESIAN_POINT ( 'NONE',  ( 4.695277674973255900, -5.051668046482832700E-016, 4.124999999999999100 ) ) ;
#2817 = VECTOR ( 'NONE', #5626, 1000.000000000000000 ) ;
#2818 = ORIENTED_EDGE ( 'NONE', *, *, #5887, .T. ) ;
#2819 = CARTESIAN_POINT ( 'NONE',  ( 4.319999999999999400, 2.489499999999999200, 3.934500000000000300 ) ) ;
#2820 = AXIS2_PLACEMENT_3D ( 'NONE', #5045, #2238, #6315 ) ;
#2821 = DIRECTION ( 'NONE',  ( -1.000000000000000000, -0.0000000000000000000, -0.0000000000000000000 ) ) ;
#2822 = ORIENTED_EDGE ( 'NONE', *, *, #24, .F. ) ;
#2823 = ORIENTED_EDGE ( 'NONE', *, *, #3227, .T. ) ;
#2824 = CARTESIAN_POINT ( 'NONE',  ( 7.235277674973255900, -3.794707603699265500E-016, -4.375000000000001800 ) ) ;
#2825 = ORIENTED_EDGE ( 'NONE', *, *, #1199, .F. ) ;
#2826 = LINE ( 'NONE', #2693, #1273 ) ;
#2827 = CYLINDRICAL_SURFACE ( 'NONE', #3866, 0.1904999999999997000 ) ;
#2828 =( NAMED_UNIT ( * ) PLANE_ANGLE_UNIT ( ) SI_UNIT ( $, .RADIAN. ) );
#2829 = ADVANCED_FACE ( 'NONE', ( #1405 ), #6654, .F. ) ;
#2830 = EDGE_LOOP ( 'NONE', ( #5441, #7277, #722, #1115 ) ) ;
#2831 = CIRCLE ( 'NONE', #2364, 0.1904999999999997000 ) ;
#2832 = EDGE_CURVE ( 'NONE', #5495, #932, #3222, .T. ) ;
#2833 = EDGE_CURVE ( 'NONE', #5532, #1851, #1698, .T. ) ;
#2834 = LINE ( 'NONE', #4396, #1280 ) ;
#2835 = VECTOR ( 'NONE', #3189, 1000.000000000000000 ) ;
#2836 = EDGE_CURVE ( 'NONE', #4728, #7368, #4576, .T. ) ;
#2837 = VECTOR ( 'NONE', #7009, 1000.000000000000000 ) ;
#2838 = EDGE_LOOP ( 'NONE', ( #2301, #1895, #1466, #1065 ) ) ;
#2839 = CARTESIAN_POINT ( 'NONE',  ( 3.299999999999999800, -3.794707603699265500E-016, 4.375000000000001800 ) ) ;
#2840 = EDGE_LOOP ( 'NONE', ( #1452, #5571, #4382, #2805 ) ) ;
#2841 = CARTESIAN_POINT ( 'NONE',  ( -1.780000000000000200, 0.6500000000000025800, -4.125000000000000000 ) ) ;
#2842 = AXIS2_PLACEMENT_3D ( 'NONE', #1967, #1946, #4771 ) ;
#2843 = ORIENTED_EDGE ( 'NONE', *, *, #4147, .F. ) ;
#2844 = CARTESIAN_POINT ( 'NONE',  ( -2.790000000000000900, -3.299999999999999800, 4.124999999999999100 ) ) ;
#2845 = ORIENTED_EDGE ( 'NONE', *, *, #1287, .T. ) ;
#2846 = VERTEX_POINT ( 'NONE', #2640 ) ;
#2847 = EDGE_LOOP ( 'NONE', ( #4205, #1916, #1544, #4076 ) ) ;
#2848 = DIRECTION ( 'NONE',  ( 1.000000000000000000, 0.0000000000000000000, -0.0000000000000000000 ) ) ;
#2849 = CARTESIAN_POINT ( 'NONE',  ( -2.790000000000000900, 2.489499999999999200, -4.125000000000000000 ) ) ;
#2850 = ORIENTED_EDGE ( 'NONE', *, *, #2341, .T. ) ;
#2851 = EDGE_CURVE ( 'NONE', #6751, #1764, #2507, .T. ) ;
#2852 = AXIS2_PLACEMENT_3D ( 'NONE', #5318, #4177, #94 ) ;
#2853 = ORIENTED_EDGE ( 'NONE', *, *, #1796, .F. ) ;
#2854 = VECTOR ( 'NONE', #514, 1000.000000000000100 ) ;
#2855 = LINE ( 'NONE', #7015, #7491 ) ;
#2856 = ORIENTED_EDGE ( 'NONE', *, *, #5038, .T. ) ;
#2857 = ORIENTED_EDGE ( 'NONE', *, *, #5314, .F. ) ;
#2858 = DIRECTION ( 'NONE',  ( 0.0000000000000000000, 5.027841771134210700E-016, -1.000000000000000000 ) ) ;
#2859 = AXIS2_PLACEMENT_3D ( 'NONE', #1210, #4687, #77 ) ;
#2860 = DIRECTION ( 'NONE',  ( -1.000000000000000000, -0.0000000000000000000, -0.0000000000000000000 ) ) ;
#2861 = ADVANCED_FACE ( 'NONE', ( #1788 ), #7326, .T. ) ;
#2862 = CARTESIAN_POINT ( 'NONE',  ( 5.839999999999999900, 0.6500000000000025800, 4.125000000000000000 ) ) ;
#2863 = VECTOR ( 'NONE', #6879, 1000.000000000000000 ) ;
#2864 = DIRECTION ( 'NONE',  ( 1.000000000000000000, 0.0000000000000000000, 0.0000000000000000000 ) ) ;
#2865 = PLANE ( 'NONE',  #4830 ) ;
#2866 = VECTOR ( 'NONE', #3670, 1000.000000000000000 ) ;
#2867 = DIRECTION ( 'NONE',  ( -1.000000000000000000, -0.0000000000000000000, -0.0000000000000000000 ) ) ;
#2868 = CARTESIAN_POINT ( 'NONE',  ( 5.464722325026743400, -3.794707603699265500E-016, 4.375000000000001800 ) ) ;
#2869 = DIRECTION ( 'NONE',  ( -1.000000000000000000, -0.0000000000000000000, 0.0000000000000000000 ) ) ;
#2870 = EDGE_CURVE ( 'NONE', #5910, #2230, #5279, .T. ) ;
#2871 = EDGE_CURVE ( 'NONE', #7471, #412, #2664, .T. ) ;
#2872 = EDGE_LOOP ( 'NONE', ( #5465, #7301, #2602, #6017 ) ) ;
#2873 = DIRECTION ( 'NONE',  ( 0.0000000000000000000, 5.027841771134210700E-016, -1.000000000000000000 ) ) ;
#2874 = EDGE_LOOP ( 'NONE', ( #6504, #5061, #962, #6423 ) ) ;
#2875 = MANIFOLD_SOLID_BREP ( 'LPattern1[1]', #4649 ) ;
#2876 = ORIENTED_EDGE ( 'NONE', *, *, #4552, .T. ) ;
#2877 = EDGE_CURVE ( 'NONE', #4741, #1242, #3553, .T. ) ;
#2878 = ORIENTED_EDGE ( 'NONE', *, *, #6859, .F. ) ;
#2879 = STYLED_ITEM ( 'NONE', ( #4835 ), #749 ) ;
#2880 = VECTOR ( 'NONE', #2976, 1000.000000000000000 ) ;
#2881 = DIRECTION ( 'NONE',  ( 0.0000000000000000000, 1.127908631974522500E-015, -1.000000000000000000 ) ) ;
#2882 = DIRECTION ( 'NONE',  ( 0.0000000000000000000, 1.000000000000000000, 0.0000000000000000000 ) ) ;
#2883 = VECTOR ( 'NONE', #5549, 1000.000000000000000 ) ;
#2884 = EDGE_LOOP ( 'NONE', ( #4130, #6136, #1972, #6908 ) ) ;
#2885 = CARTESIAN_POINT ( 'NONE',  ( -10.00000000000002300, 4.669999999999997300, -0.8900000000000001200 ) ) ;
#2886 = CARTESIAN_POINT ( 'NONE',  ( 7.235277674973255900, -4.456522286123197600E-016, 4.375000000000000000 ) ) ;
#2887 = CARTESIAN_POINT ( 'NONE',  ( 8.004722325026744300, -3.794707603699265500E-016, 4.375000000000001800 ) ) ;
#2888 = CARTESIAN_POINT ( 'NONE',  ( -0.2500000000000002200, 2.489499999999999200, -4.375000000000000000 ) ) ;
#2889 = COLOUR_RGB ( '',0.7921568627450980000, 0.8196078431372548800, 0.9333333333333333500 ) ;
#2890 = VECTOR ( 'NONE', #6861, 1000.000000000000000 ) ;
#2891 = ORIENTED_EDGE ( 'NONE', *, *, #3159, .F. ) ;
#2892 = DIRECTION ( 'NONE',  ( 0.0000000000000000000, 5.027841771134210700E-016, -1.000000000000000000 ) ) ;
#2893 = ORIENTED_EDGE ( 'NONE', *, *, #2133, .F. ) ;
#2894 = ADVANCED_FACE ( 'NONE', ( #1759 ), #7173, .F. ) ;
#2895 = FACE_OUTER_BOUND ( 'NONE', #6338, .T. ) ;
#2896 = ORIENTED_EDGE ( 'NONE', *, *, #883, .F. ) ;
#2897 = DIRECTION ( 'NONE',  ( 0.0000000000000000000, -5.027841771134210700E-016, -1.000000000000000000 ) ) ;
#2898 = ADVANCED_FACE ( 'NONE', ( #6558 ), #2044, .F. ) ;
#2899 = ORIENTED_EDGE ( 'NONE', *, *, #5487, .F. ) ;
#2900 = VERTEX_POINT ( 'NONE', #4361 ) ;
#2901 = LINE ( 'NONE', #2886, #1348 ) ;
#2902 = LINE ( 'NONE', #2980, #7455 ) ;
#2903 = ADVANCED_FACE ( 'NONE', ( #7006 ), #5526, .F. ) ;
#2904 = VECTOR ( 'NONE', #6883, 1000.000000000000000 ) ;
#2905 = DIRECTION ( 'NONE',  ( -1.000000000000000000, -0.0000000000000000000, -0.0000000000000000000 ) ) ;
#2906 = VERTEX_POINT ( 'NONE', #7273 ) ;
#2907 = PLANE ( 'NONE',  #696 ) ;
#2908 = CARTESIAN_POINT ( 'NONE',  ( 2.155277674973255800, -5.051668046482832700E-016, 4.124999999999999100 ) ) ;
#2909 = ORIENTED_EDGE ( 'NONE', *, *, #125, .T. ) ;
#2910 = LINE ( 'NONE', #755, #1838 ) ;
#2911 = PLANE ( 'NONE',  #6498 ) ;
#2912 = ORIENTED_EDGE ( 'NONE', *, *, #4133, .F. ) ;
#2913 = LINE ( 'NONE', #1632, #4367 ) ;
#2914 = CARTESIAN_POINT ( 'NONE',  ( 5.839999999999999900, -5.051668046482832700E-016, -4.124999999999999100 ) ) ;
#2915 = EDGE_CURVE ( 'NONE', #7507, #4608, #3097, .T. ) ;
#2916 = ORIENTED_EDGE ( 'NONE', *, *, #2498, .T. ) ;
#2917 = VECTOR ( 'NONE', #2155, 1000.000000000000000 ) ;
#2918 = CARTESIAN_POINT ( 'NONE',  ( 2.790000000000000000, 2.679999999999999300, 3.550000000000002500 ) ) ;
#2919 = LINE ( 'NONE', #503, #5751 ) ;
#2920 = CARTESIAN_POINT ( 'NONE',  ( 8.004722325026744300, -5.051668046482832700E-016, 4.124999999999999100 ) ) ;
#2921 = DIRECTION ( 'NONE',  ( 1.000000000000000000, 0.0000000000000000000, -0.0000000000000000000 ) ) ;
#2922 = LINE ( 'NONE', #211, #121 ) ;
#2923 = LINE ( 'NONE', #4789, #1840 ) ;
#2924 = EDGE_LOOP ( 'NONE', ( #2182, #6677, #5852, #1539, #306, #4558, #303, #5119, #2369, #2281 ) ) ;
#2925 = EDGE_CURVE ( 'NONE', #5316, #4709, #1028, .T. ) ;
#2926 = ORIENTED_EDGE ( 'NONE', *, *, #5685, .T. ) ;
#2927 = LINE ( 'NONE', #1708, #1378 ) ;
#2928 = DIRECTION ( 'NONE',  ( 0.0000000000000000000, 1.000000000000000000, 5.027841771134210700E-016 ) ) ;
#2929 = ORIENTED_EDGE ( 'NONE', *, *, #2015, .T. ) ;
#2930 = PLANE ( 'NONE',  #367 ) ;
#2931 = DIRECTION ( 'NONE',  ( 0.0000000000000000000, 0.0000000000000000000, -1.000000000000000000 ) ) ;
#2932 = DIRECTION ( 'NONE',  ( 0.0000000000000000000, -1.498163464873311500E-016, 1.000000000000000000 ) ) ;
#2933 = ORIENTED_EDGE ( 'NONE', *, *, #302, .T. ) ;
#2934 = ORIENTED_EDGE ( 'NONE', *, *, #7002, .T. ) ;
#2935 = DIRECTION ( 'NONE',  ( 1.000000000000000000, 0.0000000000000000000, 0.0000000000000000000 ) ) ;
#2936 = AXIS2_PLACEMENT_3D ( 'NONE', #7060, #4135, #108 ) ;
#2937 = ADVANCED_FACE ( 'NONE', ( #5010 ), #4461, .T. ) ;
#2938 = VECTOR ( 'NONE', #6473, 1000.000000000000000 ) ;
#2939 = CARTESIAN_POINT ( 'NONE',  ( 5.330000000000000100, 2.489499999999999200, -3.934500000000000300 ) ) ;
#2940 = VECTOR ( 'NONE', #2161, 1000.000000000000000 ) ;
#2941 = VERTEX_POINT ( 'NONE', #5716 ) ;
#2942 = DIRECTION ( 'NONE',  ( 0.0000000000000000000, -1.498163464873311500E-016, -1.000000000000000000 ) ) ;
#2943 = CARTESIAN_POINT ( 'NONE',  ( 7.870000000000000100, -3.299999999999999800, -4.124999999999999100 ) ) ;
#2944 = CIRCLE ( 'NONE', #6587, 0.4404999999999998900 ) ;
#2945 = ORIENTED_EDGE ( 'NONE', *, *, #4566, .T. ) ;
#2946 = CARTESIAN_POINT ( 'NONE',  ( -5.464722325026745200, -5.051668046482832700E-016, 4.124999999999999100 ) ) ;
#2947 = FACE_OUTER_BOUND ( 'NONE', #4646, .T. ) ;
#2948 = VERTEX_POINT ( 'NONE', #2170 ) ;
#2949 = DIRECTION ( 'NONE',  ( 0.0000000000000000000, 5.027841771134210700E-016, -1.000000000000000000 ) ) ;
#2950 = AXIS2_PLACEMENT_3D ( 'NONE', #630, #4031, #7501 ) ;
#2951 = EDGE_LOOP ( 'NONE', ( #1152, #3169, #4665, #3651 ) ) ;
#2952 = DIRECTION ( 'NONE',  ( 0.0000000000000000000, 0.0000000000000000000, -1.000000000000000000 ) ) ;
#2953 = CARTESIAN_POINT ( 'NONE',  ( 7.235277674973255900, -5.051668046482832700E-016, -4.125000000000000000 ) ) ;
#2954 = ORIENTED_EDGE ( 'NONE', *, *, #7117, .T. ) ;
#2955 = DIRECTION ( 'NONE',  ( 0.0000000000000000000, 1.000000000000000000, -1.734723475976793700E-015 ) ) ;
#2956 = EDGE_LOOP ( 'NONE', ( #6923, #5721, #7453, #5036 ) ) ;
#2957 = CARTESIAN_POINT ( 'NONE',  ( 1.779999999999999400, 2.679999999999998800, 3.934500000000000300 ) ) ;
#2958 = EDGE_LOOP ( 'NONE', ( #4902, #4853, #6930, #3790, #3513, #6675, #3759, #2529, #6818, #3282 ) ) ;
#2959 = EDGE_CURVE ( 'NONE', #6967, #7471, #4635, .T. ) ;
#2960 = EDGE_CURVE ( 'NONE', #3371, #4846, #1187, .T. ) ;
#2961 = CARTESIAN_POINT ( 'NONE',  ( 2.790000000000000000, 2.489499999999999200, 4.125000000000000000 ) ) ;
#2962 = CARTESIAN_POINT ( 'NONE',  ( 0.7600000000000002300, 0.6500000000000025800, -4.125000000000000000 ) ) ;
#2963 = EDGE_CURVE ( 'NONE', #1216, #3228, #7157, .T. ) ;
#2964 = CIRCLE ( 'NONE', #828, 0.1904999999999997000 ) ;
#2965 = ORIENTED_EDGE ( 'NONE', *, *, #3417, .F. ) ;
#2966 = ADVANCED_FACE ( 'NONE', ( #2001 ), #523, .F. ) ;
#2967 = LINE ( 'NONE', #5065, #6435 ) ;
#2968 = VECTOR ( 'NONE', #2023, 1000.000000000000000 ) ;
#2969 = FACE_OUTER_BOUND ( 'NONE', #4325, .T. ) ;
#2970 = ORIENTED_EDGE ( 'NONE', *, *, #5330, .T. ) ;
#2971 = AXIS2_PLACEMENT_3D ( 'NONE', #200, #831, #2174 ) ;
#2972 = ORIENTED_EDGE ( 'NONE', *, *, #1199, .T. ) ;
#2973 = CARTESIAN_POINT ( 'NONE',  ( 2.790000000000000000, 2.489499999999999200, -3.934500000000000300 ) ) ;
#2974 = DIRECTION ( 'NONE',  ( 0.0000000000000000000, 5.027841771134210700E-016, -1.000000000000000000 ) ) ;
#2975 = LINE ( 'NONE', #6631, #1725 ) ;
#2976 = DIRECTION ( 'NONE',  ( 0.0000000000000000000, -5.027841771134210700E-016, 1.000000000000000000 ) ) ;
#2977 = ORIENTED_EDGE ( 'NONE', *, *, #3614, .F. ) ;
#2978 = ORIENTED_EDGE ( 'NONE', *, *, #4959, .T. ) ;
#2979 = VERTEX_POINT ( 'NONE', #441 ) ;
#2980 = CARTESIAN_POINT ( 'NONE',  ( 0.2500000000000002200, 2.679999999999998800, -3.934500000000000300 ) ) ;
#2981 = LINE ( 'NONE', #4387, #273 ) ;
#2982 = EDGE_CURVE ( 'NONE', #329, #5343, #25, .T. ) ;
#2983 = DIRECTION ( 'NONE',  ( -1.000000000000000000, -0.0000000000000000000, -0.0000000000000000000 ) ) ;
#2984 = VECTOR ( 'NONE', #1625, 1000.000000000000000 ) ;
#2985 = ORIENTED_EDGE ( 'NONE', *, *, #5111, .F. ) ;
#2986 = DIRECTION ( 'NONE',  ( -1.000000000000000000, -0.0000000000000000000, 0.0000000000000000000 ) ) ;
#2987 = CARTESIAN_POINT ( 'NONE',  ( 10.00000000000000400, 2.929999999999999300, 3.550000000000002500 ) ) ;
#2988 =( LENGTH_UNIT ( ) NAMED_UNIT ( * ) SI_UNIT ( .MILLI., .METRE. ) );
#2989 = ORIENTED_EDGE ( 'NONE', *, *, #3590, .T. ) ;
#2990 = ORIENTED_EDGE ( 'NONE', *, *, #3303, .F. ) ;
#2991 = VECTOR ( 'NONE', #118, 1000.000000000000000 ) ;
#2992 = ORIENTED_EDGE ( 'NONE', *, *, #729, .F. ) ;
#2993 = VECTOR ( 'NONE', #7215, 1000.000000000000000 ) ;
#2994 = DIRECTION ( 'NONE',  ( 1.000000000000000000, 0.0000000000000000000, -0.0000000000000000000 ) ) ;
#2995 = VECTOR ( 'NONE', #4963, 1000.000000000000000 ) ;
#2996 = AXIS2_PLACEMENT_3D ( 'NONE', #4603, #5747, #4626 ) ;
#2997 = CARTESIAN_POINT ( 'NONE',  ( 1.779999999999999400, 2.489499999999999200, -3.934500000000000300 ) ) ;
#2998 = EDGE_LOOP ( 'NONE', ( #6895, #1817, #6072, #778 ) ) ;
#2999 = CIRCLE ( 'NONE', #709, 0.4404999999999998900 ) ;
#3000 = FACE_OUTER_BOUND ( 'NONE', #3968, .T. ) ;
#3001 = VECTOR ( 'NONE', #1738, 1000.000000000000000 ) ;
#3002 = DIRECTION ( 'NONE',  ( 1.000000000000000000, 0.0000000000000000000, -2.168404344971006100E-017 ) ) ;
#3003 = FACE_OUTER_BOUND ( 'NONE', #7202, .T. ) ;
#3004 = DIRECTION ( 'NONE',  ( 0.0000000000000000000, 5.027841771134210700E-016, -1.000000000000000000 ) ) ;
#3005 = EDGE_CURVE ( 'NONE', #6898, #5723, #1552, .T. ) ;
#3006 = VERTEX_POINT ( 'NONE', #2844 ) ;
#3007 = DIRECTION ( 'NONE',  ( -1.000000000000000000, -0.0000000000000000000, 0.0000000000000000000 ) ) ;
#3008 = MECHANICAL_DESIGN_GEOMETRIC_PRESENTATION_REPRESENTATION (  '', ( #2775 ), #1454 ) ;
#3009 = ADVANCED_FACE ( 'NONE', ( #1350 ), #7463, .F. ) ;
#3010 = MANIFOLD_SOLID_BREP ( 'LPattern1[6]', #2577 ) ;
#3011 = EDGE_CURVE ( 'NONE', #270, #742, #6027, .T. ) ;
#3012 = EDGE_CURVE ( 'NONE', #3026, #1189, #5091, .T. ) ;
#3013 = CARTESIAN_POINT ( 'NONE',  ( 8.380000000000000800, 2.489499999999999200, -3.934500000000000300 ) ) ;
#3014 = ADVANCED_FACE ( 'NONE', ( #5390 ), #601, .F. ) ;
#3015 = EDGE_LOOP ( 'NONE', ( #506, #403, #6262, #5529 ) ) ;
#3017 = VERTEX_POINT ( 'NONE', #7435 ) ;
#3016 = CARTESIAN_POINT ( 'NONE',  ( -0.7600000000000002300, 0.6500000000000048000, -4.375000000000000900 ) ) ;
#3018 = LINE ( 'NONE', #979, #1477 ) ;
#3019 = ADVANCED_FACE ( 'NONE', ( #4765 ), #2865, .T. ) ;
#3020 = ORIENTED_EDGE ( 'NONE', *, *, #3638, .F. ) ;
#3021 = VERTEX_POINT ( 'NONE', #1712 ) ;
#3022 = DIRECTION ( 'NONE',  ( 0.0000000000000000000, -1.127908631974522500E-015, -1.000000000000000000 ) ) ;
#3023 = EDGE_CURVE ( 'NONE', #1585, #1586, #1293, .T. ) ;
#3024 = ORIENTED_EDGE ( 'NONE', *, *, #2579, .F. ) ;
#3025 = DIRECTION ( 'NONE',  ( 0.0000000000000000000, 0.0000000000000000000, 1.000000000000000000 ) ) ;
#3026 = VERTEX_POINT ( 'NONE', #1145 ) ;
#3027 = ORIENTED_EDGE ( 'NONE', *, *, #577, .F. ) ;
#3028 = ORIENTED_EDGE ( 'NONE', *, *, #3587, .T. ) ;
#3029 = ORIENTED_EDGE ( 'NONE', *, *, #5486, .T. ) ;
#3030 = DIRECTION ( 'NONE',  ( -0.4999999999999967200, 0.8660254037844405900, 1.297447619602006000E-016 ) ) ;
#3031 = DIRECTION ( 'NONE',  ( 0.0000000000000000000, 0.0000000000000000000, -1.000000000000000000 ) ) ;
#3032 = VECTOR ( 'NONE', #5228, 1000.000000000000000 ) ;
#3033 = CARTESIAN_POINT ( 'NONE',  ( 7.370000000000000100, -3.299999999999999800, 4.124999999999999100 ) ) ;
#3034 = FACE_OUTER_BOUND ( 'NONE', #4100, .T. ) ;
#3035 = ORIENTED_EDGE ( 'NONE', *, *, #3361, .T. ) ;
#3036 = DIRECTION ( 'NONE',  ( 0.8660254037844399300, -0.4999999999999977200, -2.513920885567094000E-016 ) ) ;
#3037 = ORIENTED_EDGE ( 'NONE', *, *, #3956, .F. ) ;
#3038 = EDGE_CURVE ( 'NONE', #2683, #1676, #6310, .T. ) ;
#3039 = CARTESIAN_POINT ( 'NONE',  ( -8.380000000000000800, 2.679999999999998800, 3.934500000000000300 ) ) ;
#3040 = CARTESIAN_POINT ( 'NONE',  ( 7.235277674973255900, -5.051668046482832700E-016, 4.124999999999999100 ) ) ;
#3041 = CARTESIAN_POINT ( 'NONE',  ( 8.380000000000000800, 2.489499999999999200, -3.934500000000000300 ) ) ;
#3042 = PLANE ( 'NONE',  #5427 ) ;
#3043 = DIRECTION ( 'NONE',  ( 1.000000000000000000, 0.0000000000000000000, 0.0000000000000000000 ) ) ;
#3044 = ADVANCED_FACE ( 'NONE', ( #5359 ), #6935, .F. ) ;
#3045 = ORIENTED_EDGE ( 'NONE', *, *, #6387, .T. ) ;
#3046 = DIRECTION ( 'NONE',  ( -0.4999999999999967200, 0.8660254037844405900, -1.297447619602006000E-016 ) ) ;
#3047 = CARTESIAN_POINT ( 'NONE',  ( -1.780000000000000200, -5.051668046482832700E-016, 4.124999999999999100 ) ) ;
#3048 = VERTEX_POINT ( 'NONE', #1166 ) ;
#3049 = ORIENTED_EDGE ( 'NONE', *, *, #1926, .T. ) ;
#3050 = ADVANCED_FACE ( 'NONE', ( #7357 ), #3632, .F. ) ;
#3051 = EDGE_CURVE ( 'NONE', #6831, #3371, #4812, .T. ) ;
#3052 = AXIS2_PLACEMENT_3D ( 'NONE', #4439, #7355, #5694 ) ;
#3053 = CARTESIAN_POINT ( 'NONE',  ( 5.839999999999999900, 2.489499999999999200, 3.934500000000000300 ) ) ;
#3054 = DIRECTION ( 'NONE',  ( 0.0000000000000000000, 0.0000000000000000000, 1.000000000000000000 ) ) ;
#3055 = ORIENTED_EDGE ( 'NONE', *, *, #4743, .F. ) ;
#3056 = CARTESIAN_POINT ( 'NONE',  ( -0.2500000000000002200, -3.299999999999999800, 4.124999999999999100 ) ) ;
#3057 = CARTESIAN_POINT ( 'NONE',  ( -4.830000000000001000, 2.929999999999999300, -3.550000000000002500 ) ) ;
#3058 = CARTESIAN_POINT ( 'NONE',  ( -4.320000000000001200, -5.051668046482832700E-016, -4.124999999999999100 ) ) ;
#3059 = LINE ( 'NONE', #409, #6795 ) ;
#3060 = ADVANCED_FACE ( 'NONE', ( #477 ), #1987, .F. ) ;
#3061 = VECTOR ( 'NONE', #3598, 1000.000000000000000 ) ;
#3062 = VECTOR ( 'NONE', #2218, 1000.000000000000000 ) ;
#3063 = ORIENTED_EDGE ( 'NONE', *, *, #4886, .F. ) ;
#3064 = EDGE_CURVE ( 'NONE', #5348, #5033, #1355, .T. ) ;
#3065 = LINE ( 'NONE', #375, #4786 ) ;
#3066 = LINE ( 'NONE', #1246, #1938 ) ;
#3067 = LINE ( 'NONE', #1984, #5173 ) ;
#3068 = ORIENTED_EDGE ( 'NONE', *, *, #619, .T. ) ;
#3069 = ORIENTED_EDGE ( 'NONE', *, *, #4303, .F. ) ;
#3070 = DIRECTION ( 'NONE',  ( -1.000000000000000000, -0.0000000000000000000, -0.0000000000000000000 ) ) ;
#3071 = CARTESIAN_POINT ( 'NONE',  ( -2.290000000000000500, 2.489499999999999200, -4.125000000000000000 ) ) ;
#3072 = FACE_OUTER_BOUND ( 'NONE', #3336, .T. ) ;
#3073 = DIRECTION ( 'NONE',  ( 0.0000000000000000000, 1.127908631974522500E-015, -1.000000000000000000 ) ) ;
#3074 = LINE ( 'NONE', #2787, #1543 ) ;
#3075 = ORIENTED_EDGE ( 'NONE', *, *, #2363, .T. ) ;
#3076 = AXIS2_PLACEMENT_3D ( 'NONE', #5117, #1595, #1646 ) ;
#3077 = DIRECTION ( 'NONE',  ( 0.0000000000000000000, -1.127908631974522500E-015, 1.000000000000000000 ) ) ;
#3078 = VERTEX_POINT ( 'NONE', #4823 ) ;
#3079 = CARTESIAN_POINT ( 'NONE',  ( -3.300000000000000700, 2.489499999999999200, -3.934500000000000300 ) ) ;
#3080 = DIRECTION ( 'NONE',  ( 0.0000000000000000000, -0.9914448613738104900, 0.1305261922200519100 ) ) ;
#3081 = LINE ( 'NONE', #4435, #3268 ) ;
#3082 = CARTESIAN_POINT ( 'NONE',  ( -7.370000000000000100, 2.679999999999998800, -3.934500000000000300 ) ) ;
#3083 = DIRECTION ( 'NONE',  ( -1.000000000000000000, -0.0000000000000000000, 0.0000000000000000000 ) ) ;
#3084 = ORIENTED_EDGE ( 'NONE', *, *, #354, .F. ) ;
#3085 = AXIS2_PLACEMENT_3D ( 'NONE', #3774, #6687, #5592 ) ;
#3086 = DIRECTION ( 'NONE',  ( 0.0000000000000000000, 5.027841771134210700E-016, -1.000000000000000000 ) ) ;
#3087 = ORIENTED_EDGE ( 'NONE', *, *, #3591, .F. ) ;
#3088 = VECTOR ( 'NONE', #3073, 1000.000000000000000 ) ;
#3089 = EDGE_CURVE ( 'NONE', #698, #270, #3989, .T. ) ;
#3090 = LINE ( 'NONE', #3488, #2291 ) ;
#3091 = CARTESIAN_POINT ( 'NONE',  ( -8.004722325026744300, -5.051668046482832700E-016, 4.125000000000000000 ) ) ;
#3092 = VERTEX_POINT ( 'NONE', #5386 ) ;
#3093 = CARTESIAN_POINT ( 'NONE',  ( -2.790000000000000900, 2.489499999999999200, 3.934500000000000300 ) ) ;
#3094 = ORIENTED_EDGE ( 'NONE', *, *, #6589, .F. ) ;
#3095 = DIRECTION ( 'NONE',  ( 0.0000000000000000000, 0.0000000000000000000, -1.000000000000000000 ) ) ;
#3096 = ADVANCED_FACE ( 'NONE', ( #1750 ), #3100, .F. ) ;
#3097 = LINE ( 'NONE', #363, #5658 ) ;
#3098 = LINE ( 'NONE', #1153, #4548 ) ;
#3099 = EDGE_CURVE ( 'NONE', #4131, #5731, #1919, .T. ) ;
#3100 = PLANE ( 'NONE',  #1288 ) ;
#3101 = ORIENTED_EDGE ( 'NONE', *, *, #6100, .T. ) ;
#3102 = ORIENTED_EDGE ( 'NONE', *, *, #5594, .T. ) ;
#3103 = PLANE ( 'NONE',  #2842 ) ;
#3104 = DIRECTION ( 'NONE',  ( -1.000000000000000000, -0.0000000000000000000, -0.0000000000000000000 ) ) ;
#3105 = LINE ( 'NONE', #6181, #586 ) ;
#3106 = EDGE_CURVE ( 'NONE', #1055, #999, #6204, .T. ) ;
#3107 = DIRECTION ( 'NONE',  ( 0.0000000000000000000, 1.000000000000000000, -1.498163464873311500E-016 ) ) ;
#3108 = EDGE_CURVE ( 'NONE', #2318, #7037, #4913, .T. ) ;
#3109 = ORIENTED_EDGE ( 'NONE', *, *, #5999, .F. ) ;
#3110 = ORIENTED_EDGE ( 'NONE', *, *, #5434, .F. ) ;
#3111 = DIRECTION ( 'NONE',  ( 0.0000000000000000000, 1.000000000000000000, -1.127908631974522500E-015 ) ) ;
#3112 = ORIENTED_EDGE ( 'NONE', *, *, #6223, .F. ) ;
#3113 = LINE ( 'NONE', #1547, #408 ) ;
#3114 = CARTESIAN_POINT ( 'NONE',  ( 4.319999999999999400, 2.929999999999999300, 3.550000000000002500 ) ) ;
#3115 = CARTESIAN_POINT ( 'NONE',  ( -0.7600000000000002300, 2.489499999999999200, 3.934500000000000300 ) ) ;
#3116 = VECTOR ( 'NONE', #5869, 1000.000000000000100 ) ;
#3117 = SURFACE_STYLE_USAGE ( .BOTH. , #6032 ) ;
#3118 = FACE_OUTER_BOUND ( 'NONE', #3902, .T. ) ;
#3119 = ORIENTED_EDGE ( 'NONE', *, *, #85, .F. ) ;
#3120 =( GEOMETRIC_REPRESENTATION_CONTEXT ( 3 ) GLOBAL_UNCERTAINTY_ASSIGNED_CONTEXT ( ( #3885 ) ) GLOBAL_UNIT_ASSIGNED_CONTEXT ( ( #4442, #3870, #5063 ) ) REPRESENTATION_CONTEXT ( 'NONE', 'WORKASPACE' ) );
#3121 = CARTESIAN_POINT ( 'NONE',  ( -4.830000000000001000, 4.336808689942017700E-016, 4.375000000000000000 ) ) ;
#3122 = LINE ( 'NONE', #4671, #1866 ) ;
#3124 = ORIENTED_EDGE ( 'NONE', *, *, #4656, .F. ) ;
#3123 = CARTESIAN_POINT ( 'NONE',  ( 5.330000000000000100, 2.929999999999999300, 3.550000000000002500 ) ) ;
#3125 = ADVANCED_FACE ( 'NONE', ( #4622 ), #1424, .F. ) ;
#3126 = CARTESIAN_POINT ( 'NONE',  ( -9.428628160470726300, 5.099999999999997000, 3.287215648338285800E-016 ) ) ;
#3127 = DIRECTION ( 'NONE',  ( 0.0000000000000000000, -1.000000000000000000, 1.498163464873311700E-016 ) ) ;
#3128 = VERTEX_POINT ( 'NONE', #4318 ) ;
#3129 = CARTESIAN_POINT ( 'NONE',  ( -7.370000000000000100, -4.336808689942017700E-016, 3.934500000000001200 ) ) ;
#3130 = VERTEX_POINT ( 'NONE', #6014 ) ;
#3131 = EDGE_LOOP ( 'NONE', ( #5843, #576, #2058, #1600 ) ) ;
#3132 = CARTESIAN_POINT ( 'NONE',  ( -0.7600000000000002300, 2.679999999999998800, 3.934500000000000300 ) ) ;
#3133 = PLANE ( 'NONE',  #4807 ) ;
#3134 = EDGE_LOOP ( 'NONE', ( #313, #5728, #135, #5439 ) ) ;
#3135 = PLANE ( 'NONE',  #6133 ) ;
#3136 = CARTESIAN_POINT ( 'NONE',  ( -6.859999999999999400, 2.489499999999999200, 3.934500000000000300 ) ) ;
#3137 = CARTESIAN_POINT ( 'NONE',  ( 7.870000000000000100, 2.929999999999999300, 3.550000000000002500 ) ) ;
#3138 = ORIENTED_EDGE ( 'NONE', *, *, #5978, .F. ) ;
#3139 = AXIS2_PLACEMENT_3D ( 'NONE', #4159, #4794, #4821 ) ;
#3140 = CARTESIAN_POINT ( 'NONE',  ( 2.790000000000000000, 2.929999999999999300, 3.550000000000002500 ) ) ;
#3141 = EDGE_CURVE ( 'NONE', #5191, #5802, #1556, .T. ) ;
#3142 = LINE ( 'NONE', #8, #82 ) ;
#3143 = ORIENTED_EDGE ( 'NONE', *, *, #6349, .F. ) ;
#3144 = CARTESIAN_POINT ( 'NONE',  ( -2.290000000000000500, 2.489499999999999200, -4.375000000000000000 ) ) ;
#3145 = AXIS2_PLACEMENT_3D ( 'NONE', #7239, #310, #5522 ) ;
#3146 = CARTESIAN_POINT ( 'NONE',  ( -4.830000000000001000, -5.051668046482832700E-016, -4.124999999999999100 ) ) ;
#3147 = EDGE_CURVE ( 'NONE', #559, #2559, #2464, .T. ) ;
#3148 = VECTOR ( 'NONE', #5612, 1000.000000000000000 ) ;
#3149 = LINE ( 'NONE', #2604, #1722 ) ;
#3150 = ORIENTED_EDGE ( 'NONE', *, *, #5246, .T. ) ;
#3151 = DIRECTION ( 'NONE',  ( -0.0000000000000000000, 5.027841771134210700E-016, 1.000000000000000000 ) ) ;
#3152 = CARTESIAN_POINT ( 'NONE',  ( 0.7600000000000002300, 0.6500000000000026900, -4.124999999999999100 ) ) ;
#3153 = SURFACE_STYLE_FILL_AREA ( #2646 ) ;
#3154 = DIRECTION ( 'NONE',  ( 0.0000000000000000000, -1.000000000000000000, -1.498163464873311500E-016 ) ) ;
#3155 = CARTESIAN_POINT ( 'NONE',  ( 8.380000000000000800, -5.051668046482832700E-016, -4.124999999999999100 ) ) ;
#3156 = LINE ( 'NONE', #587, #5254 ) ;
#3157 = VERTEX_POINT ( 'NONE', #850 ) ;
#3158 = DIRECTION ( 'NONE',  ( 0.0000000000000000000, -1.000000000000000000, -1.498163464873311500E-016 ) ) ;
#3159 = EDGE_CURVE ( 'NONE', #4481, #7432, #3381, .T. ) ;
#3160 = ORIENTED_EDGE ( 'NONE', *, *, #6387, .F. ) ;
#3161 = DIRECTION ( 'NONE',  ( -1.000000000000000000, -0.0000000000000000000, -0.0000000000000000000 ) ) ;
#3162 = ORIENTED_EDGE ( 'NONE', *, *, #1702, .F. ) ;
#3163 = DIRECTION ( 'NONE',  ( 1.000000000000000000, 0.0000000000000000000, 0.0000000000000000000 ) ) ;
#3164 = VECTOR ( 'NONE', #43, 1000.000000000000000 ) ;
#3165 = LINE ( 'NONE', #4454, #2984 ) ;
#3166 = VERTEX_POINT ( 'NONE', #3727 ) ;
#3167 = DIRECTION ( 'NONE',  ( 1.000000000000000000, 0.0000000000000000000, 0.0000000000000000000 ) ) ;
#3168 = CARTESIAN_POINT ( 'NONE',  ( 7.370000000000000100, -4.336808689942017700E-016, 4.125000000000000000 ) ) ;
#3169 = ORIENTED_EDGE ( 'NONE', *, *, #5844, .T. ) ;
#3170 = DIRECTION ( 'NONE',  ( -0.0000000000000000000, -1.734723475976793500E-015, -1.000000000000000000 ) ) ;
#3171 = ORIENTED_EDGE ( 'NONE', *, *, #4121, .F. ) ;
#3172 = DIRECTION ( 'NONE',  ( 0.0000000000000000000, 1.000000000000000000, 0.0000000000000000000 ) ) ;
#3173 = LINE ( 'NONE', #1500, #4357 ) ;
#3174 = EDGE_CURVE ( 'NONE', #6242, #2137, #5924, .T. ) ;
#3175 = AXIS2_PLACEMENT_3D ( 'NONE', #6019, #830, #249 ) ;
#3176 = VECTOR ( 'NONE', #688, 1000.000000000000100 ) ;
#3177 = PLANE ( 'NONE',  #1637 ) ;
#3178 = EDGE_LOOP ( 'NONE', ( #5409, #137, #4190, #3586 ) ) ;
#3179 = LINE ( 'NONE', #2297, #6462 ) ;
#3180 = DIRECTION ( 'NONE',  ( 1.000000000000000000, 0.0000000000000000000, 0.0000000000000000000 ) ) ;
#3181 = VECTOR ( 'NONE', #901, 1000.000000000000000 ) ;
#3182 =( NAMED_UNIT ( * ) PLANE_ANGLE_UNIT ( ) SI_UNIT ( $, .RADIAN. ) );
#3183 = FACE_OUTER_BOUND ( 'NONE', #4038, .T. ) ;
#3184 = LINE ( 'NONE', #6367, #39 ) ;
#3185 = DIRECTION ( 'NONE',  ( -1.000000000000000000, -0.0000000000000000000, 0.0000000000000000000 ) ) ;
#3186 = CARTESIAN_POINT ( 'NONE',  ( -4.830000000000001000, -4.336808689942017700E-016, -3.934500000000001200 ) ) ;
#3187 = DIRECTION ( 'NONE',  ( 0.0000000000000000000, 0.0000000000000000000, 1.000000000000000000 ) ) ;
#3188 = CARTESIAN_POINT ( 'NONE',  ( -1.780000000000000200, 2.489499999999999200, 4.125000000000000000 ) ) ;
#3189 = DIRECTION ( 'NONE',  ( 0.0000000000000000000, 1.000000000000000000, 0.0000000000000000000 ) ) ;
#3190 = EDGE_CURVE ( 'NONE', #2948, #867, #6924, .T. ) ;
#3191 = PLANE ( 'NONE',  #5573 ) ;
#3192 = CARTESIAN_POINT ( 'NONE',  ( -2.924722325026744700, -5.051668046482832700E-016, 4.124999999999999100 ) ) ;
#3193 = EDGE_CURVE ( 'NONE', #6033, #3929, #2910, .T. ) ;
#3194 = ORIENTED_EDGE ( 'NONE', *, *, #6434, .T. ) ;
#3195 = DIRECTION ( 'NONE',  ( -1.000000000000000000, -0.0000000000000000000, -0.0000000000000000000 ) ) ;
#3196 = VERTEX_POINT ( 'NONE', #397 ) ;
#3197 = VECTOR ( 'NONE', #4416, 1000.000000000000000 ) ;
#3198 = ORIENTED_EDGE ( 'NONE', *, *, #4469, .T. ) ;
#3199 = PLANE ( 'NONE',  #3615 ) ;
#3200 = ORIENTED_EDGE ( 'NONE', *, *, #1796, .T. ) ;
#3201 = EDGE_LOOP ( 'NONE', ( #507, #2266, #2367, #812 ) ) ;
#3202 = DIRECTION ( 'NONE',  ( -1.000000000000000000, -0.0000000000000000000, -0.0000000000000000000 ) ) ;
#3203 = VERTEX_POINT ( 'NONE', #6608 ) ;
#3204 = ORIENTED_EDGE ( 'NONE', *, *, #3767, .F. ) ;
#3205 = LINE ( 'NONE', #6971, #3832 ) ;
#3206 = ORIENTED_EDGE ( 'NONE', *, *, #10, .F. ) ;
#3207 = CARTESIAN_POINT ( 'NONE',  ( -4.830000000000001000, 2.489499999999999200, -3.934500000000000300 ) ) ;
#3208 = VERTEX_POINT ( 'NONE', #4446 ) ;
#3209 = EDGE_CURVE ( 'NONE', #1676, #3555, #291, .T. ) ;
#3210 =( NAMED_UNIT ( * ) SI_UNIT ( $, .STERADIAN. ) SOLID_ANGLE_UNIT ( ) );
#3211 = EDGE_CURVE ( 'NONE', #5331, #3006, #4263, .T. ) ;
#3212 = ORIENTED_EDGE ( 'NONE', *, *, #6664, .F. ) ;
#3213 = LINE ( 'NONE', #4057, #511 ) ;
#3214 = CLOSED_SHELL ( 'NONE', ( #1804, #2415, #2568, #2377, #3729, #6491, #746, #1325, #515, #3620, #5842, #5651, #553, #4226, #6555, #7428 ) ) ;
#3215 = CARTESIAN_POINT ( 'NONE',  ( 10.00000000000000200, 2.679999999999999300, -3.549999999999997200 ) ) ;
#3216 = ORIENTED_EDGE ( 'NONE', *, *, #5726, .F. ) ;
#3217 = CARTESIAN_POINT ( 'NONE',  ( -5.464722325026745200, -5.051668046482832700E-016, -4.125000000000000000 ) ) ;
#3218 = CARTESIAN_POINT ( 'NONE',  ( -10.00000000000002300, 2.929999999999999300, 3.550000000000002900 ) ) ;
#3219 = ORIENTED_EDGE ( 'NONE', *, *, #3903, .F. ) ;
#3220 = DIRECTION ( 'NONE',  ( -0.4999999999999967200, 0.8660254037844405900, 1.297447619602006000E-016 ) ) ;
#3221 = DIRECTION ( 'NONE',  ( 0.0000000000000000000, 1.000000000000000000, 1.734723475976793700E-015 ) ) ;
#3222 = CIRCLE ( 'NONE', #1742, 0.4404999999999998900 ) ;
#3223 = VERTEX_POINT ( 'NONE', #296 ) ;
#3224 = AXIS2_PLACEMENT_3D ( 'NONE', #2153, #3821, #7332 ) ;
#3225 = ORIENTED_EDGE ( 'NONE', *, *, #2381, .F. ) ;
#3227 = EDGE_CURVE ( 'NONE', #7143, #7291, #3813, .T. ) ;
#3226 = CARTESIAN_POINT ( 'NONE',  ( 5.839999999999999900, 2.679999999999998800, 3.934500000000000300 ) ) ;
#3228 = VERTEX_POINT ( 'NONE', #873 ) ;
#3229 = EDGE_CURVE ( 'NONE', #158, #4027, #743, .T. ) ;
#3230 = CARTESIAN_POINT ( 'NONE',  ( -0.2500000000000002200, 2.489499999999999200, -4.125000000000000000 ) ) ;
#3231 = AXIS2_PLACEMENT_3D ( 'NONE', #5667, #384, #1579 ) ;
#3232 = ORIENTED_EDGE ( 'NONE', *, *, #1270, .F. ) ;
#3233 = DIRECTION ( 'NONE',  ( 0.1294283079955639800, 0.9831056027603600800, 0.1294283079955639600 ) ) ;
#3234 = DIRECTION ( 'NONE',  ( 0.0000000000000000000, 0.0000000000000000000, 1.000000000000000000 ) ) ;
#3235 = APPLICATION_CONTEXT ( 'automotive_design' ) ;
#3236 = CARTESIAN_POINT ( 'NONE',  ( -7.370000000000000100, 2.489499999999999200, -4.125000000000000000 ) ) ;
#3237 = VERTEX_POINT ( 'NONE', #3281 ) ;
#3238 = PLANE ( 'NONE',  #2557 ) ;
#3239 = AXIS2_PLACEMENT_3D ( 'NONE', #4358, #3765, #6077 ) ;
#3240 = DIRECTION ( 'NONE',  ( 0.0000000000000000000, 1.734723475976793700E-015, -1.000000000000000000 ) ) ;
#3241 = VECTOR ( 'NONE', #7504, 1000.000000000000000 ) ;
#3242 = VECTOR ( 'NONE', #5407, 1000.000000000000000 ) ;
#3244 = CARTESIAN_POINT ( 'NONE',  ( 7.370000000000000100, -3.794707603699265500E-016, 4.375000000000001800 ) ) ;
#3243 = LINE ( 'NONE', #6001, #5165 ) ;
#3245 = EDGE_LOOP ( 'NONE', ( #2778, #2876, #6320, #7321, #6678, #2818, #5387, #5357 ) ) ;
#3246 = EDGE_LOOP ( 'NONE', ( #4472, #728, #2896, #3204 ) ) ;
#3247 = CARTESIAN_POINT ( 'NONE',  ( -10.00000000000002500, 2.679999999999999300, -3.549999999999985600 ) ) ;
#3248 = CARTESIAN_POINT ( 'NONE',  ( 3.299999999999999800, 2.929999999999999300, 3.934500000000000300 ) ) ;
#3249 = CARTESIAN_POINT ( 'NONE',  ( 0.0000000000000000000, 5.099999999999997000, 0.0000000000000000000 ) ) ;
#3250 = FACE_OUTER_BOUND ( 'NONE', #4224, .T. ) ;
#3251 = CARTESIAN_POINT ( 'NONE',  ( 2.790000000000000000, -4.336808689942017700E-016, 3.934500000000001200 ) ) ;
#3252 = EDGE_CURVE ( 'NONE', #7046, #6840, #4546, .T. ) ;
#3253 = CARTESIAN_POINT ( 'NONE',  ( -1.780000000000000200, 2.489499999999999200, -3.934500000000000300 ) ) ;
#3254 = FACE_OUTER_BOUND ( 'NONE', #2809, .T. ) ;
#3255 = ORIENTED_EDGE ( 'NONE', *, *, #2133, .T. ) ;
#3256 = DIRECTION ( 'NONE',  ( 1.000000000000000000, 0.0000000000000000000, 0.0000000000000000000 ) ) ;
#3257 = ORIENTED_EDGE ( 'NONE', *, *, #4375, .F. ) ;
#3258 = CARTESIAN_POINT ( 'NONE',  ( 5.330000000000000100, 2.679999999999999300, -3.550000000000002500 ) ) ;
#3259 = VECTOR ( 'NONE', #1729, 1000.000000000000000 ) ;
#3260 = ORIENTED_EDGE ( 'NONE', *, *, #364, .F. ) ;
#3261 = EDGE_CURVE ( 'NONE', #147, #345, #1193, .T. ) ;
#3262 = ORIENTED_EDGE ( 'NONE', *, *, #3211, .T. ) ;
#3263 = EDGE_CURVE ( 'NONE', #2755, #5321, #1112, .T. ) ;
#3264 = PLANE ( 'NONE',  #3891 ) ;
#3265 = CARTESIAN_POINT ( 'NONE',  ( 3.299999999999999800, 2.489499999999999200, -3.934500000000000300 ) ) ;
#3266 = ORIENTED_EDGE ( 'NONE', *, *, #7374, .F. ) ;
#3267 = DIRECTION ( 'NONE',  ( 0.0000000000000000000, 5.027841771134210700E-016, 1.000000000000000000 ) ) ;
#3268 = VECTOR ( 'NONE', #3220, 1000.000000000000100 ) ;
#3269 = DIRECTION ( 'NONE',  ( 0.0000000000000000000, 1.127908631974522500E-015, 1.000000000000000000 ) ) ;
#3270 = VECTOR ( 'NONE', #5293, 1000.000000000000000 ) ;
#3271 = PLANE ( 'NONE',  #376 ) ;
#3272 = ORIENTED_EDGE ( 'NONE', *, *, #2851, .T. ) ;
#3273 = CARTESIAN_POINT ( 'NONE',  ( 0.7600000000000002300, -5.051668046482832700E-016, 4.124999999999999100 ) ) ;
#3274 = VERTEX_POINT ( 'NONE', #4954 ) ;
#3275 = VECTOR ( 'NONE', #1398, 1000.000000000000000 ) ;
#3276 = CARTESIAN_POINT ( 'NONE',  ( 2.790000000000000000, 4.336808689942017700E-016, -4.375000000000000000 ) ) ;
#3277 = DIRECTION ( 'NONE',  ( 0.0000000000000000000, 0.0000000000000000000, -1.000000000000000000 ) ) ;
#3278 = FACE_OUTER_BOUND ( 'NONE', #457, .T. ) ;
#3279 = CARTESIAN_POINT ( 'NONE',  ( -8.380000000000000800, 2.489499999999999200, -4.125000000000000000 ) ) ;
#3280 = DIRECTION ( 'NONE',  ( 0.0000000000000000000, -0.0000000000000000000, 1.000000000000000000 ) ) ;
#3281 = CARTESIAN_POINT ( 'NONE',  ( 7.870000000000000100, -3.299999999999999400, -4.375000000000000900 ) ) ;
#3282 = ORIENTED_EDGE ( 'NONE', *, *, #3367, .T. ) ;
#3283 = VECTOR ( 'NONE', #3693, 1000.000000000000000 ) ;
#3284 = STYLED_ITEM ( 'NONE', ( #2060 ), #2789 ) ;
#3285 = FACE_OUTER_BOUND ( 'NONE', #4932, .T. ) ;
#3286 = LINE ( 'NONE', #3688, #654 ) ;
#3287 = VECTOR ( 'NONE', #2873, 1000.000000000000000 ) ;
#3288 = CARTESIAN_POINT ( 'NONE',  ( -0.7600000000000002300, 0.6500000000000045700, -3.934500000000001200 ) ) ;
#3289 = ORIENTED_EDGE ( 'NONE', *, *, #6878, .F. ) ;
#3290 = ORIENTED_EDGE ( 'NONE', *, *, #2254, .F. ) ;
#3291 = CARTESIAN_POINT ( 'NONE',  ( -7.870000000000000100, -3.794707603699265500E-016, -4.375000000000001800 ) ) ;
#3292 = EDGE_LOOP ( 'NONE', ( #5561, #5374, #6472, #885 ) ) ;
#3293 = FACE_OUTER_BOUND ( 'NONE', #1073, .T. ) ;
#3294 = CARTESIAN_POINT ( 'NONE',  ( -5.840000000000001600, 2.489499999999999200, -3.934500000000000300 ) ) ;
#3295 = DIRECTION ( 'NONE',  ( 0.0000000000000000000, 0.0000000000000000000, 1.000000000000000000 ) ) ;
#3296 = CARTESIAN_POINT ( 'NONE',  ( 0.7600000000000002300, 2.489499999999999200, 4.375000000000000000 ) ) ;
#3297 = CARTESIAN_POINT ( 'NONE',  ( 5.839999999999999900, 0.6500000000000026900, -4.124999999999999100 ) ) ;
#3298 = FILL_AREA_STYLE_COLOUR ( '', #5019 ) ;
#3299 = EDGE_LOOP ( 'NONE', ( #4640, #5858, #6082, #265, #951, #2063, #5817, #7476, #2790, #3415 ) ) ;
#3300 = ORIENTED_EDGE ( 'NONE', *, *, #3956, .T. ) ;
#3301 = ORIENTED_EDGE ( 'NONE', *, *, #1726, .F. ) ;
#3302 = VECTOR ( 'NONE', #6159, 1000.000000000000000 ) ;
#3303 = EDGE_CURVE ( 'NONE', #4312, #4002, #6114, .T. ) ;
#3304 = PLANE ( 'NONE',  #653 ) ;
#3305 = EDGE_CURVE ( 'NONE', #5885, #4477, #1460, .T. ) ;
#3306 = AXIS2_PLACEMENT_3D ( 'NONE', #2018, #2095, #925 ) ;
#3307 = DIRECTION ( 'NONE',  ( 0.0000000000000000000, 0.0000000000000000000, -1.000000000000000000 ) ) ;
#3308 = VECTOR ( 'NONE', #1882, 1000.000000000000000 ) ;
#3309 = LINE ( 'NONE', #3999, #1777 ) ;
#3311 = ORIENTED_EDGE ( 'NONE', *, *, #2578, .F. ) ;
#3310 = DIRECTION ( 'NONE',  ( 0.0000000000000000000, 5.027841771134210700E-016, -1.000000000000000000 ) ) ;
#3312 = ORIENTED_EDGE ( 'NONE', *, *, #2674, .T. ) ;
#3313 = CARTESIAN_POINT ( 'NONE',  ( 5.330000000000000100, 2.489499999999999200, 4.125000000000000000 ) ) ;
#3314 = LINE ( 'NONE', #2332, #3753 ) ;
#3315 = ORIENTED_EDGE ( 'NONE', *, *, #5585, .F. ) ;
#3316 = DIRECTION ( 'NONE',  ( -2.443272501375788900E-016, -0.0000000000000000000, -1.000000000000000000 ) ) ;
#3317 = AXIS2_PLACEMENT_3D ( 'NONE', #6355, #2864, #6934 ) ;
#3318 = CARTESIAN_POINT ( 'NONE',  ( 8.380000000000000800, 2.489499999999999200, 4.125000000000000000 ) ) ;
#3319 = ADVANCED_FACE ( 'NONE', ( #1661 ), #3199, .F. ) ;
#3320 = VECTOR ( 'NONE', #3685, 1000.000000000000000 ) ;
#3321 = ORIENTED_EDGE ( 'NONE', *, *, #154, .F. ) ;
#3322 = DIRECTION ( 'NONE',  ( 1.000000000000000000, 0.0000000000000000000, 0.0000000000000000000 ) ) ;
#3323 = CARTESIAN_POINT ( 'NONE',  ( 2.790000000000000000, -4.336808689942017700E-016, -3.934500000000001200 ) ) ;
#3324 = ORIENTED_EDGE ( 'NONE', *, *, #4957, .T. ) ;
#3325 = PLANE ( 'NONE',  #2154 ) ;
#3326 = FACE_OUTER_BOUND ( 'NONE', #4738, .T. ) ;
#3327 = EDGE_CURVE ( 'NONE', #5976, #1829, #2834, .T. ) ;
#3328 = AXIS2_PLACEMENT_3D ( 'NONE', #7342, #3854, #4958 ) ;
#3329 = VERTEX_POINT ( 'NONE', #6118 ) ;
#3330 = FILL_AREA_STYLE ('',( #5696 ) ) ;
#3331 = CARTESIAN_POINT ( 'NONE',  ( -1.780000000000000200, -3.794707603699265500E-016, -4.375000000000001800 ) ) ;
#3332 = CARTESIAN_POINT ( 'NONE',  ( -1.780000000000000200, 2.929999999999999300, 3.550000000000002500 ) ) ;
#3333 = DIRECTION ( 'NONE',  ( 0.0000000000000000000, -5.027841771134210700E-016, -1.000000000000000000 ) ) ;
#3334 = ADVANCED_FACE ( 'NONE', ( #3000 ), #931, .T. ) ;
#3335 = ORIENTED_EDGE ( 'NONE', *, *, #6459, .F. ) ;
#3336 = EDGE_LOOP ( 'NONE', ( #6728, #3312, #3475, #1905 ) ) ;
#3337 = CARTESIAN_POINT ( 'NONE',  ( -0.2500000000000002200, -3.299999999999999800, 4.124999999999999100 ) ) ;
#3338 = ORIENTED_EDGE ( 'NONE', *, *, #6760, .T. ) ;
#3339 = CARTESIAN_POINT ( 'NONE',  ( -6.859999999999999400, -5.051668046482832700E-016, 4.124999999999999100 ) ) ;
#3340 = DIRECTION ( 'NONE',  ( 0.0000000000000000000, 1.000000000000000000, -1.498163464873311500E-016 ) ) ;
#3341 = MANIFOLD_SOLID_BREP ( 'Housing', #1515 ) ;
#3342 = LINE ( 'NONE', #4468, #6700 ) ;
#3343 = CARTESIAN_POINT ( 'NONE',  ( -4.830000000000001000, 2.679999999999998800, 3.934500000000000300 ) ) ;
#3344 = SURFACE_STYLE_FILL_AREA ( #3772 ) ;
#3345 = CARTESIAN_POINT ( 'NONE',  ( 0.2500000000000002200, 2.929999999999999300, -3.934500000000000300 ) ) ;
#3346 = FACE_OUTER_BOUND ( 'NONE', #3633, .T. ) ;
#3347 = ORIENTED_EDGE ( 'NONE', *, *, #1463, .T. ) ;
#3348 = DIRECTION ( 'NONE',  ( 1.000000000000000000, 0.0000000000000000000, -0.0000000000000000000 ) ) ;
#3349 = ORIENTED_EDGE ( 'NONE', *, *, #3005, .T. ) ;
#3350 = AXIS2_PLACEMENT_3D ( 'NONE', #5785, #5221, #5 ) ;
#3351 = CARTESIAN_POINT ( 'NONE',  ( 5.839999999999999900, -5.051668046482832700E-016, 4.124999999999999100 ) ) ;
#3352 = CARTESIAN_POINT ( 'NONE',  ( -5.840000000000001600, 0.6500000000000045700, 3.934500000000001200 ) ) ;
#3353 = LINE ( 'NONE', #1285, #454 ) ;
#3354 = LINE ( 'NONE', #4854, #2724 ) ;
#3355 = ORIENTED_EDGE ( 'NONE', *, *, #3837, .F. ) ;
#3356 = DIRECTION ( 'NONE',  ( -1.000000000000000000, -0.0000000000000000000, 0.0000000000000000000 ) ) ;
#3357 = VERTEX_POINT ( 'NONE', #6767 ) ;
#3358 = DIRECTION ( 'NONE',  ( -1.000000000000000000, -0.0000000000000000000, -0.0000000000000000000 ) ) ;
#3359 = ORIENTED_EDGE ( 'NONE', *, *, #2106, .T. ) ;
#3360 = ADVANCED_FACE ( 'NONE', ( #5536 ), #2101, .F. ) ;
#3361 = EDGE_CURVE ( 'NONE', #5134, #528, #3453, .T. ) ;
#3362 = ORIENTED_EDGE ( 'NONE', *, *, #75, .T. ) ;
#3363 = CIRCLE ( 'NONE', #3856, 0.1904999999999997000 ) ;
#3364 = EDGE_CURVE ( 'NONE', #559, #4570, #2200, .T. ) ;
#3365 = VECTOR ( 'NONE', #5544, 1000.000000000000000 ) ;
#3366 = ORIENTED_EDGE ( 'NONE', *, *, #5170, .T. ) ;
#3367 = EDGE_CURVE ( 'NONE', #5497, #3985, #4078, .T. ) ;
#3368 = EDGE_LOOP ( 'NONE', ( #4414, #4377, #216, #1031 ) ) ;
#3369 = VERTEX_POINT ( 'NONE', #1887 ) ;
#3370 = CARTESIAN_POINT ( 'NONE',  ( 7.870000000000000100, 4.336808689942017700E-016, -4.375000000000000000 ) ) ;
#3371 = VERTEX_POINT ( 'NONE', #5929 ) ;
#3372 = VECTOR ( 'NONE', #5554, 1000.000000000000000 ) ;
#3373 = CARTESIAN_POINT ( 'NONE',  ( 5.330000000000000100, 2.489499999999999200, -4.375000000000000000 ) ) ;
#3374 = LINE ( 'NONE', #7182, #6109 ) ;
#3375 = ADVANCED_FACE ( 'NONE', ( #372 ), #4785, .F. ) ;
#3376 = EDGE_CURVE ( 'NONE', #1837, #804, #5187, .T. ) ;
#3377 = DIRECTION ( 'NONE',  ( -1.000000000000000000, -0.0000000000000000000, -0.0000000000000000000 ) ) ;
#3378 = ORIENTED_EDGE ( 'NONE', *, *, #6863, .F. ) ;
#3379 = CIRCLE ( 'NONE', #6545, 0.4404999999999998900 ) ;
#3380 = CARTESIAN_POINT ( 'NONE',  ( -1.780000000000000200, 2.489499999999999200, -3.934500000000000300 ) ) ;
#3381 = LINE ( 'NONE', #4903, #27 ) ;
#3382 = PRODUCT_DEFINITION_CONTEXT ( 'detailed design', #3235, 'design' ) ;
#3383 = CIRCLE ( 'NONE', #2608, 0.1904999999999997000 ) ;
#3384 = FACE_OUTER_BOUND ( 'NONE', #4411, .T. ) ;
#3385 = CARTESIAN_POINT ( 'NONE',  ( 3.299999999999999800, -5.051668046482832700E-016, 4.124999999999999100 ) ) ;
#3386 = EDGE_LOOP ( 'NONE', ( #6885, #3719, #3428, #5426 ) ) ;
#3387 = CARTESIAN_POINT ( 'NONE',  ( 7.870000000000000100, 2.679999999999999300, -3.550000000000002500 ) ) ;
#3388 = EDGE_CURVE ( 'NONE', #3157, #6721, #4170, .T. ) ;
#3389 = CARTESIAN_POINT ( 'NONE',  ( -8.380000000000000800, 2.679999999999999300, 3.550000000000002500 ) ) ;
#3390 = ORIENTED_EDGE ( 'NONE', *, *, #2767, .T. ) ;
#3391 = LINE ( 'NONE', #2726, #7280 ) ;
#3392 = VERTEX_POINT ( 'NONE', #1335 ) ;
#3393 = ORIENTED_EDGE ( 'NONE', *, *, #5918, .F. ) ;
#3394 = FACE_OUTER_BOUND ( 'NONE', #913, .T. ) ;
#3395 = DIRECTION ( 'NONE',  ( 0.0000000000000000000, 1.000000000000000000, 3.484080088324578000E-016 ) ) ;
#3396 = EDGE_CURVE ( 'NONE', #6093, #6548, #6543, .T. ) ;
#3397 = PRESENTATION_LAYER_ASSIGNMENT (  '', '', ( #6603 ) ) ;
#3398 = VECTOR ( 'NONE', #5510, 1000.000000000000000 ) ;
#3399 = AXIS2_PLACEMENT_3D ( 'NONE', #4024, #3412, #1083 ) ;
#3400 = VERTEX_POINT ( 'NONE', #3016 ) ;
#3401 = ADVANCED_FACE ( 'NONE', ( #5443 ), #2494, .F. ) ;
#3402 = DIRECTION ( 'NONE',  ( 0.0000000000000000000, 0.0000000000000000000, 1.000000000000000000 ) ) ;
#3403 = ORIENTED_EDGE ( 'NONE', *, *, #3376, .F. ) ;
#3404 = DIRECTION ( 'NONE',  ( 0.0000000000000000000, 1.000000000000000000, -1.498163464873311500E-016 ) ) ;
#3405 = ORIENTED_EDGE ( 'NONE', *, *, #2300, .T. ) ;
#3406 = DIRECTION ( 'NONE',  ( 0.0000000000000000000, -5.027841771134210700E-016, -1.000000000000000000 ) ) ;
#3407 = LINE ( 'NONE', #7440, #1690 ) ;
#3408 = LINE ( 'NONE', #589, #4304 ) ;
#3409 = ORIENTED_EDGE ( 'NONE', *, *, #1457, .T. ) ;
#3410 = DIRECTION ( 'NONE',  ( 0.0000000000000000000, 0.0000000000000000000, 1.000000000000000000 ) ) ;
#3411 = CARTESIAN_POINT ( 'NONE',  ( -3.300000000000000700, 2.489499999999999200, 3.934500000000000300 ) ) ;
#3412 = DIRECTION ( 'NONE',  ( 0.8660254037844405900, 0.4999999999999967200, -2.513920885567089100E-016 ) ) ;
#3413 = EDGE_CURVE ( 'NONE', #4374, #758, #6826, .T. ) ;
#3414 = EDGE_CURVE ( 'NONE', #824, #3092, #6458, .T. ) ;
#3415 = ORIENTED_EDGE ( 'NONE', *, *, #1388, .F. ) ;
#3416 = DIRECTION ( 'NONE',  ( -1.000000000000000000, -0.0000000000000000000, -0.0000000000000000000 ) ) ;
#3417 = EDGE_CURVE ( 'NONE', #2521, #5196, #7454, .T. ) ;
#3418 = EDGE_CURVE ( 'NONE', #753, #1599, #6107, .T. ) ;
#3419 = ORIENTED_EDGE ( 'NONE', *, *, #3190, .T. ) ;
#3420 = EDGE_CURVE ( 'NONE', #3021, #3942, #5098, .T. ) ;
#3421 = ORIENTED_EDGE ( 'NONE', *, *, #214, .T. ) ;
#3422 = CARTESIAN_POINT ( 'NONE',  ( -7.370000000000000100, 2.489499999999999200, -4.375000000000000000 ) ) ;
#3423 = DIRECTION ( 'NONE',  ( 1.000000000000000000, 0.0000000000000000000, 0.0000000000000000000 ) ) ;
#3424 = DIRECTION ( 'NONE',  ( 0.0000000000000000000, 5.027841771134210700E-016, 1.000000000000000000 ) ) ;
#3425 = DIRECTION ( 'NONE',  ( 0.0000000000000000000, 1.000000000000000000, -1.498163464873311500E-016 ) ) ;
#3426 = SURFACE_SIDE_STYLE ('',( #155 ) ) ;
#3427 = DIRECTION ( 'NONE',  ( 0.8660254037844405900, 0.4999999999999967200, 2.513920885567089100E-016 ) ) ;
#3428 = ORIENTED_EDGE ( 'NONE', *, *, #3643, .T. ) ;
#3429 = DIRECTION ( 'NONE',  ( -1.000000000000000000, 0.0000000000000000000, 2.168404344971006400E-017 ) ) ;
#3430 = CARTESIAN_POINT ( 'NONE',  ( 7.870000000000000100, -3.299999999999999800, -4.124999999999999100 ) ) ;
#3431 = LINE ( 'NONE', #1033, #6276 ) ;
#3432 = ADVANCED_FACE ( 'NONE', ( #4993 ), #3191, .T. ) ;
#3433 = VECTOR ( 'NONE', #4890, 1000.000000000000000 ) ;
#3434 = ORIENTED_EDGE ( 'NONE', *, *, #6886, .T. ) ;
#3435 = DIRECTION ( 'NONE',  ( 0.1305261922200519100, 0.9914448613738104900, 0.0000000000000000000 ) ) ;
#3436 = CLOSED_SHELL ( 'NONE', ( #1261, #6903, #7232, #2714, #2366, #2495, #4842, #7149, #4108, #1930, #3500, #7042, #1621, #6351, #1334, #257 ) ) ;
#3437 = AXIS2_PLACEMENT_3D ( 'NONE', #3502, #1870, #2445 ) ;
#3438 = LINE ( 'NONE', #6825, #5237 ) ;
#3439 = VECTOR ( 'NONE', #5556, 1000.000000000000000 ) ;
#3440 = VERTEX_POINT ( 'NONE', #3690 ) ;
#3441 = DIRECTION ( 'NONE',  ( 0.0000000000000000000, 0.0000000000000000000, 1.000000000000000000 ) ) ;
#3442 = ADVANCED_FACE ( 'NONE', ( #1453 ), #2561, .F. ) ;
#3443 = DIRECTION ( 'NONE',  ( 2.443272501375788900E-016, 0.0000000000000000000, 1.000000000000000000 ) ) ;
#3444 = CIRCLE ( 'NONE', #6594, 0.4404999999999998900 ) ;
#3445 = DIRECTION ( 'NONE',  ( 0.0000000000000000000, 5.027841771134210700E-016, 1.000000000000000000 ) ) ;
#3446 = EDGE_CURVE ( 'NONE', #1417, #2318, #4536, .T. ) ;
#3447 = LINE ( 'NONE', #6900, #3259 ) ;
#3448 = ORIENTED_EDGE ( 'NONE', *, *, #1278, .T. ) ;
#3449 = PLANE ( 'NONE',  #2323 ) ;
#3450 = EDGE_CURVE ( 'NONE', #4122, #2046, #6730, .T. ) ;
#3451 = EDGE_LOOP ( 'NONE', ( #5942, #1217, #6581, #5219, #4475, #5645, #1011, #4174 ) ) ;
#3452 = EDGE_CURVE ( 'NONE', #6951, #916, #6915, .T. ) ;
#3453 = LINE ( 'NONE', #4202, #7076 ) ;
#3454 = DIRECTION ( 'NONE',  ( 0.0000000000000000000, 0.0000000000000000000, -1.000000000000000000 ) ) ;
#3455 = LINE ( 'NONE', #3563, #3626 ) ;
#3456 = DIRECTION ( 'NONE',  ( -1.000000000000000000, -0.0000000000000000000, -0.0000000000000000000 ) ) ;
#3457 = EDGE_LOOP ( 'NONE', ( #3840, #91, #6759, #2635 ) ) ;
#3458 = ORIENTED_EDGE ( 'NONE', *, *, #2213, .F. ) ;
#3459 = FACE_OUTER_BOUND ( 'NONE', #3911, .T. ) ;
#3460 = EDGE_CURVE ( 'NONE', #7098, #4530, #5350, .T. ) ;
#3461 = ORIENTED_EDGE ( 'NONE', *, *, #2082, .T. ) ;
#3462 = DIRECTION ( 'NONE',  ( 0.0000000000000000000, 1.127908631974522500E-015, 1.000000000000000000 ) ) ;
#3463 = FACE_OUTER_BOUND ( 'NONE', #7018, .T. ) ;
#3464 = PRESENTATION_STYLE_ASSIGNMENT (( #4201 ) ) ;
#3465 = CARTESIAN_POINT ( 'NONE',  ( -0.3847223250267439200, -5.051668046482832700E-016, -4.124999999999999100 ) ) ;
#3466 = ORIENTED_EDGE ( 'NONE', *, *, #1278, .F. ) ;
#3467 = DIRECTION ( 'NONE',  ( -1.000000000000000000, -0.0000000000000000000, 0.0000000000000000000 ) ) ;
#3468 = EDGE_LOOP ( 'NONE', ( #3623, #1052, #6787, #4904 ) ) ;
#3469 = VECTOR ( 'NONE', #1761, 1000.000000000000000 ) ;
#3470 = EDGE_CURVE ( 'NONE', #5321, #6242, #2545, .T. ) ;
#3471 = DIRECTION ( 'NONE',  ( 0.0000000000000000000, 1.000000000000000000, 0.0000000000000000000 ) ) ;
#3472 = CARTESIAN_POINT ( 'NONE',  ( 0.2500000000000002200, 4.336808689942017700E-016, 4.375000000000000000 ) ) ;
#3473 = ADVANCED_FACE ( 'NONE', ( #2284 ), #1956, .F. ) ;
#3474 = FACE_OUTER_BOUND ( 'NONE', #5749, .T. ) ;
#3475 = ORIENTED_EDGE ( 'NONE', *, *, #4127, .T. ) ;
#3476 = DIRECTION ( 'NONE',  ( -1.000000000000000000, -0.0000000000000000000, -0.0000000000000000000 ) ) ;
#3477 = LINE ( 'NONE', #3974, #56 ) ;
#3478 = ORIENTED_EDGE ( 'NONE', *, *, #7206, .T. ) ;
#3479 = ORIENTED_EDGE ( 'NONE', *, *, #4916, .F. ) ;
#3480 = DIRECTION ( 'NONE',  ( -1.000000000000000000, -0.0000000000000000000, -0.0000000000000000000 ) ) ;
#3481 = AXIS2_PLACEMENT_3D ( 'NONE', #4887, #3642, #1906 ) ;
#3482 = DIRECTION ( 'NONE',  ( 1.000000000000000000, 0.0000000000000000000, -0.0000000000000000000 ) ) ;
#3483 = DIRECTION ( 'NONE',  ( 0.0000000000000000000, 1.000000000000000000, 5.027841771134210700E-016 ) ) ;
#3484 = EDGE_CURVE ( 'NONE', #1779, #1837, #6995, .T. ) ;
#3485 = DIRECTION ( 'NONE',  ( 0.0000000000000000000, 1.000000000000000000, 0.0000000000000000000 ) ) ;
#3486 = VERTEX_POINT ( 'NONE', #6132 ) ;
#3487 = DIRECTION ( 'NONE',  ( 0.0000000000000000000, 1.000000000000000000, -1.498163464873311700E-016 ) ) ;
#3488 = CARTESIAN_POINT ( 'NONE',  ( -2.290000000000000500, 2.489499999999999200, -4.375000000000000000 ) ) ;
#3489 = EDGE_CURVE ( 'NONE', #698, #5290, #3532, .T. ) ;
#3490 = FACE_OUTER_BOUND ( 'NONE', #347, .T. ) ;
#3491 = CARTESIAN_POINT ( 'NONE',  ( 0.7600000000000002300, -5.051668046482832700E-016, 4.124999999999999100 ) ) ;
#3492 = EDGE_CURVE ( 'NONE', #5986, #924, #5265, .T. ) ;
#3493 = VERTEX_POINT ( 'NONE', #6110 ) ;
#3494 = CARTESIAN_POINT ( 'NONE',  ( -0.3847223250267439200, -5.051668046482832700E-016, -4.125000000000000000 ) ) ;
#3495 = CARTESIAN_POINT ( 'NONE',  ( -2.924722325026744700, -5.051668046482832700E-016, -4.124999999999999100 ) ) ;
#3496 = EDGE_LOOP ( 'NONE', ( #7074, #775, #5396, #2551 ) ) ;
#3497 = VECTOR ( 'NONE', #1245, 1000.000000000000000 ) ;
#3498 = CARTESIAN_POINT ( 'NONE',  ( -2.290000000000000500, 4.336808689942017700E-016, -4.375000000000000000 ) ) ;
#3499 = EDGE_LOOP ( 'NONE', ( #1736, #6691, #7066, #3784, #3601, #3508, #6089, #6476 ) ) ;
#3500 = ADVANCED_FACE ( 'NONE', ( #1653 ), #4946, .F. ) ;
#3501 = ORIENTED_EDGE ( 'NONE', *, *, #7374, .T. ) ;
#3502 = CARTESIAN_POINT ( 'NONE',  ( 10.00000000000000400, 2.679999999999999300, 3.550000000000002500 ) ) ;
#3503 = DIRECTION ( 'NONE',  ( 0.0000000000000000000, 1.000000000000000000, 5.027841771134210700E-016 ) ) ;
#3504 = AXIS2_PLACEMENT_3D ( 'NONE', #4405, #3185, #6649 ) ;
#3505 = DIRECTION ( 'NONE',  ( 0.0000000000000000000, 5.027841771134210700E-016, 1.000000000000000000 ) ) ;
#3506 = DIRECTION ( 'NONE',  ( 1.000000000000000000, 0.0000000000000000000, 0.0000000000000000000 ) ) ;
#3507 = LINE ( 'NONE', #4596, #704 ) ;
#3508 = ORIENTED_EDGE ( 'NONE', *, *, #5851, .T. ) ;
#3509 = CARTESIAN_POINT ( 'NONE',  ( -0.3847223250267439200, -5.051668046482832700E-016, 4.124999999999999100 ) ) ;
#3510 = VECTOR ( 'NONE', #4417, 1000.000000000000000 ) ;
#3511 = LINE ( 'NONE', #4737, #1893 ) ;
#3512 = VECTOR ( 'NONE', #1419, 1000.000000000000000 ) ;
#3513 = ORIENTED_EDGE ( 'NONE', *, *, #2633, .F. ) ;
#3514 = EDGE_CURVE ( 'NONE', #668, #3021, #5643, .T. ) ;
#3515 = AXIS2_PLACEMENT_3D ( 'NONE', #2961, #1390, #1980 ) ;
#3516 = ORIENTED_EDGE ( 'NONE', *, *, #3614, .T. ) ;
#3517 = LINE ( 'NONE', #7130, #6536 ) ;
#3518 = CYLINDRICAL_SURFACE ( 'NONE', #343, 0.4404999999999998900 ) ;
#3519 = EDGE_LOOP ( 'NONE', ( #7089, #5952, #4126, #5786 ) ) ;
#3520 = AXIS2_PLACEMENT_3D ( 'NONE', #2703, #2157, #7336 ) ;
#3521 = VECTOR ( 'NONE', #4651, 1000.000000000000000 ) ;
#3522 = CARTESIAN_POINT ( 'NONE',  ( -4.320000000000001200, 2.489499999999999200, 3.934500000000000300 ) ) ;
#3523 = LINE ( 'NONE', #1516, #6720 ) ;
#3524 = VERTEX_POINT ( 'NONE', #1389 ) ;
#3525 = ADVANCED_FACE ( 'NONE', ( #5917 ), #1979, .F. ) ;
#3526 = EDGE_CURVE ( 'NONE', #4215, #6848, #2009, .T. ) ;
#3527 = ORIENTED_EDGE ( 'NONE', *, *, #6927, .T. ) ;
#3528 = CARTESIAN_POINT ( 'NONE',  ( 3.299999999999999800, -5.051668046482832700E-016, -4.124999999999999100 ) ) ;
#3529 = CARTESIAN_POINT ( 'NONE',  ( -4.320000000000001200, 2.679999999999999300, -3.550000000000002500 ) ) ;
#3530 = EDGE_CURVE ( 'NONE', #2614, #1623, #4906, .T. ) ;
#3531 = ORIENTED_EDGE ( 'NONE', *, *, #3735, .T. ) ;
#3532 = LINE ( 'NONE', #261, #3714 ) ;
#3533 = DIRECTION ( 'NONE',  ( 0.0000000000000000000, 0.0000000000000000000, -1.000000000000000000 ) ) ;
#3534 = ORIENTED_EDGE ( 'NONE', *, *, #5748, .F. ) ;
#3535 = PRODUCT_DEFINITION_FORMATION_WITH_SPECIFIED_SOURCE ( 'ANY', '', #2386, .NOT_KNOWN. ) ;
#3536 = LINE ( 'NONE', #3539, #2458 ) ;
#3537 = ADVANCED_FACE ( 'NONE', ( #825 ), #3844, .F. ) ;
#3538 = EDGE_CURVE ( 'NONE', #5513, #2948, #3173, .T. ) ;
#3539 = CARTESIAN_POINT ( 'NONE',  ( -5.330000000000001800, 2.489499999999999200, -4.125000000000000000 ) ) ;
#3540 = EDGE_CURVE ( 'NONE', #6831, #3128, #2826, .T. ) ;
#3541 = ORIENTED_EDGE ( 'NONE', *, *, #2385, .T. ) ;
#3542 = LINE ( 'NONE', #5030, #2917 ) ;
#3543 = CARTESIAN_POINT ( 'NONE',  ( -5.330000000000001800, -3.299999999999999800, -4.124999999999999100 ) ) ;
#3544 = VECTOR ( 'NONE', #6390, 1000.000000000000000 ) ;
#3545 = DIRECTION ( 'NONE',  ( 1.000000000000000000, 0.0000000000000000000, 0.0000000000000000000 ) ) ;
#3546 = ADVANCED_FACE ( 'NONE', ( #1830 ), #3271, .F. ) ;
#3547 = DIRECTION ( 'NONE',  ( 0.0000000000000000000, 1.000000000000000000, -5.027841771134210700E-016 ) ) ;
#3548 = EDGE_CURVE ( 'NONE', #1764, #6177, #3081, .T. ) ;
#3549 = FACE_OUTER_BOUND ( 'NONE', #4010, .T. ) ;
#3550 = CARTESIAN_POINT ( 'NONE',  ( -10.00000000000002300, 4.669999999999997300, 0.8900000000000001200 ) ) ;
#3551 = AXIS2_PLACEMENT_3D ( 'NONE', #6106, #2605, #3187 ) ;
#3552 = DIRECTION ( 'NONE',  ( 0.0000000000000000000, 0.0000000000000000000, 1.000000000000000000 ) ) ;
#3553 = LINE ( 'NONE', #386, #390 ) ;
#3554 = SURFACE_SIDE_STYLE ('',( #808 ) ) ;
#3555 = VERTEX_POINT ( 'NONE', #5021 ) ;
#3556 = ORIENTED_EDGE ( 'NONE', *, *, #6723, .F. ) ;
#3557 = PLANE ( 'NONE',  #7274 ) ;
#3558 = ORIENTED_EDGE ( 'NONE', *, *, #7039, .F. ) ;
#3559 = EDGE_CURVE ( 'NONE', #570, #2571, #6199, .T. ) ;
#3560 = CARTESIAN_POINT ( 'NONE',  ( -7.370000000000000100, -3.299999999999999800, -4.124999999999999100 ) ) ;
#3561 = AXIS2_PLACEMENT_3D ( 'NONE', #1425, #1319, #4908 ) ;
#3562 = VERTEX_POINT ( 'NONE', #6698 ) ;
#3563 = CARTESIAN_POINT ( 'NONE',  ( -1.780000000000000200, -5.051668046482832700E-016, 4.124999999999999100 ) ) ;
#3564 = FACE_OUTER_BOUND ( 'NONE', #4434, .T. ) ;
#3565 = ORIENTED_EDGE ( 'NONE', *, *, #2457, .F. ) ;
#3566 = EDGE_LOOP ( 'NONE', ( #3069, #2489, #5853, #2822 ) ) ;
#3567 = VECTOR ( 'NONE', #2505, 1000.000000000000000 ) ;
#3568 = ORIENTED_EDGE ( 'NONE', *, *, #631, .T. ) ;
#3569 = DIRECTION ( 'NONE',  ( 1.000000000000000000, 0.0000000000000000000, 0.0000000000000000000 ) ) ;
#3570 = EDGE_LOOP ( 'NONE', ( #7502, #2223, #1555, #2099 ) ) ;
#3571 = CARTESIAN_POINT ( 'NONE',  ( -6.859999999999999400, 2.489499999999999200, -4.125000000000000000 ) ) ;
#3572 = CARTESIAN_POINT ( 'NONE',  ( 5.839999999999999900, 0.6500000000000026900, 4.375000000000000000 ) ) ;
#3573 = EDGE_CURVE ( 'NONE', #3555, #1585, #2539, .T. ) ;
#3574 = LINE ( 'NONE', #5188, #2404 ) ;
#3575 = FACE_OUTER_BOUND ( 'NONE', #4030, .T. ) ;
#3576 = AXIS2_PLACEMENT_3D ( 'NONE', #990, #2686, #5042 ) ;
#3577 = ORIENTED_EDGE ( 'NONE', *, *, #1806, .F. ) ;
#3578 = PLANE ( 'NONE',  #7358 ) ;
#3579 = EDGE_CURVE ( 'NONE', #5944, #6635, #2981, .T. ) ;
#3580 = ADVANCED_FACE ( 'NONE', ( #5907 ), #3238, .F. ) ;
#3581 = VECTOR ( 'NONE', #2562, 1000.000000000000000 ) ;
#3582 = EDGE_LOOP ( 'NONE', ( #3321, #2347, #6985, #4685 ) ) ;
#3583 = CARTESIAN_POINT ( 'NONE',  ( 4.695277674973255900, -5.051668046482832700E-016, -4.125000000000000000 ) ) ;
#3584 = CARTESIAN_POINT ( 'NONE',  ( 4.319999999999999400, 0.6500000000000045700, -4.124999999999999100 ) ) ;
#3585 = DIRECTION ( 'NONE',  ( -1.000000000000000000, 0.0000000000000000000, 2.443272501375785500E-016 ) ) ;
#3586 = ORIENTED_EDGE ( 'NONE', *, *, #4678, .F. ) ;
#3587 = EDGE_CURVE ( 'NONE', #4005, #6033, #7245, .T. ) ;
#3588 = CARTESIAN_POINT ( 'NONE',  ( -3.300000000000000700, 2.679999999999999300, 3.550000000000002500 ) ) ;
#3589 = CARTESIAN_POINT ( 'NONE',  ( -4.320000000000001200, 0.6500000000000025800, -3.934500000000001200 ) ) ;
#3590 = EDGE_CURVE ( 'NONE', #1486, #824, #4346, .T. ) ;
#3591 = EDGE_CURVE ( 'NONE', #158, #4750, #1012, .T. ) ;
#3592 = VECTOR ( 'NONE', #4770, 1000.000000000000000 ) ;
#3593 = ORIENTED_EDGE ( 'NONE', *, *, #2457, .T. ) ;
#3594 = DIRECTION ( 'NONE',  ( 0.0000000000000000000, 0.0000000000000000000, -1.000000000000000000 ) ) ;
#3595 = LINE ( 'NONE', #1709, #1981 ) ;
#3596 = CARTESIAN_POINT ( 'NONE',  ( -5.840000000000001600, 2.489499999999999200, -3.934500000000000300 ) ) ;
#3597 = EDGE_CURVE ( 'NONE', #6751, #4759, #7445, .T. ) ;
#3598 = DIRECTION ( 'NONE',  ( -1.000000000000000000, -0.0000000000000000000, 0.0000000000000000000 ) ) ;
#3599 = LINE ( 'NONE', #3140, #450 ) ;
#3600 = LINE ( 'NONE', #3186, #1630 ) ;
#3601 = ORIENTED_EDGE ( 'NONE', *, *, #2652, .T. ) ;
#3602 = DIRECTION ( 'NONE',  ( 0.0000000000000000000, 0.0000000000000000000, -1.000000000000000000 ) ) ;
#3603 = ORIENTED_EDGE ( 'NONE', *, *, #6954, .T. ) ;
#3604 = CARTESIAN_POINT ( 'NONE',  ( 2.790000000000000000, 2.929999999999999300, -3.550000000000002500 ) ) ;
#3605 = CARTESIAN_POINT ( 'NONE',  ( 2.289999999999999600, -3.299999999999999800, 4.124999999999999100 ) ) ;
#3606 = LINE ( 'NONE', #3288, #900 ) ;
#3607 = CARTESIAN_POINT ( 'NONE',  ( -0.3847223250267439200, -5.051668046482832700E-016, -4.124999999999999100 ) ) ;
#3608 = FACE_OUTER_BOUND ( 'NONE', #2172, .T. ) ;
#3609 = VECTOR ( 'NONE', #371, 1000.000000000000000 ) ;
#3610 = ORIENTED_EDGE ( 'NONE', *, *, #7043, .T. ) ;
#3611 = ADVANCED_FACE ( 'NONE', ( #1098 ), #3449, .F. ) ;
#3612 = ORIENTED_EDGE ( 'NONE', *, *, #6092, .F. ) ;
#3613 = CARTESIAN_POINT ( 'NONE',  ( 8.004722325026744300, -5.051668046482832700E-016, -4.124999999999999100 ) ) ;
#3614 = EDGE_CURVE ( 'NONE', #7041, #5501, #6290, .T. ) ;
#3615 = AXIS2_PLACEMENT_3D ( 'NONE', #2057, #5006, #1532 ) ;
#3616 = CARTESIAN_POINT ( 'NONE',  ( 5.330000000000000100, 2.489499999999999200, -4.125000000000000000 ) ) ;
#3617 = LINE ( 'NONE', #433, #1349 ) ;
#3618 = EDGE_LOOP ( 'NONE', ( #3198, #1267, #4740, #2965 ) ) ;
#3619 =( LENGTH_UNIT ( ) NAMED_UNIT ( * ) SI_UNIT ( .MILLI., .METRE. ) );
#3620 = ADVANCED_FACE ( 'NONE', ( #6988 ), #4531, .F. ) ;
#3621 = ADVANCED_FACE ( 'NONE', ( #637 ), #4070, .F. ) ;
#3622 = VERTEX_POINT ( 'NONE', #1633 ) ;
#3623 = ORIENTED_EDGE ( 'NONE', *, *, #2915, .T. ) ;
#3624 = ORIENTED_EDGE ( 'NONE', *, *, #3418, .F. ) ;
#3625 = CARTESIAN_POINT ( 'NONE',  ( 4.695277674973255900, -5.051668046482832700E-016, -4.124999999999999100 ) ) ;
#3626 = VECTOR ( 'NONE', #1880, 1000.000000000000000 ) ;
#3627 = AXIS2_PLACEMENT_3D ( 'NONE', #6345, #4565, #3927 ) ;
#3628 = DIRECTION ( 'NONE',  ( 0.0000000000000000000, 0.0000000000000000000, -1.000000000000000000 ) ) ;
#3629 = AXIS2_PLACEMENT_3D ( 'NONE', #3824, #5591, #956 ) ;
#3630 = ADVANCED_FACE ( 'NONE', ( #6629 ), #6881, .F. ) ;
#3631 = EDGE_LOOP ( 'NONE', ( #4599, #3110, #5568, #6197 ) ) ;
#3632 = PLANE ( 'NONE',  #7155 ) ;
#3633 = EDGE_LOOP ( 'NONE', ( #2989, #4935, #671, #3102 ) ) ;
#3634 =( LENGTH_UNIT ( ) NAMED_UNIT ( * ) SI_UNIT ( .MILLI., .METRE. ) );
#3635 = VECTOR ( 'NONE', #5020, 1000.000000000000000 ) ;
#3636 = CARTESIAN_POINT ( 'NONE',  ( 5.464722325026743400, -5.051668046482832700E-016, 4.124999999999999100 ) ) ;
#3637 = CARTESIAN_POINT ( 'NONE',  ( -10.00000000000002300, 2.929999999999999300, 3.550000000000002900 ) ) ;
#3638 = EDGE_CURVE ( 'NONE', #7432, #1795, #6821, .T. ) ;
#3639 = ORIENTED_EDGE ( 'NONE', *, *, #2770, .T. ) ;
#3640 = CARTESIAN_POINT ( 'NONE',  ( 7.870000000000000100, 2.489499999999999200, -4.125000000000000000 ) ) ;
#3641 = EDGE_CURVE ( 'NONE', #1676, #5121, #5725, .T. ) ;
#3642 = DIRECTION ( 'NONE',  ( -1.000000000000000000, -0.0000000000000000000, -0.0000000000000000000 ) ) ;
#3643 = EDGE_CURVE ( 'NONE', #4750, #2941, #1548, .T. ) ;
#3644 = LINE ( 'NONE', #1468, #7004 ) ;
#3645 = DIRECTION ( 'NONE',  ( 0.0000000000000000000, -0.0000000000000000000, -1.000000000000000000 ) ) ;
#3646 = DIRECTION ( 'NONE',  ( 0.0000000000000000000, 0.0000000000000000000, 1.000000000000000000 ) ) ;
#3647 = PLANE ( 'NONE',  #1072 ) ;
#3649 = ORIENTED_EDGE ( 'NONE', *, *, #5111, .T. ) ;
#3648 = DIRECTION ( 'NONE',  ( 0.4999999999999967200, -0.8660254037844405900, 1.297447619602006200E-016 ) ) ;
#3650 = EDGE_CURVE ( 'NONE', #6350, #270, #2195, .T. ) ;
#3651 = ORIENTED_EDGE ( 'NONE', *, *, #7178, .F. ) ;
#3652 = VERTEX_POINT ( 'NONE', #5179 ) ;
#3653 = PLANE ( 'NONE',  #1492 ) ;
#3654 = EDGE_LOOP ( 'NONE', ( #6220, #2547, #6936, #1103, #1302, #7319, #556, #670, #5270, #102 ) ) ;
#3655 = CARTESIAN_POINT ( 'NONE',  ( -3.300000000000000700, 2.489499999999999200, -3.934500000000000300 ) ) ;
#3656 = VECTOR ( 'NONE', #5335, 1000.000000000000000 ) ;
#3657 = VERTEX_POINT ( 'NONE', #3964 ) ;
#3658 = DIRECTION ( 'NONE',  ( 0.0000000000000000000, 1.000000000000000000, -1.498163464873311700E-016 ) ) ;
#3659 = ORIENTED_EDGE ( 'NONE', *, *, #5954, .T. ) ;
#3660 = ADVANCED_FACE ( 'NONE', ( #192 ), #5137, .F. ) ;
#3661 = DIRECTION ( 'NONE',  ( 0.0000000000000000000, 0.0000000000000000000, 1.000000000000000000 ) ) ;
#3662 = PLANE ( 'NONE',  #2971 ) ;
#3663 = VECTOR ( 'NONE', #2077, 1000.000000000000000 ) ;
#3664 = ORIENTED_EDGE ( 'NONE', *, *, #903, .T. ) ;
#3665 = CARTESIAN_POINT ( 'NONE',  ( 1.779999999999999400, 2.679999999999998800, -3.934500000000000300 ) ) ;
#3666 = ORIENTED_EDGE ( 'NONE', *, *, #3732, .F. ) ;
#3667 = EDGE_CURVE ( 'NONE', #5776, #6357, #4898, .T. ) ;
#3668 = AXIS2_PLACEMENT_3D ( 'NONE', #3351, #1101, #7489 ) ;
#3669 = DIRECTION ( 'NONE',  ( -0.0000000000000000000, -1.000000000000000000, -0.0000000000000000000 ) ) ;
#3670 = DIRECTION ( 'NONE',  ( 0.0000000000000000000, 1.000000000000000000, -1.498163464873311500E-016 ) ) ;
#3671 = CARTESIAN_POINT ( 'NONE',  ( -9.714314080235375600, 5.099999999999997000, -3.264314080235336300 ) ) ;
#3672 = CARTESIAN_POINT ( 'NONE',  ( -1.780000000000000200, 2.489499999999999200, 3.934500000000000300 ) ) ;
#3673 = MECHANICAL_DESIGN_GEOMETRIC_PRESENTATION_REPRESENTATION (  '', ( #139 ), #4051 ) ;
#3674 = FACE_OUTER_BOUND ( 'NONE', #2135, .T. ) ;
#3675 = ORIENTED_EDGE ( 'NONE', *, *, #599, .F. ) ;
#3676 = ORIENTED_EDGE ( 'NONE', *, *, #1395, .T. ) ;
#3677 = CARTESIAN_POINT ( 'NONE',  ( -5.330000000000001800, -3.299999999999999800, -4.124999999999999100 ) ) ;
#3678 = EDGE_LOOP ( 'NONE', ( #3037, #7161, #6554, #1645, #4571, #6165, #2324, #5218, #3973, #4788 ) ) ;
#3679 = AXIS2_PLACEMENT_3D ( 'NONE', #6288, #1605, #5130 ) ;
#3680 = PLANE ( 'NONE',  #2353 ) ;
#3681 = VERTEX_POINT ( 'NONE', #4556 ) ;
#3682 = PLANE ( 'NONE',  #6374 ) ;
#3683 = ORIENTED_EDGE ( 'NONE', *, *, #2482, .F. ) ;
#3684 = EDGE_LOOP ( 'NONE', ( #1284, #1102, #5961, #4344 ) ) ;
#3685 = DIRECTION ( 'NONE',  ( 0.0000000000000000000, -1.000000000000000000, 1.498163464873311700E-016 ) ) ;
#3686 = PLANE ( 'NONE',  #5692 ) ;
#3687 = CARTESIAN_POINT ( 'NONE',  ( -7.370000000000000100, 2.929999999999999300, -3.550000000000002500 ) ) ;
#3688 = CARTESIAN_POINT ( 'NONE',  ( -1.780000000000000200, 2.489499999999999200, -4.375000000000000000 ) ) ;
#3689 = ADVANCED_FACE ( 'NONE', ( #4160 ), #1076, .F. ) ;
#3690 = CARTESIAN_POINT ( 'NONE',  ( -4.320000000000001200, 2.489499999999999200, 4.125000000000000000 ) ) ;
#3691 = STYLED_ITEM ( 'NONE', ( #1765 ), #189 ) ;
#3692 = ADVANCED_FACE ( 'NONE', ( #6448 ), #2314, .F. ) ;
#3693 = DIRECTION ( 'NONE',  ( 0.0000000000000000000, -1.000000000000000000, 6.968160176649155900E-016 ) ) ;
#3694 = VECTOR ( 'NONE', #3404, 1000.000000000000000 ) ;
#3695 = LINE ( 'NONE', #2591, #2968 ) ;
#3696 = LINE ( 'NONE', #2075, #2089 ) ;
#3697 = ORIENTED_EDGE ( 'NONE', *, *, #6519, .F. ) ;
#3698 = ADVANCED_FACE ( 'NONE', ( #5821 ), #4699, .F. ) ;
#3699 = CYLINDRICAL_SURFACE ( 'NONE', #5235, 0.4404999999999998900 ) ;
#3700 = DIRECTION ( 'NONE',  ( 0.0000000000000000000, -1.000000000000000000, -1.498163464873311700E-016 ) ) ;
#3701 = LINE ( 'NONE', #4796, #4797 ) ;
#3702 = ORIENTED_EDGE ( 'NONE', *, *, #1418, .T. ) ;
#3703 = EDGE_CURVE ( 'NONE', #7104, #7217, #817, .T. ) ;
#3704 = CARTESIAN_POINT ( 'NONE',  ( 7.870000000000000100, 2.679999999999999300, 3.550000000000002500 ) ) ;
#3705 = ORIENTED_EDGE ( 'NONE', *, *, #2690, .T. ) ;
#3706 = VECTOR ( 'NONE', #6339, 1000.000000000000000 ) ;
#3707 = VECTOR ( 'NONE', #5099, 1000.000000000000000 ) ;
#3708 = CARTESIAN_POINT ( 'NONE',  ( -4.830000000000001000, -4.336808689942017700E-016, 3.934500000000001200 ) ) ;
#3709 = EDGE_LOOP ( 'NONE', ( #3289, #3501, #2581, #6849 ) ) ;
#3710 = AXIS2_PLACEMENT_3D ( 'NONE', #492, #572, #1123 ) ;
#3711 = CARTESIAN_POINT ( 'NONE',  ( 5.839999999999999900, 2.489499999999999200, -4.375000000000000000 ) ) ;
#3712 = ORIENTED_EDGE ( 'NONE', *, *, #5844, .F. ) ;
#3713 = CARTESIAN_POINT ( 'NONE',  ( 3.299999999999999800, 2.489499999999999200, 4.375000000000000000 ) ) ;
#3714 = VECTOR ( 'NONE', #842, 1000.000000000000000 ) ;
#3715 = CARTESIAN_POINT ( 'NONE',  ( 7.235277674973255900, -5.051668046482832700E-016, 4.124999999999999100 ) ) ;
#3716 = CIRCLE ( 'NONE', #5981, 0.1904999999999997000 ) ;
#3717 = DIRECTION ( 'NONE',  ( 0.0000000000000000000, -1.000000000000000000, -1.498163464873311500E-016 ) ) ;
#3718 = FILL_AREA_STYLE ('',( #93 ) ) ;
#3719 = ORIENTED_EDGE ( 'NONE', *, *, #3591, .T. ) ;
#3720 = PLANE ( 'NONE',  #3724 ) ;
#3721 = VECTOR ( 'NONE', #1745, 1000.000000000000000 ) ;
#3722 = LINE ( 'NONE', #7494, #1757 ) ;
#3723 = PRODUCT_DEFINITION_SHAPE ( 'NONE', 'NONE',  #6815 ) ;
#3724 = AXIS2_PLACEMENT_3D ( 'NONE', #6113, #3163, #2613 ) ;
#3725 = DIRECTION ( 'NONE',  ( -0.0000000000000000000, 1.000000000000000000, 1.498163464873311500E-016 ) ) ;
#3726 = LINE ( 'NONE', #5729, #7369 ) ;
#3727 = CARTESIAN_POINT ( 'NONE',  ( 0.7600000000000002300, 2.929999999999999300, -3.934500000000000300 ) ) ;
#3728 = CARTESIAN_POINT ( 'NONE',  ( -7.370000000000000100, -3.299999999999999400, -4.375000000000000900 ) ) ;
#3729 = ADVANCED_FACE ( 'NONE', ( #5631 ), #5259, .T. ) ;
#3730 = DIRECTION ( 'NONE',  ( 0.0000000000000000000, -1.000000000000000000, -1.498163464873311700E-016 ) ) ;
#3731 = EDGE_CURVE ( 'NONE', #4833, #6571, #6008, .T. ) ;
#3732 = EDGE_CURVE ( 'NONE', #1851, #2535, #2626, .T. ) ;
#3733 = CARTESIAN_POINT ( 'NONE',  ( 0.2500000000000002200, -3.299999999999999800, 4.124999999999999100 ) ) ;
#3734 = ORIENTED_EDGE ( 'NONE', *, *, #3364, .T. ) ;
#3735 = EDGE_CURVE ( 'NONE', #5670, #4131, #7068, .T. ) ;
#3736 = ADVANCED_FACE ( 'NONE', ( #3889 ), #2911, .F. ) ;
#3737 = FACE_OUTER_BOUND ( 'NONE', #4574, .T. ) ;
#3738 = ORIENTED_EDGE ( 'NONE', *, *, #7496, .F. ) ;
#3739 = ORIENTED_EDGE ( 'NONE', *, *, #7395, .T. ) ;
#3740 = VECTOR ( 'NONE', #7377, 1000.000000000000000 ) ;
#3741 = CARTESIAN_POINT ( 'NONE',  ( -6.859999999999999400, 2.929999999999999300, -3.550000000000002500 ) ) ;
#3742 = CARTESIAN_POINT ( 'NONE',  ( -7.370000000000000100, -5.051668046482832700E-016, 4.124999999999999100 ) ) ;
#3743 = CARTESIAN_POINT ( 'NONE',  ( -10.00000000000002300, 5.099999999999997000, 3.264314080235353600 ) ) ;
#3744 = PLANE ( 'NONE',  #4582 ) ;
#3745 = VECTOR ( 'NONE', #6120, 1000.000000000000100 ) ;
#3746 = ORIENTED_EDGE ( 'NONE', *, *, #2774, .F. ) ;
#3747 = FACE_OUTER_BOUND ( 'NONE', #2673, .T. ) ;
#3748 = CARTESIAN_POINT ( 'NONE',  ( 0.2500000000000002200, -4.336808689942017700E-016, 3.934500000000001200 ) ) ;
#3749 = ORIENTED_EDGE ( 'NONE', *, *, #6824, .F. ) ;
#3750 = CARTESIAN_POINT ( 'NONE',  ( -0.7600000000000002300, 2.489499999999999200, 3.934500000000000300 ) ) ;
#3751 = CARTESIAN_POINT ( 'NONE',  ( -7.870000000000000100, -3.299999999999999400, -4.375000000000000900 ) ) ;
#3752 = DIRECTION ( 'NONE',  ( 0.0000000000000000000, -0.0000000000000000000, -1.000000000000000000 ) ) ;
#3753 = VECTOR ( 'NONE', #3505, 1000.000000000000000 ) ;
#3755 = ORIENTED_EDGE ( 'NONE', *, *, #6245, .T. ) ;
#3754 = SURFACE_STYLE_USAGE ( .BOTH. , #6170 ) ;
#3756 = ORIENTED_EDGE ( 'NONE', *, *, #2435, .T. ) ;
#3757 = CARTESIAN_POINT ( 'NONE',  ( -0.2500000000000002200, -3.794707603699265500E-016, -4.375000000000001800 ) ) ;
#3758 = VECTOR ( 'NONE', #1575, 1000.000000000000000 ) ;
#3759 = ORIENTED_EDGE ( 'NONE', *, *, #563, .F. ) ;
#3760 = ORIENTED_EDGE ( 'NONE', *, *, #7005, .T. ) ;
#3761 = DIRECTION ( 'NONE',  ( -0.0000000000000000000, 1.000000000000000000, 1.498163464873311500E-016 ) ) ;
#3762 = DIRECTION ( 'NONE',  ( 0.4999999999999977200, 0.8660254037844399300, -1.297447619602005500E-016 ) ) ;
#3763 = DIRECTION ( 'NONE',  ( 0.0000000000000000000, -1.498163464873311500E-016, 1.000000000000000000 ) ) ;
#3764 = LINE ( 'NONE', #1908, #4037 ) ;
#3765 = DIRECTION ( 'NONE',  ( 0.0000000000000000000, 1.000000000000000000, -1.127908631974522500E-015 ) ) ;
#3766 = CARTESIAN_POINT ( 'NONE',  ( 8.380000000000000800, -5.051668046482832700E-016, 4.124999999999999100 ) ) ;
#3767 = EDGE_CURVE ( 'NONE', #1586, #6378, #3363, .T. ) ;
#3768 = CARTESIAN_POINT ( 'NONE',  ( 3.299999999999999800, 2.679999999999998800, -3.934500000000000300 ) ) ;
#3769 = ORIENTED_EDGE ( 'NONE', *, *, #3925, .T. ) ;
#3770 = DIRECTION ( 'NONE',  ( 0.0000000000000000000, 0.0000000000000000000, 1.000000000000000000 ) ) ;
#3771 = CARTESIAN_POINT ( 'NONE',  ( 7.870000000000000100, -3.299999999999999800, 4.124999999999999100 ) ) ;
#3772 = FILL_AREA_STYLE ('',( #7251 ) ) ;
#3773 = ORIENTED_EDGE ( 'NONE', *, *, #837, .T. ) ;
#3774 = CARTESIAN_POINT ( 'NONE',  ( -7.370000000000000100, 2.489499999999999200, 3.934500000000000300 ) ) ;
#3775 = EDGE_CURVE ( 'NONE', #2175, #5997, #1643, .T. ) ;
#3776 = CARTESIAN_POINT ( 'NONE',  ( 0.3847223250267439200, -5.051668046482832700E-016, 4.124999999999999100 ) ) ;
#3777 = ORIENTED_EDGE ( 'NONE', *, *, #6231, .F. ) ;
#3778 = AXIS2_PLACEMENT_3D ( 'NONE', #2583, #946, #1521 ) ;
#3779 = CARTESIAN_POINT ( 'NONE',  ( 10.00000000000000200, 2.679999999999999300, -3.549999999999997200 ) ) ;
#3780 = EDGE_CURVE ( 'NONE', #5290, #4351, #5086, .T. ) ;
#3781 = CIRCLE ( 'NONE', #7075, 0.4404999999999998900 ) ;
#3782 = CIRCLE ( 'NONE', #5587, 0.1904999999999997000 ) ;
#3783 = VECTOR ( 'NONE', #2171, 999.9999999999998900 ) ;
#3784 = ORIENTED_EDGE ( 'NONE', *, *, #5662, .T. ) ;
#3785 = DIRECTION ( 'NONE',  ( 0.0000000000000000000, 0.0000000000000000000, -1.000000000000000000 ) ) ;
#3786 = CARTESIAN_POINT ( 'NONE',  ( 4.319999999999999400, 0.6500000000000045700, -3.934500000000001200 ) ) ;
#3787 = EDGE_CURVE ( 'NONE', #6444, #5639, #1445, .T. ) ;
#3788 = LINE ( 'NONE', #776, #6896 ) ;
#3789 = VECTOR ( 'NONE', #1394, 1000.000000000000000 ) ;
#3790 = ORIENTED_EDGE ( 'NONE', *, *, #4886, .T. ) ;
#3791 =( NAMED_UNIT ( * ) PLANE_ANGLE_UNIT ( ) SI_UNIT ( $, .RADIAN. ) );
#3792 = DIRECTION ( 'NONE',  ( 1.000000000000000000, 0.0000000000000000000, 0.0000000000000000000 ) ) ;
#3793 = ORIENTED_EDGE ( 'NONE', *, *, #6421, .T. ) ;
#3794 = AXIS2_PLACEMENT_3D ( 'NONE', #235, #4920, #2088 ) ;
#3795 = ADVANCED_BREP_SHAPE_REPRESENTATION ( 'TL084CN', ( #2875, #5333, #4360, #3976, #749, #3010, #2789, #5473, #5722, #189, #5244, #4923, #6383, #6693, #3341, #3778 ), #1992 ) ;
#3796 = ORIENTED_EDGE ( 'NONE', *, *, #6647, .F. ) ;
#3797 = CARTESIAN_POINT ( 'NONE',  ( 7.235277674973255900, -4.456522286123197600E-016, -4.375000000000000000 ) ) ;
#3798 = VECTOR ( 'NONE', #6590, 1000.000000000000000 ) ;
#3799 = PRESENTATION_STYLE_ASSIGNMENT (( #882 ) ) ;
#3800 = VERTEX_POINT ( 'NONE', #3560 ) ;
#3801 = CARTESIAN_POINT ( 'NONE',  ( 3.299999999999999800, 2.929999999999999300, -3.934500000000000300 ) ) ;
#3802 = ORIENTED_EDGE ( 'NONE', *, *, #401, .F. ) ;
#3803 = ORIENTED_EDGE ( 'NONE', *, *, #7045, .F. ) ;
#3804 = VERTEX_POINT ( 'NONE', #5865 ) ;
#3805 = VECTOR ( 'NONE', #7050, 1000.000000000000000 ) ;
#3806 = EDGE_CURVE ( 'NONE', #300, #6635, #1740, .T. ) ;
#3807 = AXIS2_PLACEMENT_3D ( 'NONE', #890, #974, #4333 ) ;
#3808 = LINE ( 'NONE', #3040, #3270 ) ;
#3809 = DIRECTION ( 'NONE',  ( 0.0000000000000000000, 1.000000000000000000, -1.498163464873311500E-016 ) ) ;
#3810 = EDGE_LOOP ( 'NONE', ( #251, #647, #6007, #2413, #5762, #3923, #5139, #1138 ) ) ;
#3811 = CARTESIAN_POINT ( 'NONE',  ( -4.830000000000001000, 2.489499999999999200, 3.934500000000000300 ) ) ;
#3812 = ORIENTED_EDGE ( 'NONE', *, *, #2208, .F. ) ;
#3813 = LINE ( 'NONE', #2158, #4176 ) ;
#3814 = LINE ( 'NONE', #2794, #3635 ) ;
#3815 = AXIS2_PLACEMENT_3D ( 'NONE', #2245, #5742, #5200 ) ;
#3816 = ORIENTED_EDGE ( 'NONE', *, *, #1079, .F. ) ;
#3817 = CARTESIAN_POINT ( 'NONE',  ( 0.7600000000000002300, 0.6500000000000028000, -4.375000000000000900 ) ) ;
#3818 = LINE ( 'NONE', #1109, #6931 ) ;
#3819 = DIRECTION ( 'NONE',  ( -0.0000000000000000000, 1.000000000000000000, 1.127908631974522500E-015 ) ) ;
#3820 = LINE ( 'NONE', #1911, #836 ) ;
#3821 = DIRECTION ( 'NONE',  ( 0.0000000000000000000, 1.000000000000000000, 1.734723475976793700E-015 ) ) ;
#3822 = DIRECTION ( 'NONE',  ( -0.4999999999999977200, -0.8660254037844399300, 1.297447619602005200E-016 ) ) ;
#3823 = VERTEX_POINT ( 'NONE', #4724 ) ;
#3824 = CARTESIAN_POINT ( 'NONE',  ( -2.290000000000000500, 2.489499999999999200, 3.934500000000000300 ) ) ;
#3825 = ORIENTED_EDGE ( 'NONE', *, *, #5342, .T. ) ;
#3826 = DIRECTION ( 'NONE',  ( 0.0000000000000000000, -1.000000000000000000, -6.968160176649155900E-016 ) ) ;
#3827 = VECTOR ( 'NONE', #1161, 1000.000000000000000 ) ;
#3828 = DIRECTION ( 'NONE',  ( 0.0000000000000000000, -5.027841771134210700E-016, -1.000000000000000000 ) ) ;
#3829 = PRESENTATION_STYLE_ASSIGNMENT (( #5555 ) ) ;
#3830 = CARTESIAN_POINT ( 'NONE',  ( -4.320000000000001200, 0.6500000000000025800, -4.125000000000000000 ) ) ;
#3831 = ORIENTED_EDGE ( 'NONE', *, *, #4380, .F. ) ;
#3832 = VECTOR ( 'NONE', #3004, 1000.000000000000000 ) ;
#3833 = DIRECTION ( 'NONE',  ( 0.0000000000000000000, 1.734723475976793700E-015, -1.000000000000000000 ) ) ;
#3834 = EDGE_CURVE ( 'NONE', #5731, #1227, #103, .T. ) ;
#3835 = ORIENTED_EDGE ( 'NONE', *, *, #4774, .F. ) ;
#3836 = DIRECTION ( 'NONE',  ( 1.000000000000000000, 0.0000000000000000000, 0.0000000000000000000 ) ) ;
#3837 = EDGE_CURVE ( 'NONE', #4165, #5300, #2901, .T. ) ;
#3838 = VECTOR ( 'NONE', #4705, 1000.000000000000000 ) ;
#3839 = VECTOR ( 'NONE', #6173, 1000.000000000000000 ) ;
#3840 = ORIENTED_EDGE ( 'NONE', *, *, #4103, .F. ) ;
#3841 = ADVANCED_FACE ( 'NONE', ( #4806 ), #7154, .F. ) ;
#3842 = DIRECTION ( 'NONE',  ( -0.0000000000000000000, 5.027841771134210700E-016, 1.000000000000000000 ) ) ;
#3843 = EDGE_LOOP ( 'NONE', ( #3272, #2733, #6397, #765, #5233, #4007, #2650, #1330, #1825, #4039 ) ) ;
#3844 = PLANE ( 'NONE',  #2232 ) ;
#3845 = AXIS2_PLACEMENT_3D ( 'NONE', #2973, #4745, #1282 ) ;
#3846 = CARTESIAN_POINT ( 'NONE',  ( -8.004722325026744300, -5.051668046482832700E-016, -4.124999999999999100 ) ) ;
#3847 = CARTESIAN_POINT ( 'NONE',  ( -4.320000000000001200, 0.6500000000000025800, 3.934500000000001200 ) ) ;
#3848 = DIRECTION ( 'NONE',  ( -1.000000000000000000, -0.0000000000000000000, -0.0000000000000000000 ) ) ;
#3849 = CARTESIAN_POINT ( 'NONE',  ( 2.924722325026743800, -3.794707603699265500E-016, -4.375000000000001800 ) ) ;
#3850 = FILL_AREA_STYLE_COLOUR ( '', #2110 ) ;
#3851 = VECTOR ( 'NONE', #3233, 1000.000000000000000 ) ;
#3852 = EDGE_CURVE ( 'NONE', #6234, #1684, #2531, .T. ) ;
#3853 = ORIENTED_EDGE ( 'NONE', *, *, #6963, .F. ) ;
#3854 = DIRECTION ( 'NONE',  ( 1.000000000000000000, 0.0000000000000000000, 0.0000000000000000000 ) ) ;
#3855 = ORIENTED_EDGE ( 'NONE', *, *, #6307, .F. ) ;
#3856 = AXIS2_PLACEMENT_3D ( 'NONE', #4140, #5291, #4065 ) ;
#3857 = ORIENTED_EDGE ( 'NONE', *, *, #1025, .T. ) ;
#3858 = EDGE_LOOP ( 'NONE', ( #4655, #3160, #4315, #809, #1833, #5445, #7421, #6293, #3863, #4253 ) ) ;
#3859 = CARTESIAN_POINT ( 'NONE',  ( -3.300000000000000700, 2.489499999999999200, 4.375000000000000000 ) ) ;
#3860 = ORIENTED_EDGE ( 'NONE', *, *, #6265, .F. ) ;
#3861 = CARTESIAN_POINT ( 'NONE',  ( 1.779999999999999400, -5.051668046482832700E-016, 4.124999999999999100 ) ) ;
#3862 = DIRECTION ( 'NONE',  ( -1.000000000000000000, -0.0000000000000000000, 0.0000000000000000000 ) ) ;
#3863 = ORIENTED_EDGE ( 'NONE', *, *, #5059, .F. ) ;
#3864 = DIRECTION ( 'NONE',  ( 0.0000000000000000000, 1.000000000000000000, -1.498163464873311700E-016 ) ) ;
#3865 = EDGE_CURVE ( 'NONE', #1088, #6447, #3444, .T. ) ;
#3866 = AXIS2_PLACEMENT_3D ( 'NONE', #2939, #6999, #1832 ) ;
#3867 = VECTOR ( 'NONE', #7287, 1000.000000000000000 ) ;
#3868 = EDGE_CURVE ( 'NONE', #6299, #300, #3353, .T. ) ;
#3869 = ORIENTED_EDGE ( 'NONE', *, *, #6432, .T. ) ;
#3870 =( NAMED_UNIT ( * ) PLANE_ANGLE_UNIT ( ) SI_UNIT ( $, .RADIAN. ) );
#3871 = PLANE ( 'NONE',  #1200 ) ;
#3872 = LINE ( 'NONE', #6143, #536 ) ;
#3873 = ADVANCED_FACE ( 'NONE', ( #267 ), #1927, .T. ) ;
#3874 = EDGE_CURVE ( 'NONE', #4587, #963, #4440, .T. ) ;
#3875 = VECTOR ( 'NONE', #6670, 1000.000000000000000 ) ;
#3876 = FACE_OUTER_BOUND ( 'NONE', #4912, .T. ) ;
#3877 = ORIENTED_EDGE ( 'NONE', *, *, #6057, .T. ) ;
#3878 = CARTESIAN_POINT ( 'NONE',  ( 8.380000000000000800, 0.6500000000000025800, -3.934500000000001200 ) ) ;
#3879 = ORIENTED_EDGE ( 'NONE', *, *, #5701, .T. ) ;
#3880 = LINE ( 'NONE', #6152, #5622 ) ;
#3881 = DIRECTION ( 'NONE',  ( 0.0000000000000000000, 5.027841771134210700E-016, -1.000000000000000000 ) ) ;
#3882 = CYLINDRICAL_SURFACE ( 'NONE', #3350, 0.1904999999999997000 ) ;
#3883 = ORIENTED_EDGE ( 'NONE', *, *, #6207, .T. ) ;
#3884 = CARTESIAN_POINT ( 'NONE',  ( -7.870000000000000100, 2.489499999999999200, -4.125000000000000000 ) ) ;
#3885 = UNCERTAINTY_MEASURE_WITH_UNIT (LENGTH_MEASURE( 1.000000000000000100E-005 ), #4442, 'distance_accuracy_value', 'NONE');
#3886 = CARTESIAN_POINT ( 'NONE',  ( 2.289999999999999600, -3.299999999999999800, -4.124999999999999100 ) ) ;
#3887 = ORIENTED_EDGE ( 'NONE', *, *, #3868, .T. ) ;
#3888 = DIRECTION ( 'NONE',  ( 0.0000000000000000000, -1.000000000000000000, 6.968160176649155900E-016 ) ) ;
#3889 = FACE_OUTER_BOUND ( 'NONE', #4164, .T. ) ;
#3890 = LINE ( 'NONE', #1602, #911 ) ;
#3891 = AXIS2_PLACEMENT_3D ( 'NONE', #5493, #1519, #6750 ) ;
#3892 = VECTOR ( 'NONE', #1026, 1000.000000000000000 ) ;
#3893 = ORIENTED_EDGE ( 'NONE', *, *, #3376, .T. ) ;
#3894 = DIRECTION ( 'NONE',  ( 0.0000000000000000000, 5.027841771134210700E-016, -1.000000000000000000 ) ) ;
#3895 = ORIENTED_EDGE ( 'NONE', *, *, #5662, .F. ) ;
#3896 = CARTESIAN_POINT ( 'NONE',  ( -8.380000000000000800, 2.929999999999999300, -3.934500000000000300 ) ) ;
#3897 = VERTEX_POINT ( 'NONE', #153 ) ;
#3898 = DIRECTION ( 'NONE',  ( -1.000000000000000000, -0.0000000000000000000, -0.0000000000000000000 ) ) ;
#3899 = VECTOR ( 'NONE', #6929, 1000.000000000000000 ) ;
#3900 = CARTESIAN_POINT ( 'NONE',  ( -3.300000000000000700, 2.489499999999999200, -4.125000000000000000 ) ) ;
#3901 = DIRECTION ( 'NONE',  ( 0.0000000000000000000, 1.000000000000000000, 1.498163464873311700E-016 ) ) ;
#3902 = EDGE_LOOP ( 'NONE', ( #4802, #5719, #6725, #3802 ) ) ;
#3903 = EDGE_CURVE ( 'NONE', #3963, #7256, #3517, .T. ) ;
#3904 = AXIS2_PLACEMENT_3D ( 'NONE', #4869, #6061, #6079 ) ;
#3905 = LINE ( 'NONE', #2849, #1566 ) ;
#3906 = CARTESIAN_POINT ( 'NONE',  ( -6.859999999999999400, -3.794707603699265500E-016, 4.375000000000001800 ) ) ;
#3907 = DIRECTION ( 'NONE',  ( 0.8660254037844399300, -0.4999999999999977200, -2.513920885567094000E-016 ) ) ;
#3908 = FACE_OUTER_BOUND ( 'NONE', #1290, .T. ) ;
#3909 = FACE_OUTER_BOUND ( 'NONE', #6945, .T. ) ;
#3910 = EDGE_CURVE ( 'NONE', #804, #6376, #5814, .T. ) ;
#3911 = EDGE_LOOP ( 'NONE', ( #5452, #5341, #1802, #1710, #3087, #3952, #2899, #351 ) ) ;
#3912 = DIRECTION ( 'NONE',  ( 0.0000000000000000000, -1.498163464873311700E-016, 1.000000000000000000 ) ) ;
#3913 = AXIS2_PLACEMENT_3D ( 'NONE', #7363, #423, #3901 ) ;
#3914 = CARTESIAN_POINT ( 'NONE',  ( -4.695277674973257700, -3.794707603699265500E-016, -4.375000000000001800 ) ) ;
#3915 = DIRECTION ( 'NONE',  ( -1.000000000000000000, -0.0000000000000000000, -0.0000000000000000000 ) ) ;
#3916 = CARTESIAN_POINT ( 'NONE',  ( 4.829999999999999200, 2.489499999999999200, -3.934500000000000300 ) ) ;
#3917 = CARTESIAN_POINT ( 'NONE',  ( -7.370000000000000100, 2.489499999999999200, 4.125000000000000000 ) ) ;
#3918 = EDGE_LOOP ( 'NONE', ( #4152, #2255, #6279, #4865 ) ) ;
#3919 = DIRECTION ( 'NONE',  ( 1.000000000000000000, 0.0000000000000000000, 0.0000000000000000000 ) ) ;
#3920 = VERTEX_POINT ( 'NONE', #5414 ) ;
#3921 = ORIENTED_EDGE ( 'NONE', *, *, #62, .F. ) ;
#3922 = CARTESIAN_POINT ( 'NONE',  ( 1.779999999999999400, 2.929999999999999300, 3.550000000000002500 ) ) ;
#3923 = ORIENTED_EDGE ( 'NONE', *, *, #6565, .T. ) ;
#3924 = VECTOR ( 'NONE', #7268, 1000.000000000000100 ) ;
#3925 = EDGE_CURVE ( 'NONE', #6021, #1003, #726, .T. ) ;
#3926 = CARTESIAN_POINT ( 'NONE',  ( -1.780000000000000200, -5.051668046482832700E-016, 4.124999999999999100 ) ) ;
#3927 = DIRECTION ( 'NONE',  ( 0.0000000000000000000, 0.0000000000000000000, 1.000000000000000000 ) ) ;
#3928 = FACE_OUTER_BOUND ( 'NONE', #1070, .T. ) ;
#3929 = VERTEX_POINT ( 'NONE', #6024 ) ;
#3930 = ORIENTED_EDGE ( 'NONE', *, *, #6769, .F. ) ;
#3931 = LINE ( 'NONE', #7309, #6040 ) ;
#3932 = VECTOR ( 'NONE', #6916, 1000.000000000000000 ) ;
#3933 = LINE ( 'NONE', #3583, #6332 ) ;
#3934 = PLANE ( 'NONE',  #4204 ) ;
#3935 = EDGE_CURVE ( 'NONE', #1475, #2230, #5082, .T. ) ;
#3936 = EDGE_LOOP ( 'NONE', ( #4851, #5404, #38, #895 ) ) ;
#3937 = CARTESIAN_POINT ( 'NONE',  ( -2.290000000000000500, -5.051668046482832700E-016, -4.124999999999999100 ) ) ;
#3938 = ORIENTED_EDGE ( 'NONE', *, *, #1991, .T. ) ;
#3939 = CARTESIAN_POINT ( 'NONE',  ( -8.380000000000000800, 2.679999999999998800, 3.934500000000000300 ) ) ;
#3940 = VECTOR ( 'NONE', #3377, 1000.000000000000000 ) ;
#3941 = CARTESIAN_POINT ( 'NONE',  ( -1.780000000000000200, 2.489499999999999200, 3.934500000000000300 ) ) ;
#3942 = VERTEX_POINT ( 'NONE', #226 ) ;
#3943 = DIRECTION ( 'NONE',  ( 0.0000000000000000000, 0.0000000000000000000, -1.000000000000000000 ) ) ;
#3944 = ORIENTED_EDGE ( 'NONE', *, *, #3305, .T. ) ;
#3945 = DIRECTION ( 'NONE',  ( 0.0000000000000000000, 5.027841771134210700E-016, -1.000000000000000000 ) ) ;
#3946 = LINE ( 'NONE', #1932, #6260 ) ;
#3947 = ORIENTED_EDGE ( 'NONE', *, *, #7094, .F. ) ;
#3948 = AXIS2_PLACEMENT_3D ( 'NONE', #4984, #2654, #3256 ) ;
#3949 = ORIENTED_EDGE ( 'NONE', *, *, #2680, .T. ) ;
#3950 = CARTESIAN_POINT ( 'NONE',  ( 0.2500000000000002200, -3.299999999999999800, 4.124999999999999100 ) ) ;
#3951 = CARTESIAN_POINT ( 'NONE',  ( -2.290000000000000500, 2.489499999999999200, -4.375000000000000000 ) ) ;
#3952 = ORIENTED_EDGE ( 'NONE', *, *, #6814, .F. ) ;
#3953 = ADVANCED_FACE ( 'NONE', ( #6187 ), #5946, .F. ) ;
#3954 = LINE ( 'NONE', #1096, #5884 ) ;
#3955 = EDGE_LOOP ( 'NONE', ( #1292, #6141, #2954, #203, #6366, #183, #2528, #5468, #4755, #3075 ) ) ;
#3956 = EDGE_CURVE ( 'NONE', #5974, #2401, #1001, .T. ) ;
#3957 = DIRECTION ( 'NONE',  ( 0.0000000000000000000, 0.0000000000000000000, -1.000000000000000000 ) ) ;
#3958 = FACE_OUTER_BOUND ( 'NONE', #7252, .T. ) ;
#3959 = CARTESIAN_POINT ( 'NONE',  ( -10.00000000000002300, 2.929999999999999300, 3.550000000000002900 ) ) ;
#3960 = LINE ( 'NONE', #4928, #627 ) ;
#3961 = DIRECTION ( 'NONE',  ( -0.4999999999999977200, -0.8660254037844399300, 1.297447619602005200E-016 ) ) ;
#3962 = LINE ( 'NONE', #6076, #171 ) ;
#3963 = VERTEX_POINT ( 'NONE', #5995 ) ;
#3964 = CARTESIAN_POINT ( 'NONE',  ( -4.695277674973257700, -5.051668046482832700E-016, -4.124999999999999100 ) ) ;
#3965 = AXIS2_PLACEMENT_3D ( 'NONE', #1071, #3912, #1018 ) ;
#3966 = DIRECTION ( 'NONE',  ( 0.8660254037844399300, -0.4999999999999977200, -2.513920885567094000E-016 ) ) ;
#3967 = FACE_OUTER_BOUND ( 'NONE', #4982, .T. ) ;
#3968 = EDGE_LOOP ( 'NONE', ( #2030, #70, #2416, #374 ) ) ;
#3969 = DIRECTION ( 'NONE',  ( 0.0000000000000000000, 5.027841771134210700E-016, 1.000000000000000000 ) ) ;
#3970 = DIRECTION ( 'NONE',  ( -1.000000000000000000, -0.0000000000000000000, 0.0000000000000000000 ) ) ;
#3971 = LINE ( 'NONE', #2061, #4609 ) ;
#3972 = LINE ( 'NONE', #5515, #4529 ) ;
#3973 = ORIENTED_EDGE ( 'NONE', *, *, #5867, .F. ) ;
#3974 = CARTESIAN_POINT ( 'NONE',  ( -6.859999999999999400, 2.679999999999999300, -3.550000000000002500 ) ) ;
#3975 = EDGE_CURVE ( 'NONE', #4064, #5204, #6717, .T. ) ;
#3976 = MANIFOLD_SOLID_BREP ( 'LPattern1[4]', #4091 ) ;
#3977 = VERTEX_POINT ( 'NONE', #1904 ) ;
#3978 = ORIENTED_EDGE ( 'NONE', *, *, #1943, .F. ) ;
#3979 = VECTOR ( 'NONE', #667, 1000.000000000000000 ) ;
#3980 = LINE ( 'NONE', #5891, #5921 ) ;
#3981 = EDGE_CURVE ( 'NONE', #3800, #7058, #3880, .T. ) ;
#3982 = CARTESIAN_POINT ( 'NONE',  ( -2.155277674973256700, -3.794707603699265500E-016, 4.375000000000001800 ) ) ;
#3983 = ADVANCED_FACE ( 'NONE', ( #2096 ), #909, .F. ) ;
#3984 = CARTESIAN_POINT ( 'NONE',  ( 5.839999999999999900, 0.6500000000000025800, 3.934500000000001200 ) ) ;
#3985 = VERTEX_POINT ( 'NONE', #856 ) ;
#3986 = CARTESIAN_POINT ( 'NONE',  ( 6.859999999999999400, 2.489499999999999200, 4.375000000000000000 ) ) ;
#3987 = LINE ( 'NONE', #2365, #651 ) ;
#3988 = DIRECTION ( 'NONE',  ( -0.0000000000000000000, 5.027841771134210700E-016, 1.000000000000000000 ) ) ;
#3989 = LINE ( 'NONE', #5987, #2643 ) ;
#3990 = AXIS2_PLACEMENT_3D ( 'NONE', #250, #4296, #1301 ) ;
#3991 = DIRECTION ( 'NONE',  ( 0.0000000000000000000, 1.000000000000000000, 3.484080088324578000E-016 ) ) ;
#3992 = VECTOR ( 'NONE', #5227, 1000.000000000000000 ) ;
#3993 = LINE ( 'NONE', #5558, #2468 ) ;
#3994 = CARTESIAN_POINT ( 'NONE',  ( 5.839999999999999900, 2.679999999999998800, -3.934500000000000300 ) ) ;
#3995 = VERTEX_POINT ( 'NONE', #2031 ) ;
#3996 = EDGE_CURVE ( 'NONE', #26, #5598, #6283, .T. ) ;
#3997 = LINE ( 'NONE', #6194, #7091 ) ;
#3998 = CARTESIAN_POINT ( 'NONE',  ( -5.840000000000001600, 2.489499999999999200, 4.125000000000000000 ) ) ;
#3999 = CARTESIAN_POINT ( 'NONE',  ( -6.859999999999999400, 2.679999999999998800, -3.934500000000000300 ) ) ;
#4000 = ORIENTED_EDGE ( 'NONE', *, *, #631, .F. ) ;
#4001 = ORIENTED_EDGE ( 'NONE', *, *, #5068, .F. ) ;
#4002 = VERTEX_POINT ( 'NONE', #275 ) ;
#4003 = VECTOR ( 'NONE', #3862, 1000.000000000000000 ) ;
#4004 = DIRECTION ( 'NONE',  ( 0.0000000000000000000, -5.027841771134210700E-016, 1.000000000000000000 ) ) ;
#4005 = VERTEX_POINT ( 'NONE', #352 ) ;
#4006 = AXIS2_PLACEMENT_3D ( 'NONE', #6144, #2647, #6708 ) ;
#4007 = ORIENTED_EDGE ( 'NONE', *, *, #5304, .T. ) ;
#4008 = CARTESIAN_POINT ( 'NONE',  ( -8.380000000000000800, 2.929999999999999300, -3.550000000000002500 ) ) ;
#4009 = DIRECTION ( 'NONE',  ( 0.0000000000000000000, 1.127908631974522500E-015, -1.000000000000000000 ) ) ;
#4010 = EDGE_LOOP ( 'NONE', ( #6950, #468, #4988, #2354 ) ) ;
#4011 = LINE ( 'NONE', #4166, #5949 ) ;
#4012 = DIRECTION ( 'NONE',  ( 0.0000000000000000000, -1.000000000000000000, 6.968160176649155900E-016 ) ) ;
#4013 = ORIENTED_EDGE ( 'NONE', *, *, #2439, .T. ) ;
#4014 = ORIENTED_EDGE ( 'NONE', *, *, #2578, .T. ) ;
#4015 = CARTESIAN_POINT ( 'NONE',  ( -1.780000000000000200, 2.679999999999998800, 3.934500000000000300 ) ) ;
#4016 = CIRCLE ( 'NONE', #1823, 0.4404999999999998900 ) ;
#4017 = DIRECTION ( 'NONE',  ( 0.0000000000000000000, -1.000000000000000000, -1.498163464873311500E-016 ) ) ;
#4018 = FACE_OUTER_BOUND ( 'NONE', #4249, .T. ) ;
#4019 = ORIENTED_EDGE ( 'NONE', *, *, #3193, .F. ) ;
#4020 = EDGE_CURVE ( 'NONE', #1739, #4481, #4985, .T. ) ;
#4021 = CARTESIAN_POINT ( 'NONE',  ( -4.320000000000001200, 0.6500000000000028000, -4.375000000000000900 ) ) ;
#4022 = ORIENTED_EDGE ( 'NONE', *, *, #1147, .T. ) ;
#4023 = CARTESIAN_POINT ( 'NONE',  ( 8.380000000000000800, 2.679999999999998800, -3.934500000000000300 ) ) ;
#4024 = CARTESIAN_POINT ( 'NONE',  ( -5.464722325026745200, -5.051668046482832700E-016, 4.124999999999999100 ) ) ;
#4025 = EDGE_CURVE ( 'NONE', #7500, #6704, #3971, .T. ) ;
#4026 = ORIENTED_EDGE ( 'NONE', *, *, #4420, .F. ) ;
#4027 = VERTEX_POINT ( 'NONE', #5489 ) ;
#4028 = DIRECTION ( 'NONE',  ( -1.000000000000000000, -0.0000000000000000000, -0.0000000000000000000 ) ) ;
#4029 = FACE_OUTER_BOUND ( 'NONE', #961, .T. ) ;
#4030 = EDGE_LOOP ( 'NONE', ( #7011, #4732, #2160, #6063 ) ) ;
#4031 = DIRECTION ( 'NONE',  ( -1.000000000000000000, -0.0000000000000000000, -0.0000000000000000000 ) ) ;
#4032 = AXIS2_PLACEMENT_3D ( 'NONE', #1706, #2905, #4035 ) ;
#4033 = ADVANCED_FACE ( 'NONE', ( #2895 ), #4962, .T. ) ;
#4034 = EDGE_LOOP ( 'NONE', ( #2237, #5213, #878, #6084 ) ) ;
#4035 = DIRECTION ( 'NONE',  ( 0.0000000000000000000, 0.0000000000000000000, -1.000000000000000000 ) ) ;
#4036 = DIRECTION ( 'NONE',  ( 0.8660254037844405900, 0.4999999999999967200, -2.513920885567089100E-016 ) ) ;
#4037 = VECTOR ( 'NONE', #4889, 1000.000000000000000 ) ;
#4038 = EDGE_LOOP ( 'NONE', ( #4885, #970, #340, #2893, #2738, #3266, #642, #1608 ) ) ;
#4039 = ORIENTED_EDGE ( 'NONE', *, *, #1379, .T. ) ;
#4040 = DIRECTION ( 'NONE',  ( 0.0000000000000000000, 0.0000000000000000000, -1.000000000000000000 ) ) ;
#4041 = VERTEX_POINT ( 'NONE', #6121 ) ;
#4042 = EDGE_CURVE ( 'NONE', #1227, #5670, #4061, .T. ) ;
#4043 = MECHANICAL_DESIGN_GEOMETRIC_PRESENTATION_REPRESENTATION (  '', ( #5619 ), #662 ) ;
#4044 = CARTESIAN_POINT ( 'NONE',  ( -3.300000000000000700, 2.489499999999999200, -3.934500000000000300 ) ) ;
#4045 = CARTESIAN_POINT ( 'NONE',  ( 5.839999999999999900, 2.929999999999999300, -3.934500000000000300 ) ) ;
#4046 = LINE ( 'NONE', #7129, #2526 ) ;
#4047 = SHAPE_DEFINITION_REPRESENTATION ( #3723, #3795 ) ;
#4048 = EDGE_LOOP ( 'NONE', ( #7492, #7386, #6979, #7243 ) ) ;
#4049 = PLANE ( 'NONE',  #5557 ) ;
#4050 = VECTOR ( 'NONE', #5406, 1000.000000000000000 ) ;
#4051 =( GEOMETRIC_REPRESENTATION_CONTEXT ( 3 ) GLOBAL_UNCERTAINTY_ASSIGNED_CONTEXT ( ( #649 ) ) GLOBAL_UNIT_ASSIGNED_CONTEXT ( ( #5972, #328, #2655 ) ) REPRESENTATION_CONTEXT ( 'NONE', 'WORKASPACE' ) );
#4052 = LINE ( 'NONE', #4804, #988 ) ;
#4053 = LINE ( 'NONE', #4871, #1727 ) ;
#4054 = EDGE_LOOP ( 'NONE', ( #4930, #6329, #3676, #2909 ) ) ;
#4055 = DIRECTION ( 'NONE',  ( 1.000000000000000000, 0.0000000000000000000, 0.0000000000000000000 ) ) ;
#4056 = VERTEX_POINT ( 'NONE', #879 ) ;
#4057 = CARTESIAN_POINT ( 'NONE',  ( 5.330000000000000100, 2.489499999999999200, 4.375000000000000000 ) ) ;
#4058 = ADVANCED_FACE ( 'NONE', ( #6905 ), #6049, .F. ) ;
#4059 = DIRECTION ( 'NONE',  ( -0.4999999999999977200, -0.8660254037844399300, 1.297447619602005200E-016 ) ) ;
#4060 = DIRECTION ( 'NONE',  ( 0.0000000000000000000, -1.000000000000000000, -1.498163464873311700E-016 ) ) ;
#4061 = LINE ( 'NONE', #7228, #1540 ) ;
#4062 = PLANE ( 'NONE',  #2517 ) ;
#4063 = VECTOR ( 'NONE', #6489, 1000.000000000000000 ) ;
#4064 = VERTEX_POINT ( 'NONE', #4299 ) ;
#4065 = DIRECTION ( 'NONE',  ( 0.0000000000000000000, 0.0000000000000000000, -1.000000000000000000 ) ) ;
#4066 = PRESENTATION_LAYER_ASSIGNMENT (  '', '', ( #2775 ) ) ;
#4067 = ADVANCED_FACE ( 'NONE', ( #3072 ), #3699, .T. ) ;
#4068 = EDGE_LOOP ( 'NONE', ( #3855, #6147, #949, #6396 ) ) ;
#4069 = CARTESIAN_POINT ( 'NONE',  ( -8.380000000000000800, 0.6500000000000048000, 4.375000000000000900 ) ) ;
#4070 = CYLINDRICAL_SURFACE ( 'NONE', #766, 0.1904999999999997000 ) ;
#4071 = CARTESIAN_POINT ( 'NONE',  ( -5.464722325026745200, -4.456522286123197600E-016, 4.375000000000000000 ) ) ;
#4072 = DIRECTION ( 'NONE',  ( 0.0000000000000000000, 1.000000000000000000, -3.484080088324578000E-016 ) ) ;
#4073 = CARTESIAN_POINT ( 'NONE',  ( 10.00000000000000200, 2.929999999999999300, -3.549999999999997200 ) ) ;
#4074 = ADVANCED_FACE ( 'NONE', ( #1734 ), #7146, .T. ) ;
#4075 = EDGE_CURVE ( 'NONE', #2434, #3017, #1342, .T. ) ;
#4076 = ORIENTED_EDGE ( 'NONE', *, *, #5069, .F. ) ;
#4077 = ORIENTED_EDGE ( 'NONE', *, *, #3868, .F. ) ;
#4078 = LINE ( 'NONE', #5373, #645 ) ;
#4079 = DIRECTION ( 'NONE',  ( -1.000000000000000000, -0.0000000000000000000, 0.0000000000000000000 ) ) ;
#4080 = ORIENTED_EDGE ( 'NONE', *, *, #6429, .T. ) ;
#4081 = FACE_OUTER_BOUND ( 'NONE', #2924, .T. ) ;
#4082 = AXIS2_PLACEMENT_3D ( 'NONE', #5262, #1257, #4746 ) ;
#4083 = EDGE_LOOP ( 'NONE', ( #7001, #5550, #83, #4847, #4336, #278, #4657, #76, #7283, #2699 ) ) ;
#4084 = FACE_OUTER_BOUND ( 'NONE', #6414, .T. ) ;
#4085 = DIRECTION ( 'NONE',  ( 0.0000000000000000000, 0.0000000000000000000, -1.000000000000000000 ) ) ;
#4086 = VECTOR ( 'NONE', #1561, 1000.000000000000000 ) ;
#4087 = SURFACE_STYLE_FILL_AREA ( #6030 ) ;
#4088 = DIRECTION ( 'NONE',  ( 0.0000000000000000000, 5.027841771134210700E-016, 1.000000000000000000 ) ) ;
#4089 = VECTOR ( 'NONE', #2897, 1000.000000000000000 ) ;
#4090 = CARTESIAN_POINT ( 'NONE',  ( -0.7600000000000002300, 2.679999999999999300, -3.550000000000002500 ) ) ;
#4091 = CLOSED_SHELL ( 'NONE', ( #6391, #4308, #2829, #5126, #5285, #3319, #4350, #3525, #133, #3580, #2410, #4495, #143, #3019, #3983, #697 ) ) ;
#4092 = DIRECTION ( 'NONE',  ( 0.0000000000000000000, 0.0000000000000000000, 1.000000000000000000 ) ) ;
#4093 = AXIS2_PLACEMENT_3D ( 'NONE', #646, #3476, #5194 ) ;
#4094 = EDGE_LOOP ( 'NONE', ( #1423, #1651, #5711, #335 ) ) ;
#4095 = ORIENTED_EDGE ( 'NONE', *, *, #2579, .T. ) ;
#4096 = EDGE_CURVE ( 'NONE', #7401, #2900, #1178, .T. ) ;
#4097 = CARTESIAN_POINT ( 'NONE',  ( -6.859999999999999400, 0.6500000000000026900, -4.124999999999999100 ) ) ;
#4098 = DIRECTION ( 'NONE',  ( -1.000000000000000000, -0.0000000000000000000, 0.0000000000000000000 ) ) ;
#4099 = DIRECTION ( 'NONE',  ( -0.0000000000000000000, -1.734723475976793500E-015, 1.000000000000000000 ) ) ;
#4100 = EDGE_LOOP ( 'NONE', ( #6567, #1615, #3138, #2392 ) ) ;
#4101 = VERTEX_POINT ( 'NONE', #3370 ) ;
#4102 = ORIENTED_EDGE ( 'NONE', *, *, #5243, .T. ) ;
#4103 = EDGE_CURVE ( 'NONE', #5767, #5028, #2184, .T. ) ;
#4104 = ADVANCED_FACE ( 'NONE', ( #5346 ), #3934, .F. ) ;
#4105 = LINE ( 'NONE', #779, #4654 ) ;
#4106 = FACE_OUTER_BOUND ( 'NONE', #2273, .T. ) ;
#4107 = ORIENTED_EDGE ( 'NONE', *, *, #6957, .T. ) ;
#4108 = ADVANCED_FACE ( 'NONE', ( #633 ), #7436, .F. ) ;
#4109 = AXIS2_PLACEMENT_3D ( 'NONE', #3522, #727, #3602 ) ;
#4110 = DIRECTION ( 'NONE',  ( 0.0000000000000000000, 0.0000000000000000000, -1.000000000000000000 ) ) ;
#4111 = CARTESIAN_POINT ( 'NONE',  ( 4.829999999999999200, -4.336808689942017700E-016, -3.934500000000001200 ) ) ;
#4112 = VECTOR ( 'NONE', #2860, 1000.000000000000000 ) ;
#4113 = VERTEX_POINT ( 'NONE', #2185 ) ;
#4114 = DIRECTION ( 'NONE',  ( 0.0000000000000000000, 1.127908631974522500E-015, 1.000000000000000000 ) ) ;
#4115 = ORIENTED_EDGE ( 'NONE', *, *, #7295, .F. ) ;
#4116 = DIRECTION ( 'NONE',  ( -1.000000000000000000, -0.0000000000000000000, 0.0000000000000000000 ) ) ;
#4117 = DIRECTION ( 'NONE',  ( 0.0000000000000000000, 1.000000000000000000, -1.498163464873311500E-016 ) ) ;
#4118 = VECTOR ( 'NONE', #3762, 1000.000000000000000 ) ;
#4119 = COLOUR_RGB ( '',0.7921568627450980000, 0.8196078431372548800, 0.9333333333333333500 ) ;
#4120 = CARTESIAN_POINT ( 'NONE',  ( -3.300000000000000700, 2.679999999999998800, 3.934500000000000300 ) ) ;
#4121 = EDGE_CURVE ( 'NONE', #875, #7217, #908, .T. ) ;
#4122 = VERTEX_POINT ( 'NONE', #6823 ) ;
#4123 =( LENGTH_UNIT ( ) NAMED_UNIT ( * ) SI_UNIT ( .MILLI., .METRE. ) );
#4124 = DIRECTION ( 'NONE',  ( -0.0000000000000000000, 5.027841771134210700E-016, 1.000000000000000000 ) ) ;
#4125 = CARTESIAN_POINT ( 'NONE',  ( -6.859999999999999400, 2.489499999999999200, -3.934500000000000300 ) ) ;
#4126 = ORIENTED_EDGE ( 'NONE', *, *, #2960, .F. ) ;
#4127 = EDGE_CURVE ( 'NONE', #5669, #5885, #2, .T. ) ;
#4128 = LINE ( 'NONE', #663, #5060 ) ;
#4129 = DIRECTION ( 'NONE',  ( 0.0000000000000000000, -1.000000000000000000, 6.968160176649155900E-016 ) ) ;
#4130 = ORIENTED_EDGE ( 'NONE', *, *, #6188, .F. ) ;
#4131 = VERTEX_POINT ( 'NONE', #5011 ) ;
#4132 = CARTESIAN_POINT ( 'NONE',  ( -3.300000000000000700, -5.051668046482832700E-016, 4.124999999999999100 ) ) ;
#4133 = EDGE_CURVE ( 'NONE', #2671, #1779, #2440, .T. ) ;
#4134 = ORIENTED_EDGE ( 'NONE', *, *, #201, .F. ) ;
#4135 = DIRECTION ( 'NONE',  ( 0.0000000000000000000, -1.000000000000000000, 0.0000000000000000000 ) ) ;
#4136 = CARTESIAN_POINT ( 'NONE',  ( 0.7600000000000002300, 2.679999999999999300, -3.550000000000002500 ) ) ;
#4137 = VECTOR ( 'NONE', #1202, 1000.000000000000000 ) ;
#4138 = ORIENTED_EDGE ( 'NONE', *, *, #4610, .F. ) ;
#4139 = CARTESIAN_POINT ( 'NONE',  ( 9.714314080235352500, 0.5100000000000000100, -3.264314080235347400 ) ) ;
#4140 = CARTESIAN_POINT ( 'NONE',  ( 8.380000000000000800, 2.489499999999999200, 3.934500000000000300 ) ) ;
#4141 = ADVANCED_FACE ( 'NONE', ( #2807 ), #7318, .F. ) ;
#4142 = DIRECTION ( 'NONE',  ( 1.000000000000000000, 0.0000000000000000000, -0.0000000000000000000 ) ) ;
#4143 = VECTOR ( 'NONE', #595, 1000.000000000000000 ) ;
#4144 = FACE_OUTER_BOUND ( 'NONE', #2874, .T. ) ;
#4145 = VECTOR ( 'NONE', #1120, 1000.000000000000000 ) ;
#4146 = ORIENTED_EDGE ( 'NONE', *, *, #1813, .T. ) ;
#4147 = EDGE_CURVE ( 'NONE', #1134, #7449, #5171, .T. ) ;
#4148 = CARTESIAN_POINT ( 'NONE',  ( -4.320000000000001200, 2.679999999999999300, -3.550000000000002500 ) ) ;
#4149 = CARTESIAN_POINT ( 'NONE',  ( -0.2500000000000002200, -3.299999999999999800, -4.124999999999999100 ) ) ;
#4150 = DIRECTION ( 'NONE',  ( -0.0000000000000000000, 1.000000000000000000, 1.498163464873311500E-016 ) ) ;
#4151 = ADVANCED_FACE ( 'NONE', ( #2712 ), #2163, .F. ) ;
#4152 = ORIENTED_EDGE ( 'NONE', *, *, #2925, .F. ) ;
#4153 = VECTOR ( 'NONE', #6035, 1000.000000000000000 ) ;
#4154 = LINE ( 'NONE', #1030, #7063 ) ;
#4155 = ORIENTED_EDGE ( 'NONE', *, *, #7005, .F. ) ;
#4156 = DIRECTION ( 'NONE',  ( 0.0000000000000000000, 0.0000000000000000000, 1.000000000000000000 ) ) ;
#4157 = EDGE_LOOP ( 'NONE', ( #3639, #2511, #406, #7195 ) ) ;
#4158 = PRESENTATION_LAYER_ASSIGNMENT (  '', '', ( #7426 ) ) ;
#4159 = CARTESIAN_POINT ( 'NONE',  ( -7.370000000000000100, -3.299999999999999800, 4.124999999999999100 ) ) ;
#4160 = FACE_OUTER_BOUND ( 'NONE', #6792, .T. ) ;
#4161 = LINE ( 'NONE', #3859, #2817 ) ;
#4162 = ORIENTED_EDGE ( 'NONE', *, *, #977, .T. ) ;
#4163 = CARTESIAN_POINT ( 'NONE',  ( 8.380000000000000800, 2.489499999999999200, -4.125000000000000000 ) ) ;
#4164 = EDGE_LOOP ( 'NONE', ( #1925, #3257, #2503, #496 ) ) ;
#4165 = VERTEX_POINT ( 'NONE', #4427 ) ;
#4166 = CARTESIAN_POINT ( 'NONE',  ( 10.00000000000000400, 2.929999999999999300, 3.550000000000002500 ) ) ;
#4167 = DIRECTION ( 'NONE',  ( -1.000000000000000000, -0.0000000000000000000, -0.0000000000000000000 ) ) ;
#4168 = EDGE_CURVE ( 'NONE', #4759, #7412, #3065, .T. ) ;
#4169 = VERTEX_POINT ( 'NONE', #1541 ) ;
#4170 = LINE ( 'NONE', #4727, #7162 ) ;
#4171 = CARTESIAN_POINT ( 'NONE',  ( 7.870000000000000100, 2.489499999999999200, -3.934500000000000300 ) ) ;
#4172 = AXIS2_PLACEMENT_3D ( 'NONE', #840, #4406, #4967 ) ;
#4173 = VECTOR ( 'NONE', #5367, 1000.000000000000000 ) ;
#4174 = ORIENTED_EDGE ( 'NONE', *, *, #2341, .F. ) ;
#4175 = LINE ( 'NONE', #2342, #4910 ) ;
#4176 = VECTOR ( 'NONE', #1562, 1000.000000000000000 ) ;
#4177 = DIRECTION ( 'NONE',  ( -0.0000000000000000000, 1.000000000000000000, 1.127908631974522500E-015 ) ) ;
#4178 = EDGE_CURVE ( 'NONE', #5944, #3400, #3606, .T. ) ;
#4179 = VECTOR ( 'NONE', #2020, 1000.000000000000000 ) ;
#4180 = EDGE_LOOP ( 'NONE', ( #5689, #2795, #2589, #5261 ) ) ;
#4181 = DIRECTION ( 'NONE',  ( 1.000000000000000000, 0.0000000000000000000, -1.897542191401455100E-016 ) ) ;
#4182 = COLOUR_RGB ( '',0.7921568627450980000, 0.8196078431372548800, 0.9333333333333333500 ) ;
#4183 = ADVANCED_FACE ( 'NONE', ( #6975 ), #5623, .F. ) ;
#4184 = PLANE ( 'NONE',  #3139 ) ;
#4185 = ORIENTED_EDGE ( 'NONE', *, *, #6913, .F. ) ;
#4186 = DIRECTION ( 'NONE',  ( 0.0000000000000000000, 0.0000000000000000000, -1.000000000000000000 ) ) ;
#4187 = FACE_OUTER_BOUND ( 'NONE', #4048, .T. ) ;
#4188 = PLANE ( 'NONE',  #4436 ) ;
#4189 = ORIENTED_EDGE ( 'NONE', *, *, #6347, .T. ) ;
#4190 = ORIENTED_EDGE ( 'NONE', *, *, #3641, .T. ) ;
#4191 = LINE ( 'NONE', #1467, #7019 ) ;
#4192 = SURFACE_SIDE_STYLE ('',( #554 ) ) ;
#4193 = ORIENTED_EDGE ( 'NONE', *, *, #1612, .T. ) ;
#4194 = CARTESIAN_POINT ( 'NONE',  ( -5.840000000000001600, 2.489499999999999200, 4.375000000000000000 ) ) ;
#4195 = ORIENTED_EDGE ( 'NONE', *, *, #7131, .F. ) ;
#4196 = ORIENTED_EDGE ( 'NONE', *, *, #2257, .T. ) ;
#4197 = LINE ( 'NONE', #7016, #3656 ) ;
#4198 = CARTESIAN_POINT ( 'NONE',  ( 7.870000000000000100, 2.679999999999999300, -3.550000000000002500 ) ) ;
#4199 = VERTEX_POINT ( 'NONE', #7344 ) ;
#4200 = CARTESIAN_POINT ( 'NONE',  ( 7.235277674973255900, -5.051668046482832700E-016, 4.124999999999999100 ) ) ;
#4201 = SURFACE_STYLE_USAGE ( .BOTH. , #2536 ) ;
#4202 = CARTESIAN_POINT ( 'NONE',  ( -2.924722325026744700, -4.456522286123197600E-016, 4.375000000000000000 ) ) ;
#4203 = LINE ( 'NONE', #1239, #6413 ) ;
#4204 = AXIS2_PLACEMENT_3D ( 'NONE', #482, #2138, #3833 ) ;
#4205 = ORIENTED_EDGE ( 'NONE', *, *, #2750, .F. ) ;
#4206 = ORIENTED_EDGE ( 'NONE', *, *, #636, .T. ) ;
#4207 = CARTESIAN_POINT ( 'NONE',  ( 0.2500000000000002200, 2.679999999999999300, -3.550000000000002500 ) ) ;
#4208 = EDGE_CURVE ( 'NONE', #3929, #4389, #1336, .T. ) ;
#4209 = EDGE_LOOP ( 'NONE', ( #3200, #594, #2144, #1446 ) ) ;
#4210 = CARTESIAN_POINT ( 'NONE',  ( 6.859999999999999400, 2.679999999999999300, 3.550000000000002500 ) ) ;
#4211 = AXIS2_PLACEMENT_3D ( 'NONE', #6645, #5998, #2510 ) ;
#4212 = CARTESIAN_POINT ( 'NONE',  ( -10.00000000000002300, 2.679999999999999300, 3.550000000000002900 ) ) ;
#4213 = DIRECTION ( 'NONE',  ( 0.0000000000000000000, -5.027841771134210700E-016, 1.000000000000000000 ) ) ;
#4214 = DIRECTION ( 'NONE',  ( 0.0000000000000000000, 0.0000000000000000000, 1.000000000000000000 ) ) ;
#4215 = VERTEX_POINT ( 'NONE', #5782 ) ;
#4216 = CARTESIAN_POINT ( 'NONE',  ( -0.7600000000000002300, 0.6500000000000045700, 3.934500000000001200 ) ) ;
#4217 = ADVANCED_FACE ( 'NONE', ( #3250 ), #31, .F. ) ;
#4218 = CARTESIAN_POINT ( 'NONE',  ( 5.839999999999999900, -3.794707603699265500E-016, 4.375000000000001800 ) ) ;
#4219 = ORIENTED_EDGE ( 'NONE', *, *, #6579, .F. ) ;
#4220 = EDGE_CURVE ( 'NONE', #999, #5885, #5901, .T. ) ;
#4221 = CARTESIAN_POINT ( 'NONE',  ( 10.00000000000000400, 2.679999999999999300, 3.550000000000002500 ) ) ;
#4222 = PLANE ( 'NONE',  #7334 ) ;
#4223 = EDGE_LOOP ( 'NONE', ( #5922, #6550, #6633, #3478, #5560, #1321, #1254, #4961, #4535, #2317 ) ) ;
#4224 = EDGE_LOOP ( 'NONE', ( #5039, #2233, #3390, #1279 ) ) ;
#4225 = CARTESIAN_POINT ( 'NONE',  ( 6.859999999999999400, 0.6500000000000045700, -3.934500000000001200 ) ) ;
#4226 = ADVANCED_FACE ( 'NONE', ( #1432 ), #2327, .T. ) ;
#4227 = EDGE_CURVE ( 'NONE', #3963, #5306, #5423, .T. ) ;
#4228 = ADVANCED_FACE ( 'NONE', ( #1531 ), #6986, .T. ) ;
#4229 = VERTEX_POINT ( 'NONE', #101 ) ;
#4230 = ORIENTED_EDGE ( 'NONE', *, *, #2783, .T. ) ;
#4231 = FACE_OUTER_BOUND ( 'NONE', #2872, .T. ) ;
#4232 = ADVANCED_FACE ( 'NONE', ( #178 ), #2501, .F. ) ;
#4233 = VECTOR ( 'NONE', #2722, 1000.000000000000000 ) ;
#4234 = EDGE_LOOP ( 'NONE', ( #5878, #2970, #2992, #2313, #6247, #6695, #3812, #470, #3565, #6997 ) ) ;
#4235 = DIRECTION ( 'NONE',  ( -1.000000000000000000, -0.0000000000000000000, 0.0000000000000000000 ) ) ;
#4236 = DIRECTION ( 'NONE',  ( 1.000000000000000000, 0.0000000000000000000, -0.0000000000000000000 ) ) ;
#4237 = VECTOR ( 'NONE', #5660, 999.9999999999998900 ) ;
#4238 = CARTESIAN_POINT ( 'NONE',  ( 4.319999999999999400, 2.679999999999999300, 3.550000000000002500 ) ) ;
#4239 = FACE_OUTER_BOUND ( 'NONE', #5067, .T. ) ;
#4240 = VECTOR ( 'NONE', #4956, 1000.000000000000000 ) ;
#4241 = VERTEX_POINT ( 'NONE', #6557 ) ;
#4242 = DIRECTION ( 'NONE',  ( 0.0000000000000000000, 1.000000000000000000, -3.484080088324578000E-016 ) ) ;
#4243 = ORIENTED_EDGE ( 'NONE', *, *, #6496, .F. ) ;
#4244 = VECTOR ( 'NONE', #736, 1000.000000000000000 ) ;
#4245 = AXIS2_PLACEMENT_3D ( 'NONE', #7242, #213, #3717 ) ;
#4246 = CARTESIAN_POINT ( 'NONE',  ( 5.330000000000000100, 2.929999999999999300, 3.550000000000002500 ) ) ;
#4247 = DIRECTION ( 'NONE',  ( 0.0000000000000000000, 1.127908631974522500E-015, 1.000000000000000000 ) ) ;
#4248 = LINE ( 'NONE', #7036, #4063 ) ;
#4249 = EDGE_LOOP ( 'NONE', ( #2456, #1691, #2985, #6328 ) ) ;
#4250 = EDGE_CURVE ( 'NONE', #4648, #5513, #5336, .T. ) ;
#4251 = ORIENTED_EDGE ( 'NONE', *, *, #4964, .T. ) ;
#4252 = EDGE_CURVE ( 'NONE', #3128, #4846, #2619, .T. ) ;
#4253 = ORIENTED_EDGE ( 'NONE', *, *, #448, .F. ) ;
#4254 = VECTOR ( 'NONE', #6996, 1000.000000000000100 ) ;
#4255 = VECTOR ( 'NONE', #6205, 1000.000000000000000 ) ;
#4256 = EDGE_CURVE ( 'NONE', #5857, #1678, #2975, .T. ) ;
#4257 = AXIS2_PLACEMENT_3D ( 'NONE', #1286, #5866, #2360 ) ;
#4258 = CARTESIAN_POINT ( 'NONE',  ( -2.290000000000000500, 2.929999999999999300, -3.550000000000002500 ) ) ;
#4259 = DIRECTION ( 'NONE',  ( 0.0000000000000000000, 0.0000000000000000000, 1.000000000000000000 ) ) ;
#4260 = ORIENTED_EDGE ( 'NONE', *, *, #6560, .T. ) ;
#4261 = CARTESIAN_POINT ( 'NONE',  ( 7.870000000000000100, 2.489499999999999200, -4.125000000000000000 ) ) ;
#4262 = VERTEX_POINT ( 'NONE', #3121 ) ;
#4263 = LINE ( 'NONE', #4795, #6736 ) ;
#4264 = ORIENTED_EDGE ( 'NONE', *, *, #7397, .F. ) ;
#4265 = ADVANCED_FACE ( 'NONE', ( #5614 ), #1366, .F. ) ;
#4266 = LINE ( 'NONE', #2914, #2645 ) ;
#4267 = CARTESIAN_POINT ( 'NONE',  ( 3.299999999999999800, 2.679999999999999300, -3.550000000000002500 ) ) ;
#4268 = DIRECTION ( 'NONE',  ( 0.0000000000000000000, 1.000000000000000000, 0.0000000000000000000 ) ) ;
#4269 = PLANE ( 'NONE',  #5983 ) ;
#4270 = EDGE_CURVE ( 'NONE', #1815, #3329, #3788, .T. ) ;
#4271 = ORIENTED_EDGE ( 'NONE', *, *, #6469, .F. ) ;
#4272 = VECTOR ( 'NONE', #6941, 1000.000000000000000 ) ;
#4273 = EDGE_CURVE ( 'NONE', #4351, #4428, #1258, .T. ) ;
#4274 = FACE_OUTER_BOUND ( 'NONE', #4496, .T. ) ;
#4275 = EDGE_CURVE ( 'NONE', #4445, #5672, #544, .T. ) ;
#4276 = DIRECTION ( 'NONE',  ( 0.0000000000000000000, 0.0000000000000000000, 1.000000000000000000 ) ) ;
#4277 = ADVANCED_FACE ( 'NONE', ( #7338 ), #3653, .F. ) ;
#4278 = COLOUR_RGB ( '',0.7921568627450980000, 0.8196078431372548800, 0.9333333333333333500 ) ;
#4279 = LINE ( 'NONE', #1089, #4720 ) ;
#4280 = PLANE ( 'NONE',  #4286 ) ;
#4281 = DIRECTION ( 'NONE',  ( -1.000000000000000000, -0.0000000000000000000, -0.0000000000000000000 ) ) ;
#4282 = ORIENTED_EDGE ( 'NONE', *, *, #1545, .F. ) ;
#4283 = PLANE ( 'NONE',  #7120 ) ;
#4284 = DIRECTION ( 'NONE',  ( 0.0000000000000000000, 0.0000000000000000000, -1.000000000000000000 ) ) ;
#4285 = CARTESIAN_POINT ( 'NONE',  ( 6.859999999999999400, 2.929999999999999300, 3.934500000000000300 ) ) ;
#4286 = AXIS2_PLACEMENT_3D ( 'NONE', #807, #5951, #3086 ) ;
#4287 = CARTESIAN_POINT ( 'NONE',  ( 2.790000000000000000, 2.679999999999999300, -3.550000000000002500 ) ) ;
#4288 = ORIENTED_EDGE ( 'NONE', *, *, #883, .T. ) ;
#4289 = DIRECTION ( 'NONE',  ( 0.0000000000000000000, -1.000000000000000000, -1.498163464873311700E-016 ) ) ;
#4290 = VECTOR ( 'NONE', #4803, 1000.000000000000000 ) ;
#4291 = ORIENTED_EDGE ( 'NONE', *, *, #4479, .T. ) ;
#4292 = DIRECTION ( 'NONE',  ( 0.0000000000000000000, -1.000000000000000000, -1.498163464873311700E-016 ) ) ;
#4293 = ORIENTED_EDGE ( 'NONE', *, *, #6841, .F. ) ;
#4294 = CARTESIAN_POINT ( 'NONE',  ( -5.840000000000001600, 2.929999999999999300, 3.550000000000002500 ) ) ;
#4295 = LINE ( 'NONE', #1226, #957 ) ;
#4296 = DIRECTION ( 'NONE',  ( 0.8660254037844399300, -0.4999999999999977200, 2.513920885567094000E-016 ) ) ;
#4297 = FACE_OUTER_BOUND ( 'NONE', #7048, .T. ) ;
#4298 = ORIENTED_EDGE ( 'NONE', *, *, #2732, .F. ) ;
#4299 = CARTESIAN_POINT ( 'NONE',  ( 7.870000000000000100, -3.299999999999999800, -4.124999999999999100 ) ) ;
#4300 =( GEOMETRIC_REPRESENTATION_CONTEXT ( 3 ) GLOBAL_UNCERTAINTY_ASSIGNED_CONTEXT ( ( #983 ) ) GLOBAL_UNIT_ASSIGNED_CONTEXT ( ( #339, #2093, #6785 ) ) REPRESENTATION_CONTEXT ( 'NONE', 'WORKASPACE' ) );
#4301 = CARTESIAN_POINT ( 'NONE',  ( -4.320000000000001200, 2.489499999999999200, -4.125000000000000000 ) ) ;
#4302 = VECTOR ( 'NONE', #3471, 1000.000000000000000 ) ;
#4303 = EDGE_CURVE ( 'NONE', #7368, #2358, #2270, .T. ) ;
#4304 = VECTOR ( 'NONE', #7102, 1000.000000000000000 ) ;
#4305 = EDGE_LOOP ( 'NONE', ( #1636, #1648, #2945, #2162, #4664, #4618, #5796, #5044, #732, #2090 ) ) ;
#4306 = PLANE ( 'NONE',  #6490 ) ;
#4307 = CARTESIAN_POINT ( 'NONE',  ( 0.2500000000000002200, 4.336808689942017700E-016, -4.375000000000000000 ) ) ;
#4308 = ADVANCED_FACE ( 'NONE', ( #1090 ), #1960, .F. ) ;
#4309 = CARTESIAN_POINT ( 'NONE',  ( -0.2500000000000002200, -4.336808689942017700E-016, 3.934500000000001200 ) ) ;
#4310 = AXIS2_PLACEMENT_3D ( 'NONE', #6566, #761, #2506 ) ;
#4311 = LINE ( 'NONE', #379, #152 ) ;
#4312 = VERTEX_POINT ( 'NONE', #194 ) ;
#4313 = CARTESIAN_POINT ( 'NONE',  ( -9.428628160470724500, 4.669999999999997300, 0.8900000000000004600 ) ) ;
#4314 = EDGE_LOOP ( 'NONE', ( #3109, #5695, #3434, #2978 ) ) ;
#4315 = ORIENTED_EDGE ( 'NONE', *, *, #5413, .F. ) ;
#4316 = DIRECTION ( 'NONE',  ( 1.000000000000000000, 0.0000000000000000000, 0.0000000000000000000 ) ) ;
#4317 = ADVANCED_FACE ( 'NONE', ( #5991 ), #752, .F. ) ;
#4318 = CARTESIAN_POINT ( 'NONE',  ( 4.319999999999999400, 2.679999999999998800, 3.934500000000000300 ) ) ;
#4319 = VECTOR ( 'NONE', #1604, 1000.000000000000000 ) ;
#4320 = EDGE_CURVE ( 'NONE', #3228, #2563, #6709, .T. ) ;
#4321 = ORIENTED_EDGE ( 'NONE', *, *, #5071, .T. ) ;
#4322 = AXIS2_PLACEMENT_3D ( 'NONE', #3265, #3915, #2143 ) ;
#4323 = DIRECTION ( 'NONE',  ( 1.000000000000000000, 0.0000000000000000000, -0.0000000000000000000 ) ) ;
#4324 = EDGE_CURVE ( 'NONE', #583, #3203, #4430, .T. ) ;
#4325 = EDGE_LOOP ( 'NONE', ( #6321, #4670, #2225, #6812, #4264, #4107, #4816, #1067, #466, #6962 ) ) ;
#4326 = CARTESIAN_POINT ( 'NONE',  ( -4.830000000000001000, 2.929999999999999300, 3.550000000000002500 ) ) ;
#4327 = EDGE_CURVE ( 'NONE', #3681, #924, #2524, .T. ) ;
#4328 = ORIENTED_EDGE ( 'NONE', *, *, #4698, .T. ) ;
#4329 = DIRECTION ( 'NONE',  ( 0.0000000000000000000, -5.027841771134210700E-016, -1.000000000000000000 ) ) ;
#4330 = DIRECTION ( 'NONE',  ( 0.0000000000000000000, 0.0000000000000000000, -1.000000000000000000 ) ) ;
#4331 = CARTESIAN_POINT ( 'NONE',  ( -1.780000000000000200, -3.794707603699265500E-016, 4.375000000000001800 ) ) ;
#4332 = ORIENTED_EDGE ( 'NONE', *, *, #2774, .T. ) ;
#4333 = DIRECTION ( 'NONE',  ( 0.0000000000000000000, -0.0000000000000000000, -1.000000000000000000 ) ) ;
#4334 = VECTOR ( 'NONE', #813, 1000.000000000000000 ) ;
#4335 = CARTESIAN_POINT ( 'NONE',  ( -1.780000000000000200, 2.929999999999999300, -3.934500000000000300 ) ) ;
#4336 = ORIENTED_EDGE ( 'NONE', *, *, #304, .F. ) ;
#4337 = ORIENTED_EDGE ( 'NONE', *, *, #4911, .F. ) ;
#4338 = CARTESIAN_POINT ( 'NONE',  ( -7.870000000000000100, 2.489499999999999200, 4.125000000000000000 ) ) ;
#4339 = CARTESIAN_POINT ( 'NONE',  ( 2.790000000000000000, 2.489499999999999200, -4.375000000000000000 ) ) ;
#4340 = VECTOR ( 'NONE', #4451, 1000.000000000000000 ) ;
#4341 = CARTESIAN_POINT ( 'NONE',  ( -2.290000000000000500, 2.679999999999998800, -3.934500000000000300 ) ) ;
#4342 = LINE ( 'NONE', #5834, #1735 ) ;
#4343 = EDGE_LOOP ( 'NONE', ( #2336, #542, #219, #7288 ) ) ;
#4344 = ORIENTED_EDGE ( 'NONE', *, *, #7123, .F. ) ;
#4345 = DIRECTION ( 'NONE',  ( 0.0000000000000000000, 0.0000000000000000000, 1.000000000000000000 ) ) ;
#4346 = LINE ( 'NONE', #1524, #2730 ) ;
#4347 = FACE_OUTER_BOUND ( 'NONE', #3299, .T. ) ;
#4348 = ORIENTED_EDGE ( 'NONE', *, *, #4320, .F. ) ;
#4349 = CARTESIAN_POINT ( 'NONE',  ( 4.319999999999999400, 2.929999999999999300, 3.550000000000002500 ) ) ;
#4350 = ADVANCED_FACE ( 'NONE', ( #4694 ), #4953, .F. ) ;
#4351 = VERTEX_POINT ( 'NONE', #4978 ) ;
#4352 = LINE ( 'NONE', #2584, #3581 ) ;
#4353 = AXIS2_PLACEMENT_3D ( 'NONE', #299, #5541, #2627 ) ;
#4354 = PLANE ( 'NONE',  #2220 ) ;
#4355 = ORIENTED_EDGE ( 'NONE', *, *, #7203, .T. ) ;
#4356 = CARTESIAN_POINT ( 'NONE',  ( -6.859999999999999400, -5.051668046482832700E-016, -4.124999999999999100 ) ) ;
#4357 = VECTOR ( 'NONE', #5635, 1000.000000000000000 ) ;
#4358 = CARTESIAN_POINT ( 'NONE',  ( -4.830000000000001000, 2.679999999999999300, -3.550000000000002500 ) ) ;
#4359 = LINE ( 'NONE', #2430, #2203 ) ;
#4360 = MANIFOLD_SOLID_BREP ( 'LPattern1[3]', #3436 ) ;
#4361 = CARTESIAN_POINT ( 'NONE',  ( -2.290000000000000500, 4.336808689942017700E-016, 4.375000000000000000 ) ) ;
#4362 = EDGE_LOOP ( 'NONE', ( #5873, #5250, #301, #4138 ) ) ;
#4363 = DIRECTION ( 'NONE',  ( -1.000000000000000000, -0.0000000000000000000, -0.0000000000000000000 ) ) ;
#4364 = LINE ( 'NONE', #5846, #4628 ) ;
#4365 = VECTOR ( 'NONE', #3170, 1000.000000000000000 ) ;
#4366 = CARTESIAN_POINT ( 'NONE',  ( 9.714314080235354300, 5.099999999999997000, 3.550000000000002500 ) ) ;
#4367 = VECTOR ( 'NONE', #3269, 1000.000000000000000 ) ;
#4368 = DIRECTION ( 'NONE',  ( 0.0000000000000000000, 0.0000000000000000000, -1.000000000000000000 ) ) ;
#4369 = SURFACE_SIDE_STYLE ('',( #3344 ) ) ;
#4370 = LINE ( 'NONE', #2325, #5746 ) ;
#4371 = EDGE_LOOP ( 'NONE', ( #7101, #5288, #3212, #5773 ) ) ;
#4372 = CARTESIAN_POINT ( 'NONE',  ( 1.779999999999999400, 2.489499999999999200, -4.375000000000000000 ) ) ;
#4373 = CARTESIAN_POINT ( 'NONE',  ( 4.829999999999999200, 2.489499999999999200, -4.125000000000000000 ) ) ;
#4374 = VERTEX_POINT ( 'NONE', #3751 ) ;
#4375 = EDGE_CURVE ( 'NONE', #2137, #3196, #3872, .T. ) ;
#4376 = EDGE_CURVE ( 'NONE', #2474, #6898, #262, .T. ) ;
#4377 = ORIENTED_EDGE ( 'NONE', *, *, #7333, .T. ) ;
#4378 = CARTESIAN_POINT ( 'NONE',  ( 8.380000000000000800, 2.679999999999998800, 3.934500000000000300 ) ) ;
#4379 = ORIENTED_EDGE ( 'NONE', *, *, #4700, .T. ) ;
#4380 = EDGE_CURVE ( 'NONE', #4545, #360, #891, .T. ) ;
#4381 = VECTOR ( 'NONE', #1587, 1000.000000000000000 ) ;
#4382 = ORIENTED_EDGE ( 'NONE', *, *, #6602, .T. ) ;
#4383 = DIRECTION ( 'NONE',  ( -1.000000000000000000, -0.0000000000000000000, 0.0000000000000000000 ) ) ;
#4384 = CARTESIAN_POINT ( 'NONE',  ( -7.235277674973255900, -3.794707603699265500E-016, 4.375000000000001800 ) ) ;
#4385 = APPLICATION_PROTOCOL_DEFINITION ( 'draft international standard', 'automotive_design', 1998, #5665 ) ;
#4386 = CARTESIAN_POINT ( 'NONE',  ( 0.2500000000000002200, 2.489499999999999200, 4.125000000000000000 ) ) ;
#4387 = CARTESIAN_POINT ( 'NONE',  ( -0.7600000000000002300, -5.051668046482832700E-016, -4.124999999999999100 ) ) ;
#4388 = DIRECTION ( 'NONE',  ( 0.0000000000000000000, -1.000000000000000000, -6.968160176649155900E-016 ) ) ;
#4389 = VERTEX_POINT ( 'NONE', #6193 ) ;
#4390 = VECTOR ( 'NONE', #1848, 1000.000000000000000 ) ;
#4391 = ORIENTED_EDGE ( 'NONE', *, *, #7039, .T. ) ;
#4392 = ORIENTED_EDGE ( 'NONE', *, *, #1719, .F. ) ;
#4393 = PLANE ( 'NONE',  #2241 ) ;
#4394 = ADVANCED_FACE ( 'NONE', ( #1627 ), #5559, .F. ) ;
#4395 = VECTOR ( 'NONE', #5101, 1000.000000000000000 ) ;
#4396 = CARTESIAN_POINT ( 'NONE',  ( 8.380000000000000800, -5.051668046482832700E-016, -4.124999999999999100 ) ) ;
#4397 = ORIENTED_EDGE ( 'NONE', *, *, #5388, .F. ) ;
#4398 = VERTEX_POINT ( 'NONE', #3248 ) ;
#4399 = DIRECTION ( 'NONE',  ( 0.0000000000000000000, 0.0000000000000000000, -1.000000000000000000 ) ) ;
#4400 = LINE ( 'NONE', #5149, #7111 ) ;
#4401 = EDGE_CURVE ( 'NONE', #1826, #3800, #7224, .T. ) ;
#4402 = CARTESIAN_POINT ( 'NONE',  ( 8.380000000000000800, 2.489499999999999200, 3.934500000000000300 ) ) ;
#4403 = VERTEX_POINT ( 'NONE', #3279 ) ;
#4404 = CARTESIAN_POINT ( 'NONE',  ( 2.790000000000000000, -3.299999999999999800, -4.124999999999999100 ) ) ;
#4405 = CARTESIAN_POINT ( 'NONE',  ( -2.290000000000000500, 2.489499999999999200, -3.934500000000000300 ) ) ;
#4406 = DIRECTION ( 'NONE',  ( 0.0000000000000000000, -1.000000000000000000, 0.0000000000000000000 ) ) ;
#4407 = FILL_AREA_STYLE ('',( #1022 ) ) ;
#4408 = DIRECTION ( 'NONE',  ( 0.0000000000000000000, -5.027841771134210700E-016, 1.000000000000000000 ) ) ;
#4409 =( GEOMETRIC_REPRESENTATION_CONTEXT ( 3 ) GLOBAL_UNCERTAINTY_ASSIGNED_CONTEXT ( ( #7286 ) ) GLOBAL_UNIT_ASSIGNED_CONTEXT ( ( #3619, #6597, #236 ) ) REPRESENTATION_CONTEXT ( 'NONE', 'WORKASPACE' ) );
#4410 = DIRECTION ( 'NONE',  ( -1.000000000000000000, -0.0000000000000000000, 0.0000000000000000000 ) ) ;
#4411 = EDGE_LOOP ( 'NONE', ( #399, #1346, #1306, #210 ) ) ;
#4412 = AXIS2_PLACEMENT_3D ( 'NONE', #2446, #7122, #5383 ) ;
#4413 = DIRECTION ( 'NONE',  ( 1.000000000000000000, 0.0000000000000000000, -1.897542191401455100E-016 ) ) ;
#4414 = ORIENTED_EDGE ( 'NONE', *, *, #167, .F. ) ;
#4415 = ORIENTED_EDGE ( 'NONE', *, *, #7385, .T. ) ;
#4416 = DIRECTION ( 'NONE',  ( 0.0000000000000000000, 1.000000000000000000, 3.484080088324578000E-016 ) ) ;
#4417 = DIRECTION ( 'NONE',  ( -0.0000000000000000000, -1.734723475976793500E-015, 1.000000000000000000 ) ) ;
#4418 = CARTESIAN_POINT ( 'NONE',  ( 7.235277674973255900, -3.794707603699265500E-016, 4.375000000000001800 ) ) ;
#4419 = ORIENTED_EDGE ( 'NONE', *, *, #7231, .T. ) ;
#4420 = EDGE_CURVE ( 'NONE', #1771, #2279, #800, .T. ) ;
#4421 = EDGE_CURVE ( 'NONE', #1020, #1872, #6521, .T. ) ;
#4422 = CARTESIAN_POINT ( 'NONE',  ( -4.320000000000001200, 0.6500000000000028000, 4.375000000000000900 ) ) ;
#4423 = EDGE_CURVE ( 'NONE', #2906, #607, #1805, .T. ) ;
#4424 = VECTOR ( 'NONE', #1044, 1000.000000000000000 ) ;
#4425 = FACE_OUTER_BOUND ( 'NONE', #134, .T. ) ;
#4426 = VERTEX_POINT ( 'NONE', #1640 ) ;
#4427 = CARTESIAN_POINT ( 'NONE',  ( 6.859999999999999400, 0.6500000000000048000, 4.375000000000000900 ) ) ;
#4428 = VERTEX_POINT ( 'NONE', #5697 ) ;
#4429 = PLANE ( 'NONE',  #980 ) ;
#4430 = LINE ( 'NONE', #7220, #6178 ) ;
#4431 = CYLINDRICAL_SURFACE ( 'NONE', #1603, 0.1904999999999997000 ) ;
#4432 = DIRECTION ( 'NONE',  ( -1.000000000000000000, -0.0000000000000000000, 0.0000000000000000000 ) ) ;
#4433 = FACE_OUTER_BOUND ( 'NONE', #4641, .T. ) ;
#4434 = EDGE_LOOP ( 'NONE', ( #5368, #6724, #4951, #5070 ) ) ;
#4435 = CARTESIAN_POINT ( 'NONE',  ( -5.464722325026745200, -5.051668046482832700E-016, 4.125000000000000000 ) ) ;
#4436 = AXIS2_PLACEMENT_3D ( 'NONE', #4880, #4825, #3054 ) ;
#4437 = ORIENTED_EDGE ( 'NONE', *, *, #4955, .T. ) ;
#4438 = DIRECTION ( 'NONE',  ( 0.0000000000000000000, 0.0000000000000000000, 1.000000000000000000 ) ) ;
#4439 = CARTESIAN_POINT ( 'NONE',  ( -4.830000000000001000, 2.489499999999999200, 3.934500000000000300 ) ) ;
#4440 = LINE ( 'NONE', #3082, #4244 ) ;
#4441 = ORIENTED_EDGE ( 'NONE', *, *, #3650, .T. ) ;
#4442 =( LENGTH_UNIT ( ) NAMED_UNIT ( * ) SI_UNIT ( .MILLI., .METRE. ) );
#4443 = DIRECTION ( 'NONE',  ( -0.0000000000000000000, 5.027841771134210700E-016, 1.000000000000000000 ) ) ;
#4444 = DIRECTION ( 'NONE',  ( 0.0000000000000000000, 1.000000000000000000, 0.0000000000000000000 ) ) ;
#4445 = VERTEX_POINT ( 'NONE', #7250 ) ;
#4446 = CARTESIAN_POINT ( 'NONE',  ( 4.319999999999999400, 2.489499999999999200, -4.375000000000000000 ) ) ;
#4447 = VERTEX_POINT ( 'NONE', #2126 ) ;
#4448 = FACE_OUTER_BOUND ( 'NONE', #7393, .T. ) ;
#4449 = VECTOR ( 'NONE', #6837, 1000.000000000000000 ) ;
#4450 = ORIENTED_EDGE ( 'NONE', *, *, #1229, .T. ) ;
#4451 = DIRECTION ( 'NONE',  ( -1.000000000000000000, -0.0000000000000000000, 0.0000000000000000000 ) ) ;
#4452 = VECTOR ( 'NONE', #1917, 1000.000000000000000 ) ;
#4453 = VERTEX_POINT ( 'NONE', #6843 ) ;
#4454 = CARTESIAN_POINT ( 'NONE',  ( 6.859999999999999400, 2.679999999999999300, 3.550000000000002500 ) ) ;
#4455 = LINE ( 'NONE', #5205, #3992 ) ;
#4456 = AXIS2_PLACEMENT_3D ( 'NONE', #1677, #2397, #3552 ) ;
#4457 = CARTESIAN_POINT ( 'NONE',  ( 3.299999999999999800, -3.794707603699265500E-016, -4.375000000000001800 ) ) ;
#4458 = VERTEX_POINT ( 'NONE', #5142 ) ;
#4459 = DIRECTION ( 'NONE',  ( 0.0000000000000000000, -1.127908631974522500E-015, -1.000000000000000000 ) ) ;
#4460 = COLOUR_RGB ( '',0.7921568627450980000, 0.8196078431372548800, 0.9333333333333333500 ) ;
#4461 = PLANE ( 'NONE',  #578 ) ;
#4462 = LINE ( 'NONE', #3114, #6312 ) ;
#4463 = FACE_OUTER_BOUND ( 'NONE', #2421, .T. ) ;
#4464 = CARTESIAN_POINT ( 'NONE',  ( -2.290000000000000500, -3.299999999999999400, -4.375000000000000900 ) ) ;
#4465 = EDGE_CURVE ( 'NONE', #2683, #791, #2348, .T. ) ;
#4466 = CARTESIAN_POINT ( 'NONE',  ( -4.320000000000001200, 2.489499999999999200, -3.934500000000000300 ) ) ;
#4467 = CARTESIAN_POINT ( 'NONE',  ( -8.380000000000000800, 2.929999999999999300, -3.550000000000002500 ) ) ;
#4468 = CARTESIAN_POINT ( 'NONE',  ( 7.870000000000000100, 2.929999999999999300, -3.550000000000002500 ) ) ;
#4469 = EDGE_CURVE ( 'NONE', #2521, #570, #3431, .T. ) ;
#4470 = LINE ( 'NONE', #1658, #3469 ) ;
#4471 = CARTESIAN_POINT ( 'NONE',  ( 0.2500000000000002200, 2.489499999999999200, -3.934500000000000300 ) ) ;
#4472 = ORIENTED_EDGE ( 'NONE', *, *, #5115, .T. ) ;
#4473 = EDGE_CURVE ( 'NONE', #4608, #1078, #6174, .T. ) ;
#4474 = VECTOR ( 'NONE', #6563, 1000.000000000000000 ) ;
#4475 = ORIENTED_EDGE ( 'NONE', *, *, #2485, .T. ) ;
#4476 = DIRECTION ( 'NONE',  ( 0.0000000000000000000, 1.000000000000000000, 1.734723475976793700E-015 ) ) ;
#4477 = VERTEX_POINT ( 'NONE', #5085 ) ;
#4478 = DIRECTION ( 'NONE',  ( 0.0000000000000000000, 1.127908631974522500E-015, 1.000000000000000000 ) ) ;
#4479 = EDGE_CURVE ( 'NONE', #683, #4056, #3781, .T. ) ;
#4480 = LINE ( 'NONE', #4518, #6314 ) ;
#4481 = VERTEX_POINT ( 'NONE', #6324 ) ;
#4482 = CARTESIAN_POINT ( 'NONE',  ( 0.2500000000000002200, -5.051668046482832700E-016, 4.124999999999999100 ) ) ;
#4483 = PLANE ( 'NONE',  #7456 ) ;
#4484 = DIRECTION ( 'NONE',  ( 0.0000000000000000000, 5.027841771134210700E-016, -1.000000000000000000 ) ) ;
#4485 = ORIENTED_EDGE ( 'NONE', *, *, #4656, .T. ) ;
#4486 = DIRECTION ( 'NONE',  ( 0.4999999999999977200, 0.8660254037844399300, 1.297447619602005500E-016 ) ) ;
#4487 = DIRECTION ( 'NONE',  ( 0.0000000000000000000, 5.027841771134210700E-016, -1.000000000000000000 ) ) ;
#4488 = FACE_OUTER_BOUND ( 'NONE', #3618, .T. ) ;
#4489 = CARTESIAN_POINT ( 'NONE',  ( 0.2500000000000002200, 2.489499999999999200, -4.125000000000000000 ) ) ;
#4490 = VECTOR ( 'NONE', #3002, 1000.000000000000000 ) ;
#4491 = EDGE_LOOP ( 'NONE', ( #4013, #2845, #4896, #1903 ) ) ;
#4492 = VERTEX_POINT ( 'NONE', #7469 ) ;
#4493 = CARTESIAN_POINT ( 'NONE',  ( 3.299999999999999800, 0.6500000000000026900, 4.375000000000000000 ) ) ;
#4494 = PLANE ( 'NONE',  #4006 ) ;
#4495 = ADVANCED_FACE ( 'NONE', ( #4778 ), #1061, .F. ) ;
#4496 = EDGE_LOOP ( 'NONE', ( #7150, #4557, #425, #3084, #3558, #280, #1865, #6943 ) ) ;
#4497 = DIRECTION ( 'NONE',  ( -0.0000000000000000000, -1.734723475976793500E-015, -1.000000000000000000 ) ) ;
#4498 = ORIENTED_EDGE ( 'NONE', *, *, #1388, .T. ) ;
#4499 = CARTESIAN_POINT ( 'NONE',  ( -10.00000000000002500, 2.929999999999999300, -0.8900000000000001200 ) ) ;
#4500 = ORIENTED_EDGE ( 'NONE', *, *, #2851, .F. ) ;
#4501 = EDGE_LOOP ( 'NONE', ( #1180, #4196, #5962, #677 ) ) ;
#4502 = CARTESIAN_POINT ( 'NONE',  ( 7.870000000000000100, 2.489499999999999200, 3.934500000000000300 ) ) ;
#4503 = ORIENTED_EDGE ( 'NONE', *, *, #4549, .T. ) ;
#4504 = CARTESIAN_POINT ( 'NONE',  ( 0.7600000000000002300, 0.6500000000000026900, 4.124999999999999100 ) ) ;
#4505 = DIRECTION ( 'NONE',  ( 0.0000000000000000000, -1.498163464873311500E-016, 1.000000000000000000 ) ) ;
#4506 = ORIENTED_EDGE ( 'NONE', *, *, #6119, .T. ) ;
#4507 = FILL_AREA_STYLE ('',( #2221 ) ) ;
#4508 = DIRECTION ( 'NONE',  ( 0.0000000000000000000, 1.000000000000000000, -5.027841771134210700E-016 ) ) ;
#4509 = EDGE_CURVE ( 'NONE', #4312, #6093, #5511, .T. ) ;
#4510 = VERTEX_POINT ( 'NONE', #2800 ) ;
#4511 = ORIENTED_EDGE ( 'NONE', *, *, #3470, .T. ) ;
#4512 = CARTESIAN_POINT ( 'NONE',  ( 0.2500000000000002200, -3.299999999999999400, -4.375000000000000900 ) ) ;
#4513 = CIRCLE ( 'NONE', #859, 0.8900000000000001200 ) ;
#4514 = CIRCLE ( 'NONE', #4793, 0.1904999999999997000 ) ;
#4515 = FACE_OUTER_BOUND ( 'NONE', #657, .T. ) ;
#4516 = ORIENTED_EDGE ( 'NONE', *, *, #6954, .F. ) ;
#4517 = EDGE_CURVE ( 'NONE', #5808, #2906, #4686, .T. ) ;
#4518 = CARTESIAN_POINT ( 'NONE',  ( -4.695277674973257700, -3.794707603699265500E-016, 4.375000000000001800 ) ) ;
#4519 = EDGE_CURVE ( 'NONE', #6357, #3400, #2967, .T. ) ;
#4520 = DIRECTION ( 'NONE',  ( 0.0000000000000000000, 5.027841771134210700E-016, 1.000000000000000000 ) ) ;
#4521 = VECTOR ( 'NONE', #4004, 1000.000000000000000 ) ;
#4522 = ORIENTED_EDGE ( 'NONE', *, *, #4320, .T. ) ;
#4523 = VERTEX_POINT ( 'NONE', #2156 ) ;
#4524 = PLANE ( 'NONE',  #3965 ) ;
#4525 = ORIENTED_EDGE ( 'NONE', *, *, #401, .T. ) ;
#4526 = ADVANCED_FACE ( 'NONE', ( #3958 ), #5113, .F. ) ;
#4527 = VECTOR ( 'NONE', #7107, 1000.000000000000000 ) ;
#4528 = CARTESIAN_POINT ( 'NONE',  ( -3.300000000000000700, 2.929999999999999300, 3.550000000000002500 ) ) ;
#4529 = VECTOR ( 'NONE', #2064, 1000.000000000000000 ) ;
#4530 = VERTEX_POINT ( 'NONE', #422 ) ;
#4531 = PLANE ( 'NONE',  #3710 ) ;
#4532 = DIRECTION ( 'NONE',  ( -1.000000000000000000, -0.0000000000000000000, -0.0000000000000000000 ) ) ;
#4533 = ORIENTED_EDGE ( 'NONE', *, *, #6772, .F. ) ;
#4534 = ORIENTED_EDGE ( 'NONE', *, *, #6959, .F. ) ;
#4535 = ORIENTED_EDGE ( 'NONE', *, *, #2729, .F. ) ;
#4536 = LINE ( 'NONE', #6578, #735 ) ;
#4537 = CARTESIAN_POINT ( 'NONE',  ( 3.299999999999999800, -5.051668046482832700E-016, 4.124999999999999100 ) ) ;
#4538 = LINE ( 'NONE', #3786, #2995 ) ;
#4539 = CARTESIAN_POINT ( 'NONE',  ( 2.790000000000000000, -3.299999999999999400, -4.375000000000000900 ) ) ;
#4540 = SURFACE_SIDE_STYLE ('',( #2741 ) ) ;
#4541 = ORIENTED_EDGE ( 'NONE', *, *, #6041, .T. ) ;
#4542 = VECTOR ( 'NONE', #4099, 1000.000000000000000 ) ;
#4543 = EDGE_CURVE ( 'NONE', #1837, #5916, #3342, .T. ) ;
#4544 = AXIS2_PLACEMENT_3D ( 'NONE', #7312, #2705, #3310 ) ;
#4545 = VERTEX_POINT ( 'NONE', #1560 ) ;
#4546 = LINE ( 'NONE', #6710, #4718 ) ;
#4547 = VECTOR ( 'NONE', #6501, 1000.000000000000000 ) ;
#4548 = VECTOR ( 'NONE', #1773, 1000.000000000000000 ) ;
#4549 = EDGE_CURVE ( 'NONE', #4545, #4550, #5893, .T. ) ;
#4550 = VERTEX_POINT ( 'NONE', #3900 ) ;
#4551 = CARTESIAN_POINT ( 'NONE',  ( 1.779999999999999400, 2.679999999999999300, 3.550000000000002500 ) ) ;
#4552 = EDGE_CURVE ( 'NONE', #6635, #4426, #1251, .T. ) ;
#4553 = AXIS2_PLACEMENT_3D ( 'NONE', #3380, #3348, #7433 ) ;
#4554 = CARTESIAN_POINT ( 'NONE',  ( 0.7600000000000002300, 2.489499999999999200, -4.125000000000000000 ) ) ;
#4555 = PLANE ( 'NONE',  #1649 ) ;
#4556 = CARTESIAN_POINT ( 'NONE',  ( 7.370000000000000100, -4.336808689942017700E-016, -4.125000000000000000 ) ) ;
#4557 = ORIENTED_EDGE ( 'NONE', *, *, #6769, .T. ) ;
#4558 = ORIENTED_EDGE ( 'NONE', *, *, #560, .T. ) ;
#4559 = CARTESIAN_POINT ( 'NONE',  ( 5.330000000000000100, -3.299999999999999800, -4.124999999999999100 ) ) ;
#4560 = ORIENTED_EDGE ( 'NONE', *, *, #1081, .F. ) ;
#4561 = FACE_OUTER_BOUND ( 'NONE', #3631, .T. ) ;
#4562 = EDGE_CURVE ( 'NONE', #6639, #5580, #7425, .T. ) ;
#4563 = CARTESIAN_POINT ( 'NONE',  ( 3.299999999999999800, 2.489499999999999200, 3.934500000000000300 ) ) ;
#4564 = DIRECTION ( 'NONE',  ( -1.000000000000000000, -0.0000000000000000000, -0.0000000000000000000 ) ) ;
#4565 = DIRECTION ( 'NONE',  ( 1.000000000000000000, 0.0000000000000000000, -0.0000000000000000000 ) ) ;
#4566 = EDGE_CURVE ( 'NONE', #7128, #4608, #2261, .T. ) ;
#4567 = ADVANCED_FACE ( 'NONE', ( #5247 ), #4062, .F. ) ;
#4568 = ORIENTED_EDGE ( 'NONE', *, *, #2383, .T. ) ;
#4569 = LINE ( 'NONE', #2953, #7024 ) ;
#4570 = VERTEX_POINT ( 'NONE', #1143 ) ;
#4571 = ORIENTED_EDGE ( 'NONE', *, *, #6047, .F. ) ;
#4572 = EDGE_CURVE ( 'NONE', #428, #42, #3595, .T. ) ;
#4573 = VECTOR ( 'NONE', #4497, 1000.000000000000000 ) ;
#4574 = EDGE_LOOP ( 'NONE', ( #533, #5912, #6500, #2668 ) ) ;
#4575 = LINE ( 'NONE', #2216, #3940 ) ;
#4576 = LINE ( 'NONE', #3768, #327 ) ;
#4577 = CARTESIAN_POINT ( 'NONE',  ( -3.300000000000000700, 0.6500000000000048000, -4.375000000000000900 ) ) ;
#4578 = DIRECTION ( 'NONE',  ( 0.0000000000000000000, 0.0000000000000000000, -1.000000000000000000 ) ) ;
#4579 = VERTEX_POINT ( 'NONE', #2267 ) ;
#4580 = CARTESIAN_POINT ( 'NONE',  ( -8.380000000000000800, 2.489499999999999200, 3.934500000000000300 ) ) ;
#4581 = LINE ( 'NONE', #3215, #1876 ) ;
#4582 = AXIS2_PLACEMENT_3D ( 'NONE', #5871, #1812, #3545 ) ;
#4583 = CARTESIAN_POINT ( 'NONE',  ( -9.770924654197953500, 4.669999999999997300, -0.8900000000000001200 ) ) ;
#4584 = PRESENTATION_STYLE_ASSIGNMENT (( #418 ) ) ;
#4585 = CARTESIAN_POINT ( 'NONE',  ( -5.840000000000001600, 2.489499999999999200, -3.934500000000000300 ) ) ;
#4586 = DIRECTION ( 'NONE',  ( 0.0000000000000000000, -1.127908631974522500E-015, 1.000000000000000000 ) ) ;
#4587 = VERTEX_POINT ( 'NONE', #5712 ) ;
#4588 = ORIENTED_EDGE ( 'NONE', *, *, #3767, .T. ) ;
#4589 = DIRECTION ( 'NONE',  ( 1.000000000000000000, 0.0000000000000000000, -0.0000000000000000000 ) ) ;
#4590 = ORIENTED_EDGE ( 'NONE', *, *, #3450, .F. ) ;
#4591 = ORIENTED_EDGE ( 'NONE', *, *, #5485, .F. ) ;
#4592 = EDGE_LOOP ( 'NONE', ( #6044, #3930, #691, #6570 ) ) ;
#4593 = CARTESIAN_POINT ( 'NONE',  ( -0.2500000000000002200, -4.336808689942017700E-016, 4.125000000000000000 ) ) ;
#4594 = VECTOR ( 'NONE', #2747, 1000.000000000000000 ) ;
#4595 = DIRECTION ( 'NONE',  ( -0.0000000000000000000, 1.000000000000000000, 1.498163464873311500E-016 ) ) ;
#4596 = CARTESIAN_POINT ( 'NONE',  ( 2.790000000000000000, 2.489499999999999200, 4.125000000000000000 ) ) ;
#4597 = VECTOR ( 'NONE', #1650, 1000.000000000000000 ) ;
#4598 = LINE ( 'NONE', #2168, #6892 ) ;
#4599 = ORIENTED_EDGE ( 'NONE', *, *, #1169, .F. ) ;
#4600 = CARTESIAN_POINT ( 'NONE',  ( 7.870000000000000100, 2.489499999999999200, -3.934500000000000300 ) ) ;
#4601 = PRESENTATION_LAYER_ASSIGNMENT (  '', '', ( #868 ) ) ;
#4602 = DIRECTION ( 'NONE',  ( 0.0000000000000000000, 5.027841771134210700E-016, 1.000000000000000000 ) ) ;
#4603 = CARTESIAN_POINT ( 'NONE',  ( 5.330000000000000100, 2.489499999999999200, 3.934500000000000300 ) ) ;
#4604 = LINE ( 'NONE', #202, #1170 ) ;
#4605 = VECTOR ( 'NONE', #4924, 1000.000000000000000 ) ;
#4606 = ORIENTED_EDGE ( 'NONE', *, *, #6308, .T. ) ;
#4607 = CARTESIAN_POINT ( 'NONE',  ( 1.779999999999999400, 2.679999999999999300, 3.550000000000002500 ) ) ;
#4608 = VERTEX_POINT ( 'NONE', #12 ) ;
#4609 = VECTOR ( 'NONE', #4986, 1000.000000000000000 ) ;
#4610 = EDGE_CURVE ( 'NONE', #1238, #4312, #449, .T. ) ;
#4611 = VECTOR ( 'NONE', #1157, 1000.000000000000000 ) ;
#4612 = ORIENTED_EDGE ( 'NONE', *, *, #3775, .T. ) ;
#4613 = DIRECTION ( 'NONE',  ( 0.0000000000000000000, 0.0000000000000000000, 1.000000000000000000 ) ) ;
#4614 = EDGE_CURVE ( 'NONE', #289, #7495, #2802, .T. ) ;
#4615 = VECTOR ( 'NONE', #6380, 1000.000000000000000 ) ;
#4616 = CARTESIAN_POINT ( 'NONE',  ( 0.7600000000000002300, -3.794707603699265500E-016, 4.375000000000001800 ) ) ;
#4617 = LINE ( 'NONE', #4218, #1744 ) ;
#4618 = ORIENTED_EDGE ( 'NONE', *, *, #685, .T. ) ;
#4619 = CARTESIAN_POINT ( 'NONE',  ( 2.155277674973255800, -3.794707603699265500E-016, -4.375000000000001800 ) ) ;
#4620 = DIRECTION ( 'NONE',  ( 0.0000000000000000000, 0.0000000000000000000, 1.000000000000000000 ) ) ;
#4621 = ORIENTED_EDGE ( 'NONE', *, *, #6663, .T. ) ;
#4622 = FACE_OUTER_BOUND ( 'NONE', #6624, .T. ) ;
#4623 = DIRECTION ( 'NONE',  ( 0.0000000000000000000, -1.498163464873311700E-016, -1.000000000000000000 ) ) ;
#4624 = DIRECTION ( 'NONE',  ( 0.0000000000000000000, 1.000000000000000000, -5.027841771134210700E-016 ) ) ;
#4625 = LINE ( 'NONE', #1668, #6018 ) ;
#4626 = DIRECTION ( 'NONE',  ( 0.0000000000000000000, 0.0000000000000000000, -1.000000000000000000 ) ) ;
#4627 = ORIENTED_EDGE ( 'NONE', *, *, #4774, .T. ) ;
#4628 = VECTOR ( 'NONE', #4072, 1000.000000000000000 ) ;
#4629 = CARTESIAN_POINT ( 'NONE',  ( 3.299999999999999800, 0.6500000000000025800, 4.125000000000000000 ) ) ;
#4630 = LINE ( 'NONE', #7389, #6025 ) ;
#4631 = DIRECTION ( 'NONE',  ( 0.0000000000000000000, 5.027841771134210700E-016, 1.000000000000000000 ) ) ;
#4632 = DIRECTION ( 'NONE',  ( 0.0000000000000000000, 0.0000000000000000000, 1.000000000000000000 ) ) ;
#4633 = VECTOR ( 'NONE', #4150, 1000.000000000000000 ) ;
#4634 = VERTEX_POINT ( 'NONE', #2908 ) ;
#4635 = LINE ( 'NONE', #6243, #4449 ) ;
#4636 = VECTOR ( 'NONE', #5322, 1000.000000000000000 ) ;
#4637 = CARTESIAN_POINT ( 'NONE',  ( 1.779999999999999400, 2.489499999999999200, 4.375000000000000000 ) ) ;
#4638 = EDGE_CURVE ( 'NONE', #4447, #684, #4513, .T. ) ;
#4639 = ADVANCED_FACE ( 'NONE', ( #6352 ), #4555, .T. ) ;
#4640 = ORIENTED_EDGE ( 'NONE', *, *, #6810, .F. ) ;
#4641 = EDGE_LOOP ( 'NONE', ( #5136, #5756, #6937, #2492 ) ) ;
#4642 = CARTESIAN_POINT ( 'NONE',  ( 6.859999999999999400, -5.051668046482832700E-016, -4.124999999999999100 ) ) ;
#4643 = ORIENTED_EDGE ( 'NONE', *, *, #5499, .T. ) ;
#4644 = DIRECTION ( 'NONE',  ( -1.000000000000000000, -0.0000000000000000000, -0.0000000000000000000 ) ) ;
#4645 = DIRECTION ( 'NONE',  ( 0.0000000000000000000, 0.0000000000000000000, -1.000000000000000000 ) ) ;
#4646 = EDGE_LOOP ( 'NONE', ( #4860, #2038, #3347, #4730, #3577, #3773, #6158, #2825, #2682, #7299 ) ) ;
#4647 = DIRECTION ( 'NONE',  ( -1.000000000000000000, -0.0000000000000000000, -0.0000000000000000000 ) ) ;
#4648 = VERTEX_POINT ( 'NONE', #2287 ) ;
#4649 = CLOSED_SHELL ( 'NONE', ( #6004, #2898, #331, #3096, #6196, #3537, #2204, #4761, #4799, #3401, #3611, #3375, #2966, #1747, #4684, #7394 ) ) ;
#4650 = VERTEX_POINT ( 'NONE', #4528 ) ;
#4651 = DIRECTION ( 'NONE',  ( 0.4999999999999977200, 0.8660254037844399300, 1.297447619602005500E-016 ) ) ;
#4652 = LINE ( 'NONE', #2762, #4319 ) ;
#4653 = DIRECTION ( 'NONE',  ( -0.0000000000000000000, 5.027841771134210700E-016, 1.000000000000000000 ) ) ;
#4654 = VECTOR ( 'NONE', #7223, 1000.000000000000000 ) ;
#4655 = ORIENTED_EDGE ( 'NONE', *, *, #4327, .F. ) ;
#4656 = EDGE_CURVE ( 'NONE', #2197, #849, #5163, .T. ) ;
#4657 = ORIENTED_EDGE ( 'NONE', *, *, #880, .T. ) ;
#4658 = DIRECTION ( 'NONE',  ( -0.0000000000000000000, -1.734723475976793500E-015, 1.000000000000000000 ) ) ;
#4659 = EDGE_LOOP ( 'NONE', ( #2743, #6246, #6804, #4392 ) ) ;
#4660 = CARTESIAN_POINT ( 'NONE',  ( -7.235277674973255900, -3.794707603699265500E-016, -4.375000000000001800 ) ) ;
#4661 = DIRECTION ( 'NONE',  ( 0.0000000000000000000, -1.000000000000000000, -1.498163464873311700E-016 ) ) ;
#4662 = EDGE_CURVE ( 'NONE', #684, #875, #88, .T. ) ;
#4663 = VECTOR ( 'NONE', #5750, 1000.000000000000000 ) ;
#4664 = ORIENTED_EDGE ( 'NONE', *, *, #6163, .F. ) ;
#4665 = ORIENTED_EDGE ( 'NONE', *, *, #2439, .F. ) ;
#4666 = CARTESIAN_POINT ( 'NONE',  ( -2.290000000000000500, 2.489499999999999200, -3.934500000000000300 ) ) ;
#4667 = VECTOR ( 'NONE', #7193, 1000.000000000000000 ) ;
#4668 = ORIENTED_EDGE ( 'NONE', *, *, #2289, .T. ) ;
#4669 = AXIS2_PLACEMENT_3D ( 'NONE', #6191, #20, #3429 ) ;
#4670 = ORIENTED_EDGE ( 'NONE', *, *, #3099, .T. ) ;
#4671 = CARTESIAN_POINT ( 'NONE',  ( 7.370000000000000100, 2.489499999999999200, 4.125000000000000000 ) ) ;
#4672 = DIRECTION ( 'NONE',  ( -1.000000000000000000, -0.0000000000000000000, -0.0000000000000000000 ) ) ;
#4673 = CARTESIAN_POINT ( 'NONE',  ( -9.714314080235375600, 5.099999999999997000, -3.549999999999985600 ) ) ;
#4674 = VERTEX_POINT ( 'NONE', #6953 ) ;
#4675 = ADVANCED_FACE ( 'NONE', ( #2609 ), #5789, .F. ) ;
#4676 = CARTESIAN_POINT ( 'NONE',  ( 5.839999999999999900, 2.489499999999999200, -3.934500000000000300 ) ) ;
#4677 = ORIENTED_EDGE ( 'NONE', *, *, #2293, .F. ) ;
#4678 = EDGE_CURVE ( 'NONE', #791, #5121, #6890, .T. ) ;
#4679 = AXIS2_PLACEMENT_3D ( 'NONE', #6909, #6319, #2797 ) ;
#4680 = DIRECTION ( 'NONE',  ( 0.0000000000000000000, 1.734723475976793700E-015, -1.000000000000000000 ) ) ;
#4681 = EDGE_LOOP ( 'NONE', ( #3362, #3769, #1259, #6069, #1639, #815, #4870, #3664 ) ) ;
#4682 = CARTESIAN_POINT ( 'NONE',  ( 4.319999999999999400, 2.679999999999999300, -3.550000000000002500 ) ) ;
#4683 = CARTESIAN_POINT ( 'NONE',  ( -4.695277674973257700, -3.794707603699265500E-016, -4.375000000000001800 ) ) ;
#4684 = ADVANCED_FACE ( 'NONE', ( #349 ), #519, .F. ) ;
#4685 = ORIENTED_EDGE ( 'NONE', *, *, #5887, .F. ) ;
#4686 = LINE ( 'NONE', #6219, #3148 ) ;
#4687 = DIRECTION ( 'NONE',  ( -1.000000000000000000, -0.0000000000000000000, -0.0000000000000000000 ) ) ;
#4688 = LINE ( 'NONE', #3071, #3061 ) ;
#4689 = FACE_OUTER_BOUND ( 'NONE', #3570, .T. ) ;
#4690 = ORIENTED_EDGE ( 'NONE', *, *, #1137, .F. ) ;
#4691 = CARTESIAN_POINT ( 'NONE',  ( -2.290000000000000500, -3.299999999999999800, 4.124999999999999100 ) ) ;
#4692 = DIRECTION ( 'NONE',  ( -1.000000000000000000, -0.0000000000000000000, -0.0000000000000000000 ) ) ;
#4693 = CARTESIAN_POINT ( 'NONE',  ( 7.870000000000000100, 2.489499999999999200, 4.375000000000000000 ) ) ;
#4694 = FACE_OUTER_BOUND ( 'NONE', #6911, .T. ) ;
#4695 = DIRECTION ( 'NONE',  ( -1.000000000000000000, -0.0000000000000000000, 0.0000000000000000000 ) ) ;
#4696 = LINE ( 'NONE', #2684, #1635 ) ;
#4697 = VERTEX_POINT ( 'NONE', #7460 ) ;
#4698 = EDGE_CURVE ( 'NONE', #4530, #1959, #5707, .T. ) ;
#4699 = PLANE ( 'NONE',  #1793 ) ;
#4700 = EDGE_CURVE ( 'NONE', #4481, #2846, #7054, .T. ) ;
#4701 = CARTESIAN_POINT ( 'NONE',  ( 7.870000000000000100, 2.489499999999999200, 4.375000000000000000 ) ) ;
#4702 = EDGE_CURVE ( 'NONE', #4002, #1778, #6799, .T. ) ;
#4703 = ORIENTED_EDGE ( 'NONE', *, *, #7158, .F. ) ;
#4704 = VECTOR ( 'NONE', #1662, 1000.000000000000000 ) ;
#4705 = DIRECTION ( 'NONE',  ( 0.0000000000000000000, 1.000000000000000000, 0.0000000000000000000 ) ) ;
#4706 = VECTOR ( 'NONE', #3761, 1000.000000000000000 ) ;
#4707 = ORIENTED_EDGE ( 'NONE', *, *, #7178, .T. ) ;
#4708 = EDGE_LOOP ( 'NONE', ( #6202, #6102, #4095, #1236 ) ) ;
#4709 = VERTEX_POINT ( 'NONE', #1191 ) ;
#4710 = ORIENTED_EDGE ( 'NONE', *, *, #7176, .T. ) ;
#4711 = VECTOR ( 'NONE', #6058, 1000.000000000000100 ) ;
#4712 = PLANE ( 'NONE',  #4877 ) ;
#4713 = LINE ( 'NONE', #2387, #3176 ) ;
#4714 = AXIS2_PLACEMENT_3D ( 'NONE', #3155, #6131, #6651 ) ;
#4715 = DIRECTION ( 'NONE',  ( 0.0000000000000000000, -1.000000000000000000, 0.0000000000000000000 ) ) ;
#4716 = ORIENTED_EDGE ( 'NONE', *, *, #6083, .T. ) ;
#4717 = FACE_OUTER_BOUND ( 'NONE', #3566, .T. ) ;
#4718 = VECTOR ( 'NONE', #960, 1000.000000000000000 ) ;
#4719 = LINE ( 'NONE', #5799, #4633 ) ;
#4720 = VECTOR ( 'NONE', #1113, 1000.000000000000000 ) ;
#4721 = CARTESIAN_POINT ( 'NONE',  ( -6.859999999999999400, 0.6500000000000025800, -3.934500000000001200 ) ) ;
#4722 = ORIENTED_EDGE ( 'NONE', *, *, #597, .T. ) ;
#4723 = EDGE_CURVE ( 'NONE', #4648, #6516, #4972, .T. ) ;
#4724 = CARTESIAN_POINT ( 'NONE',  ( 5.330000000000000100, -5.051668046482832700E-016, -4.124999999999999100 ) ) ;
#4725 = AXIS2_PLACEMENT_3D ( 'NONE', #4666, #2394, #5828 ) ;
#4726 = CARTESIAN_POINT ( 'NONE',  ( 1.779999999999999400, 2.489499999999999200, -4.125000000000000000 ) ) ;
#4728 = VERTEX_POINT ( 'NONE', #1783 ) ;
#4727 = CARTESIAN_POINT ( 'NONE',  ( 0.2500000000000002200, 2.929999999999999300, 3.934500000000000300 ) ) ;
#4729 = LINE ( 'NONE', #6762, #3197 ) ;
#4730 = ORIENTED_EDGE ( 'NONE', *, *, #7406, .F. ) ;
#4731 = EDGE_LOOP ( 'NONE', ( #584, #1945, #248, #3359 ) ) ;
#4732 = ORIENTED_EDGE ( 'NONE', *, *, #6977, .T. ) ;
#4733 = DIRECTION ( 'NONE',  ( 0.0000000000000000000, 5.027841771134210700E-016, -1.000000000000000000 ) ) ;
#4734 = EDGE_CURVE ( 'NONE', #1088, #786, #994, .T. ) ;
#4735 = ORIENTED_EDGE ( 'NONE', *, *, #5038, .F. ) ;
#4736 = ORIENTED_EDGE ( 'NONE', *, *, #246, .T. ) ;
#4737 = CARTESIAN_POINT ( 'NONE',  ( -2.290000000000000500, -4.336808689942017700E-016, -3.934500000000001200 ) ) ;
#4738 = EDGE_LOOP ( 'NONE', ( #5097, #2407, #2035, #2990 ) ) ;
#4739 = CYLINDRICAL_SURFACE ( 'NONE', #4082, 0.1904999999999997000 ) ;
#4740 = ORIENTED_EDGE ( 'NONE', *, *, #5186, .F. ) ;
#4741 = VERTEX_POINT ( 'NONE', #6470 ) ;
#4742 = CARTESIAN_POINT ( 'NONE',  ( -2.290000000000000500, 2.929999999999999300, 3.550000000000002500 ) ) ;
#4743 = EDGE_CURVE ( 'NONE', #786, #3493, #5172, .T. ) ;
#4744 = AXIS2_PLACEMENT_3D ( 'NONE', #738, #5438, #6547 ) ;
#4745 = DIRECTION ( 'NONE',  ( 1.000000000000000000, 0.0000000000000000000, -0.0000000000000000000 ) ) ;
#4746 = DIRECTION ( 'NONE',  ( 0.0000000000000000000, 0.0000000000000000000, -1.000000000000000000 ) ) ;
#4747 = FACE_OUTER_BOUND ( 'NONE', #784, .T. ) ;
#4748 = EDGE_CURVE ( 'NONE', #2631, #7449, #4981, .T. ) ;
#4749 = DIRECTION ( 'NONE',  ( -1.000000000000000000, -0.0000000000000000000, 0.0000000000000000000 ) ) ;
#4750 = VERTEX_POINT ( 'NONE', #5915 ) ;
#4751 = DIRECTION ( 'NONE',  ( 0.0000000000000000000, -1.000000000000000000, 0.0000000000000000000 ) ) ;
#4752 = DIRECTION ( 'NONE',  ( 0.0000000000000000000, 1.000000000000000000, 3.484080088324578000E-016 ) ) ;
#4753 = VECTOR ( 'NONE', #7211, 1000.000000000000000 ) ;
#4754 = VECTOR ( 'NONE', #4948, 1000.000000000000000 ) ;
#4755 = ORIENTED_EDGE ( 'NONE', *, *, #4861, .T. ) ;
#4756 = EDGE_CURVE ( 'NONE', #942, #6831, #5806, .T. ) ;
#4757 = CARTESIAN_POINT ( 'NONE',  ( 5.839999999999999900, 2.679999999999999300, -3.550000000000002500 ) ) ;
#4758 = DIRECTION ( 'NONE',  ( 0.0000000000000000000, 0.0000000000000000000, 1.000000000000000000 ) ) ;
#4759 = VERTEX_POINT ( 'NONE', #6442 ) ;
#4760 = DIRECTION ( 'NONE',  ( 0.0000000000000000000, 5.027841771134210700E-016, -1.000000000000000000 ) ) ;
#4761 = ADVANCED_FACE ( 'NONE', ( #6969 ), #7062, .F. ) ;
#4762 = CARTESIAN_POINT ( 'NONE',  ( -4.320000000000001200, 0.6500000000000026900, -4.124999999999999100 ) ) ;
#4763 = EDGE_CURVE ( 'NONE', #958, #2979, #5992, .T. ) ;
#4764 = ADVANCED_FACE ( 'NONE', ( #2518 ), #1875, .T. ) ;
#4765 = FACE_OUTER_BOUND ( 'NONE', #6778, .T. ) ;
#4766 = ORIENTED_EDGE ( 'NONE', *, *, #5069, .T. ) ;
#4767 = EDGE_LOOP ( 'NONE', ( #4722, #7267, #5683, #1610, #7014, #6431, #612, #4522 ) ) ;
#4768 = AXIS2_PLACEMENT_3D ( 'NONE', #3846, #5644, #2745 ) ;
#4769 = DIRECTION ( 'NONE',  ( -1.000000000000000000, -0.0000000000000000000, 0.0000000000000000000 ) ) ;
#4770 = DIRECTION ( 'NONE',  ( 0.0000000000000000000, -5.027841771134210700E-016, 1.000000000000000000 ) ) ;
#4771 = DIRECTION ( 'NONE',  ( 0.0000000000000000000, 0.0000000000000000000, 1.000000000000000000 ) ) ;
#4772 = CLOSED_SHELL ( 'NONE', ( #3873, #6412, #4232, #4058, #5162, #5292, #1010, #3060, #3621, #1158, #3044, #30, #6051, #1237, #5969, #1995 ) ) ;
#4773 = DIRECTION ( 'NONE',  ( -1.000000000000000000, -0.0000000000000000000, -0.0000000000000000000 ) ) ;
#4774 = EDGE_CURVE ( 'NONE', #1795, #2846, #5416, .T. ) ;
#4775 = SURFACE_STYLE_USAGE ( .BOTH. , #4192 ) ;
#4776 = ORIENTED_EDGE ( 'NONE', *, *, #6774, .F. ) ;
#4777 = DIRECTION ( 'NONE',  ( 0.0000000000000000000, 1.000000000000000000, -3.484080088324578000E-016 ) ) ;
#4778 = FACE_OUTER_BOUND ( 'NONE', #6255, .T. ) ;
#4779 = LINE ( 'NONE', #6987, #5328 ) ;
#4780 = LINE ( 'NONE', #6549, #6523 ) ;
#4781 = ORIENTED_EDGE ( 'NONE', *, *, #6253, .F. ) ;
#4782 = EDGE_CURVE ( 'NONE', #7072, #3486, #1533, .T. ) ;
#4783 = CARTESIAN_POINT ( 'NONE',  ( 4.695277674973255900, -5.051668046482832700E-016, -4.124999999999999100 ) ) ;
#4784 = DIRECTION ( 'NONE',  ( -1.000000000000000000, -0.0000000000000000000, -0.0000000000000000000 ) ) ;
#4785 = PLANE ( 'NONE',  #1382 ) ;
#4786 = VECTOR ( 'NONE', #2710, 1000.000000000000000 ) ;
#4787 = VECTOR ( 'NONE', #7315, 1000.000000000000000 ) ;
#4788 = ORIENTED_EDGE ( 'NONE', *, *, #1741, .F. ) ;
#4789 = CARTESIAN_POINT ( 'NONE',  ( 4.829999999999999200, -3.299999999999999800, 4.124999999999999100 ) ) ;
#4790 = ADVANCED_FACE ( 'NONE', ( #2715 ), #3557, .T. ) ;
#4791 = VERTEX_POINT ( 'NONE', #4139 ) ;
#4792 = CARTESIAN_POINT ( 'NONE',  ( -0.7600000000000002300, 2.489499999999999200, -3.934500000000000300 ) ) ;
#4793 = AXIS2_PLACEMENT_3D ( 'NONE', #3655, #754, #7055 ) ;
#4794 = DIRECTION ( 'NONE',  ( 0.0000000000000000000, 1.000000000000000000, -1.734723475976793700E-015 ) ) ;
#4795 = CARTESIAN_POINT ( 'NONE',  ( -2.790000000000000900, -3.299999999999999800, 4.124999999999999100 ) ) ;
#4796 = CARTESIAN_POINT ( 'NONE',  ( -5.840000000000001600, 2.679999999999998800, -3.934500000000000300 ) ) ;
#4797 = VECTOR ( 'NONE', #127, 1000.000000000000000 ) ;
#4798 = ORIENTED_EDGE ( 'NONE', *, *, #5892, .T. ) ;
#4799 = ADVANCED_FACE ( 'NONE', ( #4239 ), #4431, .F. ) ;
#4800 = CARTESIAN_POINT ( 'NONE',  ( -2.790000000000000900, -3.794707603699265500E-016, -4.375000000000001800 ) ) ;
#4801 = ADVANCED_FACE ( 'NONE', ( #3608 ), #1924, .T. ) ;
#4802 = ORIENTED_EDGE ( 'NONE', *, *, #6602, .F. ) ;
#4803 = DIRECTION ( 'NONE',  ( -0.4999999999999977200, -0.8660254037844399300, -1.297447619602005200E-016 ) ) ;
#4804 = CARTESIAN_POINT ( 'NONE',  ( 2.289999999999999600, 2.489499999999999200, 4.375000000000000000 ) ) ;
#4805 = ORIENTED_EDGE ( 'NONE', *, *, #7333, .F. ) ;
#4806 = FACE_OUTER_BOUND ( 'NONE', #7308, .T. ) ;
#4807 = AXIS2_PLACEMENT_3D ( 'NONE', #4942, #5519, #260 ) ;
#4808 = VECTOR ( 'NONE', #4777, 1000.000000000000000 ) ;
#4809 = DIRECTION ( 'NONE',  ( 0.0000000000000000000, 0.0000000000000000000, 1.000000000000000000 ) ) ;
#4810 = VERTEX_POINT ( 'NONE', #3665 ) ;
#4811 = EDGE_LOOP ( 'NONE', ( #938, #1753, #1155, #4328, #5449, #6015, #5049, #1354, #7031, #2812 ) ) ;
#4812 = LINE ( 'NONE', #2592, #3088 ) ;
#4813 = CARTESIAN_POINT ( 'NONE',  ( 5.330000000000000100, -3.299999999999999400, -4.375000000000000900 ) ) ;
#4814 = DIRECTION ( 'NONE',  ( 0.0000000000000000000, 1.000000000000000000, 5.027841771134210700E-016 ) ) ;
#4815 = LINE ( 'NONE', #6512, #3899 ) ;
#4816 = ORIENTED_EDGE ( 'NONE', *, *, #2368, .T. ) ;
#4817 = VECTOR ( 'NONE', #1590, 1000.000000000000000 ) ;
#4818 = AXIS2_PLACEMENT_3D ( 'NONE', #5251, #2942, #6621 ) ;
#4819 = FACE_OUTER_BOUND ( 'NONE', #4708, .T. ) ;
#4820 = CARTESIAN_POINT ( 'NONE',  ( 3.299999999999999800, 0.6500000000000026900, -4.124999999999999100 ) ) ;
#4821 = DIRECTION ( 'NONE',  ( 0.0000000000000000000, 1.734723475976793700E-015, 1.000000000000000000 ) ) ;
#4822 = CIRCLE ( 'NONE', #616, 0.1904999999999997000 ) ;
#4823 = CARTESIAN_POINT ( 'NONE',  ( 6.859999999999999400, 2.929999999999999300, 3.550000000000002500 ) ) ;
#4824 = DIRECTION ( 'NONE',  ( -0.0000000000000000000, -1.000000000000000000, -0.0000000000000000000 ) ) ;
#4825 = DIRECTION ( 'NONE',  ( 0.0000000000000000000, -1.000000000000000000, 0.0000000000000000000 ) ) ;
#4826 = ORIENTED_EDGE ( 'NONE', *, *, #5484, .F. ) ;
#4827 = ORIENTED_EDGE ( 'NONE', *, *, #1079, .T. ) ;
#4828 = SURFACE_STYLE_FILL_AREA ( #1577 ) ;
#4829 = CARTESIAN_POINT ( 'NONE',  ( 7.870000000000000100, 2.929999999999999300, -3.934500000000000300 ) ) ;
#4830 = AXIS2_PLACEMENT_3D ( 'NONE', #5202, #5793, #5181 ) ;
#4831 = ORIENTED_EDGE ( 'NONE', *, *, #2624, .T. ) ;
#4832 = CARTESIAN_POINT ( 'NONE',  ( 2.790000000000000000, -3.299999999999999400, 4.375000000000000900 ) ) ;
#4833 = VERTEX_POINT ( 'NONE', #3056 ) ;
#4834 = VERTEX_POINT ( 'NONE', #1376 ) ;
#4835 = PRESENTATION_STYLE_ASSIGNMENT (( #6248 ) ) ;
#4836 = VERTEX_POINT ( 'NONE', #1969 ) ;
#4837 = DIRECTION ( 'NONE',  ( 1.000000000000000000, 0.0000000000000000000, 0.0000000000000000000 ) ) ;
#4838 = ORIENTED_EDGE ( 'NONE', *, *, #4479, .F. ) ;
#4839 = VECTOR ( 'NONE', #309, 1000.000000000000000 ) ;
#4840 = DIRECTION ( 'NONE',  ( 1.000000000000000000, 0.0000000000000000000, -0.0000000000000000000 ) ) ;
#4841 = PLANE ( 'NONE',  #6373 ) ;
#4842 = ADVANCED_FACE ( 'NONE', ( #6530 ), #4269, .F. ) ;
#4843 = ADVANCED_FACE ( 'NONE', ( #4231 ), #2550, .F. ) ;
#4844 = CIRCLE ( 'NONE', #5266, 0.1904999999999997000 ) ;
#4845 = PRESENTATION_LAYER_ASSIGNMENT (  '', '', ( #139 ) ) ;
#4846 = VERTEX_POINT ( 'NONE', #4238 ) ;
#4847 = ORIENTED_EDGE ( 'NONE', *, *, #3981, .T. ) ;
#4848 = CARTESIAN_POINT ( 'NONE',  ( 7.870000000000000100, -5.051668046482832700E-016, -4.124999999999999100 ) ) ;
#4849 = ADVANCED_FACE ( 'NONE', ( #545 ), #3682, .T. ) ;
#4850 = FACE_OUTER_BOUND ( 'NONE', #1723, .T. ) ;
#4851 = ORIENTED_EDGE ( 'NONE', *, *, #4698, .F. ) ;
#4852 = EDGE_CURVE ( 'NONE', #6721, #2382, #2271, .T. ) ;
#4853 = ORIENTED_EDGE ( 'NONE', *, *, #1517, .T. ) ;
#4854 = CARTESIAN_POINT ( 'NONE',  ( 4.319999999999999400, 2.489499999999999200, 4.375000000000000000 ) ) ;
#4855 = DIRECTION ( 'NONE',  ( -0.0000000000000000000, 1.000000000000000000, 1.127908631974522500E-015 ) ) ;
#4856 = DIRECTION ( 'NONE',  ( 0.1305261922200519100, -0.9914448613738104900, 0.0000000000000000000 ) ) ;
#4857 = FACE_OUTER_BOUND ( 'NONE', #3582, .T. ) ;
#4858 = FILL_AREA_STYLE_COLOUR ( '', #5527 ) ;
#4859 = VERTEX_POINT ( 'NONE', #1900 ) ;
#4860 = ORIENTED_EDGE ( 'NONE', *, *, #1835, .T. ) ;
#4861 = EDGE_CURVE ( 'NONE', #1660, #6964, #1901, .T. ) ;
#4862 = EDGE_CURVE ( 'NONE', #69, #7098, #4604, .T. ) ;
#4863 = DIRECTION ( 'NONE',  ( 0.8660254037844405900, 0.4999999999999967200, -2.513920885567089100E-016 ) ) ;
#4864 = DIRECTION ( 'NONE',  ( -1.000000000000000000, -0.0000000000000000000, 0.0000000000000000000 ) ) ;
#4865 = ORIENTED_EDGE ( 'NONE', *, *, #2680, .F. ) ;
#4866 = CARTESIAN_POINT ( 'NONE',  ( -2.290000000000000500, -3.299999999999999800, -4.124999999999999100 ) ) ;
#4867 = DIRECTION ( 'NONE',  ( 0.0000000000000000000, -5.027841771134210700E-016, 1.000000000000000000 ) ) ;
#4868 = AXIS2_PLACEMENT_3D ( 'NONE', #4721, #6468, #2974 ) ;
#4869 = CARTESIAN_POINT ( 'NONE',  ( -2.290000000000000500, 2.929999999999999300, 3.550000000000002500 ) ) ;
#4870 = ORIENTED_EDGE ( 'NONE', *, *, #5157, .T. ) ;
#4871 = CARTESIAN_POINT ( 'NONE',  ( 5.839999999999999900, -3.794707603699265500E-016, -4.375000000000001800 ) ) ;
#4872 = DIRECTION ( 'NONE',  ( 1.000000000000000000, 0.0000000000000000000, -0.0000000000000000000 ) ) ;
#4873 = DIRECTION ( 'NONE',  ( 0.0000000000000000000, 0.0000000000000000000, -1.000000000000000000 ) ) ;
#4874 = LINE ( 'NONE', #2465, #5608 ) ;
#4875 = ORIENTED_EDGE ( 'NONE', *, *, #214, .F. ) ;
#4876 = DIRECTION ( 'NONE',  ( 1.000000000000000000, 0.0000000000000000000, -0.0000000000000000000 ) ) ;
#4877 = AXIS2_PLACEMENT_3D ( 'NONE', #1249, #1274, #2050 ) ;
#4878 = CARTESIAN_POINT ( 'NONE',  ( -8.380000000000000800, 2.489499999999999200, -3.934500000000000300 ) ) ;
#4879 = CARTESIAN_POINT ( 'NONE',  ( -5.464722325026745200, -3.794707603699265500E-016, 4.375000000000001800 ) ) ;
#4880 = CARTESIAN_POINT ( 'NONE',  ( 5.330000000000000100, 2.929999999999999300, -3.550000000000002500 ) ) ;
#4881 = VECTOR ( 'NONE', #1082, 1000.000000000000000 ) ;
#4882 = CARTESIAN_POINT ( 'NONE',  ( -7.370000000000000100, 2.489499999999999200, 3.934500000000000300 ) ) ;
#4883 = LINE ( 'NONE', #5504, #712 ) ;
#4884 = LINE ( 'NONE', #944, #1087 ) ;
#4885 = ORIENTED_EDGE ( 'NONE', *, *, #6023, .F. ) ;
#4886 = EDGE_CURVE ( 'NONE', #53, #4492, #4052, .T. ) ;
#4887 = CARTESIAN_POINT ( 'NONE',  ( 4.319999999999999400, 2.489499999999999200, 3.934500000000000300 ) ) ;
#4888 = ADVANCED_FACE ( 'NONE', ( #357 ), #7139, .F. ) ;
#4889 = DIRECTION ( 'NONE',  ( -1.000000000000000000, -0.0000000000000000000, 0.0000000000000000000 ) ) ;
#4890 = DIRECTION ( 'NONE',  ( -0.0000000000000000000, -1.000000000000000000, -0.0000000000000000000 ) ) ;
#4891 = DIRECTION ( 'NONE',  ( 0.0000000000000000000, 5.027841771134210700E-016, -1.000000000000000000 ) ) ;
#4892 = VECTOR ( 'NONE', #3030, 1000.000000000000100 ) ;
#4893 = ORIENTED_EDGE ( 'NONE', *, *, #6071, .F. ) ;
#4894 = DIRECTION ( 'NONE',  ( 0.0000000000000000000, 0.0000000000000000000, 1.000000000000000000 ) ) ;
#4895 = CARTESIAN_POINT ( 'NONE',  ( 2.790000000000000000, -5.051668046482832700E-016, 4.124999999999999100 ) ) ;
#4896 = ORIENTED_EDGE ( 'NONE', *, *, #4469, .F. ) ;
#4897 = CARTESIAN_POINT ( 'NONE',  ( -7.370000000000000100, 2.489499999999999200, -4.125000000000000000 ) ) ;
#4898 = LINE ( 'NONE', #5769, #464 ) ;
#4899 = ORIENTED_EDGE ( 'NONE', *, *, #4220, .T. ) ;
#4900 = CARTESIAN_POINT ( 'NONE',  ( 0.7600000000000002300, 0.6500000000000026900, -4.375000000000000000 ) ) ;
#4901 = VERTEX_POINT ( 'NONE', #7179 ) ;
#4902 = ORIENTED_EDGE ( 'NONE', *, *, #2303, .T. ) ;
#4903 = CARTESIAN_POINT ( 'NONE',  ( -0.2500000000000002200, -4.336808689942017700E-016, -3.934500000000001200 ) ) ;
#4904 = ORIENTED_EDGE ( 'NONE', *, *, #5890, .F. ) ;
#4905 = CARTESIAN_POINT ( 'NONE',  ( 4.695277674973255900, -3.794707603699265500E-016, 4.375000000000001800 ) ) ;
#4906 = LINE ( 'NONE', #2169, #3372 ) ;
#4907 = CIRCLE ( 'NONE', #4744, 0.4404999999999998900 ) ;
#4908 = DIRECTION ( 'NONE',  ( -0.1305261922200519100, -0.9914448613738104900, 0.0000000000000000000 ) ) ;
#4909 = ORIENTED_EDGE ( 'NONE', *, *, #6872, .T. ) ;
#4910 = VECTOR ( 'NONE', #4564, 1000.000000000000000 ) ;
#4911 = EDGE_CURVE ( 'NONE', #2026, #4262, #6358, .T. ) ;
#4912 = EDGE_LOOP ( 'NONE', ( #7458, #272, #6573, #7508 ) ) ;
#4913 = LINE ( 'NONE', #3144, #5543 ) ;
#4914 = FILL_AREA_STYLE ('',( #2111 ) ) ;
#4915 = VECTOR ( 'NONE', #4921, 1000.000000000000000 ) ;
#4916 = EDGE_CURVE ( 'NONE', #5732, #1846, #1327, .T. ) ;
#4917 = VECTOR ( 'NONE', #3822, 1000.000000000000000 ) ;
#4918 = PLANE ( 'NONE',  #5859 ) ;
#4919 = CARTESIAN_POINT ( 'NONE',  ( 0.2500000000000002200, 2.489499999999999200, 4.125000000000000000 ) ) ;
#4920 = DIRECTION ( 'NONE',  ( 5.854691731421717000E-016, -0.0000000000000000000, 1.000000000000000000 ) ) ;
#4921 = DIRECTION ( 'NONE',  ( 0.0000000000000000000, 0.0000000000000000000, 1.000000000000000000 ) ) ;
#4922 = CARTESIAN_POINT ( 'NONE',  ( 5.839999999999999900, 2.489499999999999200, 4.375000000000000000 ) ) ;
#4923 = MANIFOLD_SOLID_BREP ( 'LPattern1[10]', #6105 ) ;
#4924 = DIRECTION ( 'NONE',  ( -0.0000000000000000000, 1.000000000000000000, -0.0000000000000000000 ) ) ;
#4925 = AXIS2_PLACEMENT_3D ( 'NONE', #1638, #2227, #6738 ) ;
#4926 = DIRECTION ( 'NONE',  ( 0.0000000000000000000, 1.000000000000000000, -1.734723475976793700E-015 ) ) ;
#4927 = ORIENTED_EDGE ( 'NONE', *, *, #6618, .F. ) ;
#4928 = CARTESIAN_POINT ( 'NONE',  ( -2.155277674973256700, -3.794707603699265500E-016, -4.375000000000001800 ) ) ;
#4929 = FACE_OUTER_BOUND ( 'NONE', #699, .T. ) ;
#4930 = ORIENTED_EDGE ( 'NONE', *, *, #2783, .F. ) ;
#4931 = ORIENTED_EDGE ( 'NONE', *, *, #3420, .T. ) ;
#4932 = EDGE_LOOP ( 'NONE', ( #2595, #4541, #4230, #2331 ) ) ;
#4933 = DIRECTION ( 'NONE',  ( 0.8660254037844399300, -0.4999999999999977200, 2.513920885567094000E-016 ) ) ;
#4934 = LINE ( 'NONE', #3830, #2140 ) ;
#4935 = ORIENTED_EDGE ( 'NONE', *, *, #3414, .T. ) ;
#4936 = LINE ( 'NONE', #7483, #7100 ) ;
#4937 = ORIENTED_EDGE ( 'NONE', *, *, #3703, .T. ) ;
#4938 = EDGE_CURVE ( 'NONE', #2283, #559, #4046, .T. ) ;
#4939 = AXIS2_PLACEMENT_3D ( 'NONE', #3766, #238, #2014 ) ;
#4940 = ORIENTED_EDGE ( 'NONE', *, *, #4096, .F. ) ;
#4941 = LINE ( 'NONE', #5787, #5862 ) ;
#4942 = CARTESIAN_POINT ( 'NONE',  ( 0.2500000000000002200, 2.929999999999999300, 3.550000000000002500 ) ) ;
#4943 = ORIENTED_EDGE ( 'NONE', *, *, #748, .F. ) ;
#4944 = CARTESIAN_POINT ( 'NONE',  ( 5.330000000000000100, -3.299999999999999800, 4.124999999999999100 ) ) ;
#4945 = CARTESIAN_POINT ( 'NONE',  ( 8.380000000000000800, 2.929999999999999300, 3.550000000000002500 ) ) ;
#4946 = PLANE ( 'NONE',  #2186 ) ;
#4947 = AXIS2_PLACEMENT_3D ( 'NONE', #5444, #1978, #3158 ) ;
#4948 = DIRECTION ( 'NONE',  ( -1.000000000000000000, -0.0000000000000000000, -0.0000000000000000000 ) ) ;
#4949 = PRESENTATION_LAYER_ASSIGNMENT (  '', '', ( #7167 ) ) ;
#4950 = CARTESIAN_POINT ( 'NONE',  ( -0.7600000000000002300, 2.679999999999999300, -3.550000000000002500 ) ) ;
#4951 = ORIENTED_EDGE ( 'NONE', *, *, #253, .F. ) ;
#4952 = DIRECTION ( 'NONE',  ( -1.000000000000000000, -0.0000000000000000000, -0.0000000000000000000 ) ) ;
#4953 = PLANE ( 'NONE',  #2659 ) ;
#4954 = CARTESIAN_POINT ( 'NONE',  ( -10.00000000000002300, 2.679999999999999300, 3.550000000000002900 ) ) ;
#4955 = EDGE_CURVE ( 'NONE', #2382, #1227, #793, .T. ) ;
#4956 = DIRECTION ( 'NONE',  ( -1.000000000000000000, -0.0000000000000000000, 5.854691731421716100E-016 ) ) ;
#4957 = EDGE_CURVE ( 'NONE', #668, #683, #7339, .T. ) ;
#4958 = DIRECTION ( 'NONE',  ( 0.0000000000000000000, 0.0000000000000000000, -1.000000000000000000 ) ) ;
#4959 = EDGE_CURVE ( 'NONE', #6350, #1537, #3059, .T. ) ;
#4960 = DIRECTION ( 'NONE',  ( 0.0000000000000000000, 0.0000000000000000000, 1.000000000000000000 ) ) ;
#4961 = ORIENTED_EDGE ( 'NONE', *, *, #3209, .T. ) ;
#4962 = PLANE ( 'NONE',  #719 ) ;
#4963 = DIRECTION ( 'NONE',  ( 0.0000000000000000000, 5.027841771134210700E-016, -1.000000000000000000 ) ) ;
#4964 = EDGE_CURVE ( 'NONE', #3977, #1684, #3438, .T. ) ;
#4965 = ORIENTED_EDGE ( 'NONE', *, *, #2423, .F. ) ;
#4966 = DIRECTION ( 'NONE',  ( 0.0000000000000000000, -1.498163464873311700E-016, 1.000000000000000000 ) ) ;
#4967 = DIRECTION ( 'NONE',  ( 0.0000000000000000000, 0.0000000000000000000, 1.000000000000000000 ) ) ;
#4968 = CARTESIAN_POINT ( 'NONE',  ( -9.714314080235373800, 5.099999999999997000, 0.8900000000000001200 ) ) ;
#4969 = CARTESIAN_POINT ( 'NONE',  ( 0.7600000000000002300, 2.489499999999999200, -4.375000000000000000 ) ) ;
#4970 = ORIENTED_EDGE ( 'NONE', *, *, #6258, .T. ) ;
#4971 = DIRECTION ( 'NONE',  ( 0.0000000000000000000, 1.000000000000000000, -3.484080088324578000E-016 ) ) ;
#4972 = LINE ( 'NONE', #6494, #720 ) ;
#4973 = COLOUR_RGB ( '',0.7921568627450980000, 0.8196078431372548800, 0.9333333333333333500 ) ;
#4975 = CARTESIAN_POINT ( 'NONE',  ( 4.829999999999999200, -3.299999999999999800, -4.124999999999999100 ) ) ;
#4974 = VECTOR ( 'NONE', #4281, 1000.000000000000000 ) ;
#4976 = EDGE_LOOP ( 'NONE', ( #1889, #6369, #5577, #3466 ) ) ;
#4977 = ORIENTED_EDGE ( 'NONE', *, *, #5918, .T. ) ;
#4978 = CARTESIAN_POINT ( 'NONE',  ( 3.299999999999999800, 0.6500000000000028000, -4.375000000000000900 ) ) ;
#4979 = PLANE ( 'NONE',  #3399 ) ;
#4980 = CARTESIAN_POINT ( 'NONE',  ( 4.319999999999999400, 2.929999999999999300, -3.550000000000002500 ) ) ;
#4981 = LINE ( 'NONE', #5863, #2087 ) ;
#4982 = EDGE_LOOP ( 'NONE', ( #258, #2569, #5093, #6461, #5864, #5895, #3887, #6195, #6385, #7096 ) ) ;
#4983 = MECHANICAL_DESIGN_GEOMETRIC_PRESENTATION_REPRESENTATION (  '', ( #1105 ), #4300 ) ;
#4984 = CARTESIAN_POINT ( 'NONE',  ( -4.830000000000001000, 2.929999999999999300, -3.550000000000002500 ) ) ;
#4985 = LINE ( 'NONE', #3230, #184 ) ;
#4986 = DIRECTION ( 'NONE',  ( -1.000000000000000000, -0.0000000000000000000, -0.0000000000000000000 ) ) ;
#4987 = LINE ( 'NONE', #34, #5430 ) ;
#4988 = ORIENTED_EDGE ( 'NONE', *, *, #2925, .T. ) ;
#4989 = PLANE ( 'NONE',  #1255 ) ;
#4990 = ORIENTED_EDGE ( 'NONE', *, *, #2132, .T. ) ;
#4991 = CARTESIAN_POINT ( 'NONE',  ( -9.714314080235375600, 5.099999999999997000, -0.8900000000000001200 ) ) ;
#4992 = CARTESIAN_POINT ( 'NONE',  ( -2.290000000000000500, -4.336808689942017700E-016, 3.934500000000001200 ) ) ;
#4993 = FACE_OUTER_BOUND ( 'NONE', #5007, .T. ) ;
#4994 = LINE ( 'NONE', #5245, #6546 ) ;
#4995 = CARTESIAN_POINT ( 'NONE',  ( -5.330000000000001800, -4.336808689942017700E-016, 3.934500000000001200 ) ) ;
#4996 = CARTESIAN_POINT ( 'NONE',  ( 2.790000000000000000, 2.929999999999999300, -3.934500000000000300 ) ) ;
#4997 = ORIENTED_EDGE ( 'NONE', *, *, #3064, .T. ) ;
#4998 = DIRECTION ( 'NONE',  ( 0.0000000000000000000, -1.000000000000000000, 1.498163464873311500E-016 ) ) ;
#4999 = EDGE_CURVE ( 'NONE', #1216, #2486, #7511, .T. ) ;
#5000 = ORIENTED_EDGE ( 'NONE', *, *, #5890, .T. ) ;
#5001 = DIRECTION ( 'NONE',  ( -0.4999999999999967200, 0.8660254037844405900, -1.297447619602006000E-016 ) ) ;
#5002 =( GEOMETRIC_REPRESENTATION_CONTEXT ( 3 ) GLOBAL_UNCERTAINTY_ASSIGNED_CONTEXT ( ( #877 ) ) GLOBAL_UNIT_ASSIGNED_CONTEXT ( ( #2083, #3182, #3210 ) ) REPRESENTATION_CONTEXT ( 'NONE', 'WORKASPACE' ) );
#5003 = LINE ( 'NONE', #1607, #747 ) ;
#5004 = FILL_AREA_STYLE_COLOUR ( '', #7061 ) ;
#5005 = EDGE_CURVE ( 'NONE', #4697, #997, #2345, .T. ) ;
#5006 = DIRECTION ( 'NONE',  ( 0.0000000000000000000, -1.498163464873311700E-016, -1.000000000000000000 ) ) ;
#5007 = EDGE_LOOP ( 'NONE', ( #4710, #5349, #1861, #5264 ) ) ;
#5008 = LINE ( 'NONE', #1062, #6644 ) ;
#5009 = LINE ( 'NONE', #2343, #5656 ) ;
#5010 = FACE_OUTER_BOUND ( 'NONE', #5678, .T. ) ;
#5011 = CARTESIAN_POINT ( 'NONE',  ( -0.3847223250267439200, -5.051668046482832700E-016, 4.124999999999999100 ) ) ;
#5012 = CARTESIAN_POINT ( 'NONE',  ( -6.859999999999999400, -3.794707603699265500E-016, -4.375000000000001800 ) ) ;
#5013 = EDGE_CURVE ( 'NONE', #6203, #5331, #7056, .T. ) ;
#5014 = ORIENTED_EDGE ( 'NONE', *, *, #2250, .T. ) ;
#5015 = CARTESIAN_POINT ( 'NONE',  ( -0.3847223250267439200, -5.051668046482832700E-016, 4.124999999999999100 ) ) ;
#5016 = ORIENTED_EDGE ( 'NONE', *, *, #2674, .F. ) ;
#5017 = VECTOR ( 'NONE', #995, 1000.000000000000000 ) ;
#5018 = CARTESIAN_POINT ( 'NONE',  ( -1.780000000000000200, -5.051668046482832700E-016, 4.124999999999999100 ) ) ;
#5019 = COLOUR_RGB ( '',0.7921568627450980000, 0.8196078431372548800, 0.9333333333333333500 ) ;
#5020 = DIRECTION ( 'NONE',  ( 0.0000000000000000000, 5.027841771134210700E-016, -1.000000000000000000 ) ) ;
#5021 = CARTESIAN_POINT ( 'NONE',  ( 8.380000000000000800, 0.6500000000000028000, 4.375000000000000900 ) ) ;
#5022 = ORIENTED_EDGE ( 'NONE', *, *, #6434, .F. ) ;
#5023 = ORIENTED_EDGE ( 'NONE', *, *, #4168, .F. ) ;
#5024 = ORIENTED_EDGE ( 'NONE', *, *, #2687, .F. ) ;
#5025 = LINE ( 'NONE', #2841, #6758 ) ;
#5026 = EDGE_LOOP ( 'NONE', ( #2496, #5356, #2916, #1041 ) ) ;
#5027 = DIRECTION ( 'NONE',  ( 0.0000000000000000000, 0.0000000000000000000, 1.000000000000000000 ) ) ;
#5028 = VERTEX_POINT ( 'NONE', #3937 ) ;
#5029 = DIRECTION ( 'NONE',  ( 0.0000000000000000000, 0.0000000000000000000, 1.000000000000000000 ) ) ;
#5030 = CARTESIAN_POINT ( 'NONE',  ( 2.790000000000000000, 2.679999999999999300, 3.550000000000002500 ) ) ;
#5031 = CARTESIAN_POINT ( 'NONE',  ( 9.714314080235352500, 0.5100000000000000100, -3.549999999999997200 ) ) ;
#5032 = LINE ( 'NONE', #620, #2938 ) ;
#5033 = VERTEX_POINT ( 'NONE', #5831 ) ;
#5034 = LINE ( 'NONE', #6690, #3839 ) ;
#5036 = ORIENTED_EDGE ( 'NONE', *, *, #3011, .F. ) ;
#5035 = CARTESIAN_POINT ( 'NONE',  ( 8.380000000000000800, 0.6500000000000026900, 4.375000000000000000 ) ) ;
#5037 = EDGE_LOOP ( 'NONE', ( #7171, #3349, #1642, #6128 ) ) ;
#5038 = EDGE_CURVE ( 'NONE', #5997, #6183, #6354, .T. ) ;
#5039 = ORIENTED_EDGE ( 'NONE', *, *, #6078, .T. ) ;
#5040 = CARTESIAN_POINT ( 'NONE',  ( -2.924722325026744700, -5.051668046482832700E-016, 4.125000000000000000 ) ) ;
#5041 = VECTOR ( 'NONE', #6208, 1000.000000000000000 ) ;
#5042 = DIRECTION ( 'NONE',  ( 0.0000000000000000000, 0.0000000000000000000, 1.000000000000000000 ) ) ;
#5043 = STYLED_ITEM ( 'NONE', ( #7261 ), #3341 ) ;
#5044 = ORIENTED_EDGE ( 'NONE', *, *, #2624, .F. ) ;
#5045 = CARTESIAN_POINT ( 'NONE',  ( -4.830000000000001000, 2.489499999999999200, -4.125000000000000000 ) ) ;
#5046 = CARTESIAN_POINT ( 'NONE',  ( -8.380000000000000800, 2.489499999999999200, 4.125000000000000000 ) ) ;
#5047 = DIRECTION ( 'NONE',  ( 0.0000000000000000000, 0.0000000000000000000, 1.000000000000000000 ) ) ;
#5048 = LINE ( 'NONE', #5518, #965 ) ;
#5049 = ORIENTED_EDGE ( 'NONE', *, *, #6265, .T. ) ;
#5050 = DIRECTION ( 'NONE',  ( -1.000000000000000000, -0.0000000000000000000, 0.0000000000000000000 ) ) ;
#5051 =( NAMED_UNIT ( * ) SI_UNIT ( $, .STERADIAN. ) SOLID_ANGLE_UNIT ( ) );
#5052 = CARTESIAN_POINT ( 'NONE',  ( -6.859999999999999400, 2.679999999999999300, 3.550000000000002500 ) ) ;
#5053 = ORIENTED_EDGE ( 'NONE', *, *, #167, .T. ) ;
#5054 = CARTESIAN_POINT ( 'NONE',  ( 5.839999999999999900, 2.489499999999999200, 3.934500000000000300 ) ) ;
#5055 = MECHANICAL_DESIGN_GEOMETRIC_PRESENTATION_REPRESENTATION (  '', ( #7272 ), #4409 ) ;
#5056 =( NAMED_UNIT ( * ) PLANE_ANGLE_UNIT ( ) SI_UNIT ( $, .RADIAN. ) );
#5057 = ORIENTED_EDGE ( 'NONE', *, *, #1811, .F. ) ;
#5058 = DIRECTION ( 'NONE',  ( 0.4999999999999977200, 0.8660254037844399300, -1.297447619602005500E-016 ) ) ;
#5059 = EDGE_CURVE ( 'NONE', #4041, #1631, #7225, .T. ) ;
#5060 = VECTOR ( 'NONE', #5317, 1000.000000000000000 ) ;
#5061 = ORIENTED_EDGE ( 'NONE', *, *, #1612, .F. ) ;
#5062 = EDGE_LOOP ( 'NONE', ( #3738, #5780, #7218, #5625 ) ) ;
#5063 =( NAMED_UNIT ( * ) SI_UNIT ( $, .STERADIAN. ) SOLID_ANGLE_UNIT ( ) );
#5064 = DIRECTION ( 'NONE',  ( 0.0000000000000000000, 5.027841771134210700E-016, -1.000000000000000000 ) ) ;
#5065 = CARTESIAN_POINT ( 'NONE',  ( -0.7600000000000002300, 2.489499999999999200, -4.375000000000000000 ) ) ;
#5066 = CARTESIAN_POINT ( 'NONE',  ( 0.2500000000000002200, 2.489499999999999200, 4.375000000000000000 ) ) ;
#5067 = EDGE_LOOP ( 'NONE', ( #6237, #3755, #5684, #269 ) ) ;
#5068 = EDGE_CURVE ( 'NONE', #3371, #2786, #4779, .T. ) ;
#5069 = EDGE_CURVE ( 'NONE', #5483, #4810, #3782, .T. ) ;
#5070 = ORIENTED_EDGE ( 'NONE', *, *, #3573, .F. ) ;
#5071 = EDGE_CURVE ( 'NONE', #3130, #4550, #4688, .T. ) ;
#5072 = EDGE_LOOP ( 'NONE', ( #2167, #5668, #1581, #1047 ) ) ;
#5073 = CARTESIAN_POINT ( 'NONE',  ( 2.155277674973255800, -5.051668046482832700E-016, -4.124999999999999100 ) ) ;
#5074 = LINE ( 'NONE', #4073, #5616 ) ;
#5075 = EDGE_CURVE ( 'NONE', #2175, #428, #2349, .T. ) ;
#5076 = ADVANCED_FACE ( 'NONE', ( #4144 ), #725, .F. ) ;
#5077 = LINE ( 'NONE', #245, #1721 ) ;
#5078 = ORIENTED_EDGE ( 'NONE', *, *, #1409, .T. ) ;
#5079 = DIRECTION ( 'NONE',  ( 0.0000000000000000000, 0.0000000000000000000, -1.000000000000000000 ) ) ;
#5080 = DIRECTION ( 'NONE',  ( 0.9914448613738104900, 0.1305261922200519100, -2.422369966424957900E-016 ) ) ;
#5081 = DIRECTION ( 'NONE',  ( -0.1294283079955639300, 0.9831056027603600800, 0.1294283079955639600 ) ) ;
#5082 = LINE ( 'NONE', #3039, #1907 ) ;
#5083 = ORIENTED_EDGE ( 'NONE', *, *, #5071, .F. ) ;
#5084 = CARTESIAN_POINT ( 'NONE',  ( 0.2500000000000002200, 2.679999999999999300, -3.550000000000002500 ) ) ;
#5085 = CARTESIAN_POINT ( 'NONE',  ( -5.840000000000001600, 0.6500000000000048000, -4.375000000000000900 ) ) ;
#5086 = LINE ( 'NONE', #7020, #3521 ) ;
#5087 = AXIS2_PLACEMENT_3D ( 'NONE', #1525, #7305, #6683 ) ;
#5088 = LINE ( 'NONE', #279, #4706 ) ;
#5089 = PLANE ( 'NONE',  #2027 ) ;
#5090 = DIRECTION ( 'NONE',  ( 0.0000000000000000000, 5.027841771134210700E-016, -1.000000000000000000 ) ) ;
#5091 = LINE ( 'NONE', #5106, #6453 ) ;
#5092 = ORIENTED_EDGE ( 'NONE', *, *, #2461, .F. ) ;
#5093 = ORIENTED_EDGE ( 'NONE', *, *, #125, .F. ) ;
#5094 = EDGE_CURVE ( 'NONE', #4550, #4027, #4514, .T. ) ;
#5095 = DIRECTION ( 'NONE',  ( -1.000000000000000000, -0.0000000000000000000, 0.0000000000000000000 ) ) ;
#5096 = DIRECTION ( 'NONE',  ( -1.000000000000000000, -0.0000000000000000000, 5.854691731421716100E-016 ) ) ;
#5097 = ORIENTED_EDGE ( 'NONE', *, *, #4509, .T. ) ;
#5098 = LINE ( 'NONE', #4922, #6636 ) ;
#5099 = DIRECTION ( 'NONE',  ( 0.0000000000000000000, 0.0000000000000000000, 1.000000000000000000 ) ) ;
#5100 = LINE ( 'NONE', #2002, #2638 ) ;
#5101 = DIRECTION ( 'NONE',  ( 0.0000000000000000000, -5.027841771134210700E-016, -1.000000000000000000 ) ) ;
#5102 = ORIENTED_EDGE ( 'NONE', *, *, #5005, .F. ) ;
#5103 = DIRECTION ( 'NONE',  ( 0.0000000000000000000, 1.000000000000000000, -1.127908631974522500E-015 ) ) ;
#5104 = VECTOR ( 'NONE', #3277, 1000.000000000000000 ) ;
#5105 = CARTESIAN_POINT ( 'NONE',  ( -4.830000000000001000, -3.299999999999999800, 4.124999999999999100 ) ) ;
#5106 = CARTESIAN_POINT ( 'NONE',  ( -7.370000000000000100, -3.299999999999999400, 4.375000000000000900 ) ) ;
#5107 = VECTOR ( 'NONE', #5420, 1000.000000000000000 ) ;
#5108 = LINE ( 'NONE', #1842, #4636 ) ;
#5109 = PLANE ( 'NONE',  #2676 ) ;
#5110 = EDGE_CURVE ( 'NONE', #5028, #2318, #3511, .T. ) ;
#5111 = EDGE_CURVE ( 'NONE', #1846, #2128, #6175, .T. ) ;
#5112 = CARTESIAN_POINT ( 'NONE',  ( 7.870000000000000100, -5.051668046482832700E-016, 4.124999999999999100 ) ) ;
#5113 = PLANE ( 'NONE',  #2141 ) ;
#5114 = PLANE ( 'NONE',  #5324 ) ;
#5115 = EDGE_CURVE ( 'NONE', #1586, #3897, #802, .T. ) ;
#5116 = ADVANCED_FACE ( 'NONE', ( #5709 ), #4184, .F. ) ;
#5117 = CARTESIAN_POINT ( 'NONE',  ( 6.859999999999999400, 2.489499999999999200, 3.934500000000000300 ) ) ;
#5118 = ORIENTED_EDGE ( 'NONE', *, *, #1135, .F. ) ;
#5119 = ORIENTED_EDGE ( 'NONE', *, *, #5168, .F. ) ;
#5120 = DIRECTION ( 'NONE',  ( -1.897542191401455100E-016, 0.0000000000000000000, -1.000000000000000000 ) ) ;
#5121 = VERTEX_POINT ( 'NONE', #2475 ) ;
#5122 = LINE ( 'NONE', #463, #2039 ) ;
#5123 = SURFACE_STYLE_USAGE ( .BOTH. , #6874 ) ;
#5124 = DIRECTION ( 'NONE',  ( 1.000000000000000000, 0.0000000000000000000, 0.0000000000000000000 ) ) ;
#5125 = AXIS2_PLACEMENT_3D ( 'NONE', #2793, #5103, #4459 ) ;
#5126 = ADVANCED_FACE ( 'NONE', ( #5248 ), #676, .F. ) ;
#5127 = FACE_OUTER_BOUND ( 'NONE', #3015, .T. ) ;
#5128 = ORIENTED_EDGE ( 'NONE', *, *, #1250, .T. ) ;
#5129 = DIRECTION ( 'NONE',  ( 0.0000000000000000000, 5.027841771134210700E-016, -1.000000000000000000 ) ) ;
#5130 = DIRECTION ( 'NONE',  ( 0.0000000000000000000, 5.027841771134210700E-016, -1.000000000000000000 ) ) ;
#5131 = ORIENTED_EDGE ( 'NONE', *, *, #1514, .F. ) ;
#5132 = VECTOR ( 'NONE', #2882, 1000.000000000000000 ) ;
#5133 = DIRECTION ( 'NONE',  ( -1.000000000000000000, -0.0000000000000000000, 0.0000000000000000000 ) ) ;
#5134 = VERTEX_POINT ( 'NONE', #5984 ) ;
#5135 = DIRECTION ( 'NONE',  ( 0.0000000000000000000, -5.027841771134210700E-016, 1.000000000000000000 ) ) ;
#5136 = ORIENTED_EDGE ( 'NONE', *, *, #4025, .T. ) ;
#5137 = PLANE ( 'NONE',  #1542 ) ;
#5138 = PLANE ( 'NONE',  #1551 ) ;
#5139 = ORIENTED_EDGE ( 'NONE', *, *, #7184, .T. ) ;
#5140 = EDGE_CURVE ( 'NONE', #6360, #5850, #6080, .T. ) ;
#5141 = DIRECTION ( 'NONE',  ( 1.000000000000000000, 0.0000000000000000000, 0.0000000000000000000 ) ) ;
#5142 = CARTESIAN_POINT ( 'NONE',  ( 7.370000000000000100, -3.299999999999999800, -4.124999999999999100 ) ) ;
#5143 = CARTESIAN_POINT ( 'NONE',  ( -4.830000000000001000, 2.489499999999999200, -3.934500000000000300 ) ) ;
#5144 = FACE_OUTER_BOUND ( 'NONE', #5411, .T. ) ;
#5145 = EDGE_LOOP ( 'NONE', ( #3739, #4627, #3705, #774 ) ) ;
#5146 = DIRECTION ( 'NONE',  ( 0.0000000000000000000, 5.027841771134210700E-016, 1.000000000000000000 ) ) ;
#5147 = AXIS2_PLACEMENT_3D ( 'NONE', #4258, #3628, #5354 ) ;
#5148 = ORIENTED_EDGE ( 'NONE', *, *, #5888, .F. ) ;
#5149 = CARTESIAN_POINT ( 'NONE',  ( -6.859999999999999400, -5.051668046482832700E-016, -4.124999999999999100 ) ) ;
#5150 = ADVANCED_FACE ( 'NONE', ( #1629 ), #266, .F. ) ;
#5151 = CARTESIAN_POINT ( 'NONE',  ( -6.859999999999999400, -5.051668046482832700E-016, -4.124999999999999100 ) ) ;
#5152 = DIRECTION ( 'NONE',  ( -1.000000000000000000, -0.0000000000000000000, 0.0000000000000000000 ) ) ;
#5153 = CARTESIAN_POINT ( 'NONE',  ( 8.380000000000000800, -3.794707603699265500E-016, 4.375000000000001800 ) ) ;
#5154 = AXIS2_PLACEMENT_3D ( 'NONE', #1116, #4055, #4085 ) ;
#5156 = DIRECTION ( 'NONE',  ( -1.000000000000000000, -0.0000000000000000000, 0.0000000000000000000 ) ) ;
#5155 = LINE ( 'NONE', #2333, #5703 ) ;
#5157 = EDGE_CURVE ( 'NONE', #1778, #4398, #2263, .T. ) ;
#5158 = ORIENTED_EDGE ( 'NONE', *, *, #1674, .T. ) ;
#5159 = DIRECTION ( 'NONE',  ( 0.0000000000000000000, 1.000000000000000000, -3.484080088324578000E-016 ) ) ;
#5160 = CARTESIAN_POINT ( 'NONE',  ( -8.380000000000000800, 2.679999999999999300, -3.550000000000002500 ) ) ;
#5161 = SURFACE_STYLE_USAGE ( .BOTH. , #4540 ) ;
#5162 = ADVANCED_FACE ( 'NONE', ( #2803 ), #6701, .T. ) ;
#5163 = LINE ( 'NONE', #1122, #1084 ) ;
#5164 = VECTOR ( 'NONE', #217, 1000.000000000000000 ) ;
#5165 = VECTOR ( 'NONE', #6595, 1000.000000000000000 ) ;
#5166 = VERTEX_POINT ( 'NONE', #6086 ) ;
#5167 = EDGE_CURVE ( 'NONE', #6234, #3652, #1252, .T. ) ;
#5168 = EDGE_CURVE ( 'NONE', #1484, #4374, #2611, .T. ) ;
#5169 = CARTESIAN_POINT ( 'NONE',  ( -6.859999999999999400, 0.6500000000000026900, 4.124999999999999100 ) ) ;
#5170 = EDGE_CURVE ( 'NONE', #585, #997, #3695, .T. ) ;
#5171 = LINE ( 'NONE', #3258, #5805 ) ;
#5172 = CIRCLE ( 'NONE', #1337, 0.4404999999999998900 ) ;
#5173 = VECTOR ( 'NONE', #6684, 1000.000000000000100 ) ;
#5174 = ORIENTED_EDGE ( 'NONE', *, *, #3005, .F. ) ;
#5175 = ORIENTED_EDGE ( 'NONE', *, *, #2959, .T. ) ;
#5176 = DIRECTION ( 'NONE',  ( 0.8660254037844399300, -0.4999999999999977200, 2.513920885567094000E-016 ) ) ;
#5177 = FACE_OUTER_BOUND ( 'NONE', #6875, .T. ) ;
#5178 = ORIENTED_EDGE ( 'NONE', *, *, #1726, .T. ) ;
#5179 = CARTESIAN_POINT ( 'NONE',  ( -4.320000000000001200, 2.679999999999998800, -3.934500000000000300 ) ) ;
#5180 = AXIS2_PLACEMENT_3D ( 'NONE', #1794, #4589, #4613 ) ;
#5181 = DIRECTION ( 'NONE',  ( 0.0000000000000000000, 0.0000000000000000000, -1.000000000000000000 ) ) ;
#5182 = VERTEX_POINT ( 'NONE', #5455 ) ;
#5183 = ORIENTED_EDGE ( 'NONE', *, *, #7117, .F. ) ;
#5184 = DIRECTION ( 'NONE',  ( -1.000000000000000000, -0.0000000000000000000, 0.0000000000000000000 ) ) ;
#5185 = ORIENTED_EDGE ( 'NONE', *, *, #6932, .T. ) ;
#5186 = EDGE_CURVE ( 'NONE', #5196, #2571, #5077, .T. ) ;
#5187 = LINE ( 'NONE', #1310, #2103 ) ;
#5188 = CARTESIAN_POINT ( 'NONE',  ( -6.859999999999999400, -5.051668046482832700E-016, -4.124999999999999100 ) ) ;
#5189 = VECTOR ( 'NONE', #2411, 1000.000000000000000 ) ;
#5190 = DIRECTION ( 'NONE',  ( 0.0000000000000000000, 1.000000000000000000, -1.498163464873311500E-016 ) ) ;
#5191 = VERTEX_POINT ( 'NONE', #3168 ) ;
#5192 = EDGE_CURVE ( 'NONE', #5166, #314, #1982, .T. ) ;
#5193 = VECTOR ( 'NONE', #5507, 1000.000000000000000 ) ;
#5194 = DIRECTION ( 'NONE',  ( 0.0000000000000000000, 0.0000000000000000000, -1.000000000000000000 ) ) ;
#5195 = VECTOR ( 'NONE', #919, 1000.000000000000000 ) ;
#5196 = VERTEX_POINT ( 'NONE', #6605 ) ;
#5197 =( GEOMETRIC_REPRESENTATION_CONTEXT ( 3 ) GLOBAL_UNCERTAINTY_ASSIGNED_CONTEXT ( ( #6060 ) ) GLOBAL_UNIT_ASSIGNED_CONTEXT ( ( #6305, #2828, #2252 ) ) REPRESENTATION_CONTEXT ( 'NONE', 'WORKASPACE' ) );
#5198 = CARTESIAN_POINT ( 'NONE',  ( -5.840000000000001600, 2.489499999999999200, -4.125000000000000000 ) ) ;
#5199 = CARTESIAN_POINT ( 'NONE',  ( -0.3847223250267439200, -4.456522286123197600E-016, -4.375000000000000000 ) ) ;
#5200 = DIRECTION ( 'NONE',  ( 0.0000000000000000000, 0.0000000000000000000, -1.000000000000000000 ) ) ;
#5201 = CARTESIAN_POINT ( 'NONE',  ( 2.790000000000000000, 2.489499999999999200, -4.125000000000000000 ) ) ;
#5202 = CARTESIAN_POINT ( 'NONE',  ( -1.780000000000000200, 2.489499999999999200, 3.934500000000000300 ) ) ;
#5203 = ORIENTED_EDGE ( 'NONE', *, *, #2189, .F. ) ;
#5204 = VERTEX_POINT ( 'NONE', #4848 ) ;
#5205 = CARTESIAN_POINT ( 'NONE',  ( -4.830000000000001000, -3.299999999999999800, 4.124999999999999100 ) ) ;
#5206 = VECTOR ( 'NONE', #3842, 1000.000000000000000 ) ;
#5207 = DIRECTION ( 'NONE',  ( 0.0000000000000000000, 0.0000000000000000000, 1.000000000000000000 ) ) ;
#5208 = EDGE_CURVE ( 'NONE', #916, #6101, #7429, .T. ) ;
#5209 = CARTESIAN_POINT ( 'NONE',  ( -2.790000000000000900, -3.299999999999999800, -4.124999999999999100 ) ) ;
#5210 = EDGE_CURVE ( 'NONE', #1126, #1417, #3960, .T. ) ;
#5211 = EDGE_CURVE ( 'NONE', #3524, #3048, #6277, .T. ) ;
#5212 = FACE_OUTER_BOUND ( 'NONE', #6148, .T. ) ;
#5213 = ORIENTED_EDGE ( 'NONE', *, *, #1854, .T. ) ;
#5214 = ORIENTED_EDGE ( 'NONE', *, *, #7345, .F. ) ;
#5215 = DIRECTION ( 'NONE',  ( 0.0000000000000000000, -1.000000000000000000, 0.0000000000000000000 ) ) ;
#5216 = LINE ( 'NONE', #413, #609 ) ;
#5217 = LINE ( 'NONE', #2623, #3663 ) ;
#5218 = ORIENTED_EDGE ( 'NONE', *, *, #4208, .T. ) ;
#5219 = ORIENTED_EDGE ( 'NONE', *, *, #3530, .T. ) ;
#5220 = VERTEX_POINT ( 'NONE', #3677 ) ;
#5221 = DIRECTION ( 'NONE',  ( -1.000000000000000000, -0.0000000000000000000, 0.0000000000000000000 ) ) ;
#5222 = PRESENTATION_LAYER_ASSIGNMENT (  '', '', ( #2879 ) ) ;
#5223 = DIRECTION ( 'NONE',  ( 0.0000000000000000000, 1.734723475976793700E-015, 1.000000000000000000 ) ) ;
#5224 = ADVANCED_FACE ( 'NONE', ( #170 ), #539, .T. ) ;
#5225 = DIRECTION ( 'NONE',  ( 0.0000000000000000000, -5.027841771134210700E-016, 1.000000000000000000 ) ) ;
#5226 = ORIENTED_EDGE ( 'NONE', *, *, #2056, .F. ) ;
#5227 = DIRECTION ( 'NONE',  ( -0.0000000000000000000, -1.734723475976793500E-015, -1.000000000000000000 ) ) ;
#5228 = DIRECTION ( 'NONE',  ( -0.4999999999999977200, -0.8660254037844399300, -1.297447619602005200E-016 ) ) ;
#5229 = ORIENTED_EDGE ( 'NONE', *, *, #4562, .F. ) ;
#5230 = CARTESIAN_POINT ( 'NONE',  ( 3.299999999999999800, -5.051668046482832700E-016, -4.124999999999999100 ) ) ;
#5231 = ADVANCED_FACE ( 'NONE', ( #1807 ), #2052, .F. ) ;
#5232 = ORIENTED_EDGE ( 'NONE', *, *, #3446, .F. ) ;
#5233 = ORIENTED_EDGE ( 'NONE', *, *, #5542, .F. ) ;
#5234 = ORIENTED_EDGE ( 'NONE', *, *, #3925, .F. ) ;
#5235 = AXIS2_PLACEMENT_3D ( 'NONE', #3207, #7259, #7292 ) ;
#5236 = EDGE_LOOP ( 'NONE', ( #4155, #7404, #7125, #7372 ) ) ;
#5237 = VECTOR ( 'NONE', #456, 1000.000000000000000 ) ;
#5238 = DIRECTION ( 'NONE',  ( 0.0000000000000000000, 5.027841771134210700E-016, -1.000000000000000000 ) ) ;
#5239 = EDGE_CURVE ( 'NONE', #3006, #6899, #4883, .T. ) ;
#5240 = FACE_OUTER_BOUND ( 'NONE', #5574, .T. ) ;
#5241 = ORIENTED_EDGE ( 'NONE', *, *, #7399, .F. ) ;
#5242 = CARTESIAN_POINT ( 'NONE',  ( -7.370000000000000100, 2.929999999999999300, -3.934500000000000300 ) ) ;
#5243 = EDGE_CURVE ( 'NONE', #1778, #1304, #3599, .T. ) ;
#5244 = MANIFOLD_SOLID_BREP ( 'LPattern1[9]', #6426 ) ;
#5245 = CARTESIAN_POINT ( 'NONE',  ( 5.839999999999999900, -3.794707603699265500E-016, 4.375000000000001800 ) ) ;
#5246 = EDGE_CURVE ( 'NONE', #3392, #145, #7512, .T. ) ;
#5247 = FACE_OUTER_BOUND ( 'NONE', #4068, .T. ) ;
#5248 = FACE_OUTER_BOUND ( 'NONE', #6591, .T. ) ;
#5249 = LINE ( 'NONE', #3797, #1171 ) ;
#5250 = ORIENTED_EDGE ( 'NONE', *, *, #7444, .T. ) ;
#5251 = CARTESIAN_POINT ( 'NONE',  ( 5.330000000000000100, 2.489499999999999200, -4.125000000000000000 ) ) ;
#5252 = ADVANCED_FACE ( 'NONE', ( #6891 ), #6765, .F. ) ;
#5253 = EDGE_CURVE ( 'NONE', #5857, #3048, #3997, .T. ) ;
#5254 = VECTOR ( 'NONE', #534, 1000.000000000000000 ) ;
#5255 = VERTEX_POINT ( 'NONE', #5650 ) ;
#5256 = DIRECTION ( 'NONE',  ( 1.000000000000000000, 0.0000000000000000000, -1.897542191401455100E-016 ) ) ;
#5257 = ADVANCED_FACE ( 'NONE', ( #7328 ), #4393, .T. ) ;
#5258 = ORIENTED_EDGE ( 'NONE', *, *, #6083, .F. ) ;
#5259 = CYLINDRICAL_SURFACE ( 'NONE', #2711, 0.4404999999999998900 ) ;
#5260 = ADVANCED_FACE ( 'NONE', ( #3463 ), #7311, .F. ) ;
#5261 = ORIENTED_EDGE ( 'NONE', *, *, #6254, .F. ) ;
#5262 = CARTESIAN_POINT ( 'NONE',  ( 2.790000000000000000, 2.489499999999999200, -3.934500000000000300 ) ) ;
#5263 = DIRECTION ( 'NONE',  ( -1.000000000000000000, -0.0000000000000000000, -0.0000000000000000000 ) ) ;
#5264 = ORIENTED_EDGE ( 'NONE', *, *, #4662, .T. ) ;
#5265 = LINE ( 'NONE', #790, #284 ) ;
#5266 = AXIS2_PLACEMENT_3D ( 'NONE', #1066, #5655, #6847 ) ;
#5267 = VERTEX_POINT ( 'NONE', #369 ) ;
#5268 = LINE ( 'NONE', #4386, #5195 ) ;
#5269 = CARTESIAN_POINT ( 'NONE',  ( 0.2500000000000002200, -3.299999999999999400, -4.375000000000000900 ) ) ;
#5270 = ORIENTED_EDGE ( 'NONE', *, *, #71, .T. ) ;
#5271 = LINE ( 'NONE', #5777, #3721 ) ;
#5272 = CARTESIAN_POINT ( 'NONE',  ( -10.00000000000002500, 2.679999999999999300, -3.549999999999985600 ) ) ;
#5273 = VECTOR ( 'NONE', #3970, 1000.000000000000000 ) ;
#5274 = FILL_AREA_STYLE_COLOUR ( '', #4182 ) ;
#5275 = LINE ( 'NONE', #7095, #6744 ) ;
#5276 = VECTOR ( 'NONE', #6533, 1000.000000000000000 ) ;
#5277 = STYLED_ITEM ( 'NONE', ( #992 ), #4360 ) ;
#5278 = ORIENTED_EDGE ( 'NONE', *, *, #6819, .T. ) ;
#5279 = LINE ( 'NONE', #5500, #5379 ) ;
#5280 = CARTESIAN_POINT ( 'NONE',  ( -2.290000000000000500, -3.299999999999999400, 4.375000000000000900 ) ) ;
#5281 = ORIENTED_EDGE ( 'NONE', *, *, #4423, .T. ) ;
#5282 = PRESENTATION_LAYER_ASSIGNMENT (  '', '', ( #5530 ) ) ;
#5283 = ORIENTED_EDGE ( 'NONE', *, *, #5795, .T. ) ;
#5284 = DIRECTION ( 'NONE',  ( -0.4999999999999967200, 0.8660254037844405900, -1.297447619602006000E-016 ) ) ;
#5285 = ADVANCED_FACE ( 'NONE', ( #7169 ), #5654, .T. ) ;
#5286 = LINE ( 'NONE', #781, #4474 ) ;
#5287 = DIRECTION ( 'NONE',  ( -1.000000000000000000, -0.0000000000000000000, -0.0000000000000000000 ) ) ;
#5288 = ORIENTED_EDGE ( 'NONE', *, *, #4861, .F. ) ;
#5289 = VERTEX_POINT ( 'NONE', #1034 ) ;
#5290 = VERTEX_POINT ( 'NONE', #3849 ) ;
#5291 = DIRECTION ( 'NONE',  ( -1.000000000000000000, -0.0000000000000000000, -0.0000000000000000000 ) ) ;
#5292 = ADVANCED_FACE ( 'NONE', ( #2471 ), #7278, .F. ) ;
#5293 = DIRECTION ( 'NONE',  ( 0.0000000000000000000, -5.027841771134210700E-016, -1.000000000000000000 ) ) ;
#5294 = LINE ( 'NONE', #6716, #6326 ) ;
#5295 = ORIENTED_EDGE ( 'NONE', *, *, #3388, .F. ) ;
#5296 = EDGE_CURVE ( 'NONE', #2115, #2728, #6742, .T. ) ;
#5297 = EDGE_LOOP ( 'NONE', ( #3603, #2339, #1593, #2926 ) ) ;
#5298 = LINE ( 'NONE', #3605, #3567 ) ;
#5299 = CARTESIAN_POINT ( 'NONE',  ( -6.859999999999999400, 2.929999999999999300, 3.550000000000002500 ) ) ;
#5300 = VERTEX_POINT ( 'NONE', #4418 ) ;
#5301 = EDGE_CURVE ( 'NONE', #4791, #1985, #1364, .T. ) ;
#5302 = CARTESIAN_POINT ( 'NONE',  ( 0.2500000000000002200, 2.929999999999999300, 3.550000000000002500 ) ) ;
#5303 = CARTESIAN_POINT ( 'NONE',  ( -1.780000000000000200, -5.051668046482832700E-016, -4.124999999999999100 ) ) ;
#5304 = EDGE_CURVE ( 'NONE', #2728, #854, #6211, .T. ) ;
#5305 = CIRCLE ( 'NONE', #4032, 0.1904999999999997000 ) ;
#5306 = VERTEX_POINT ( 'NONE', #5613 ) ;
#5307 = CARTESIAN_POINT ( 'NONE',  ( 5.839999999999999900, -3.794707603699265500E-016, -4.375000000000001800 ) ) ;
#5308 = DIRECTION ( 'NONE',  ( -0.4999999999999977200, -0.8660254037844399300, -1.297447619602005200E-016 ) ) ;
#5309 = DIRECTION ( 'NONE',  ( -0.0000000000000000000, -1.734723475976793500E-015, -1.000000000000000000 ) ) ;
#5310 = AXIS2_PLACEMENT_3D ( 'NONE', #6361, #5720, #1148 ) ;
#5311 = CARTESIAN_POINT ( 'NONE',  ( -7.370000000000000100, -3.299999999999999400, -4.375000000000000900 ) ) ;
#5312 = DIRECTION ( 'NONE',  ( -1.000000000000000000, -0.0000000000000000000, -0.0000000000000000000 ) ) ;
#5313 = DIRECTION ( 'NONE',  ( 1.000000000000000000, 0.0000000000000000000, -0.0000000000000000000 ) ) ;
#5314 = EDGE_CURVE ( 'NONE', #7256, #6877, #7365, .T. ) ;
#5315 = CARTESIAN_POINT ( 'NONE',  ( 0.2500000000000002200, 2.489499999999999200, -4.125000000000000000 ) ) ;
#5316 = VERTEX_POINT ( 'NONE', #3801 ) ;
#5317 = DIRECTION ( 'NONE',  ( 0.0000000000000000000, 1.127908631974522500E-015, -1.000000000000000000 ) ) ;
#5318 = CARTESIAN_POINT ( 'NONE',  ( 5.330000000000000100, 2.679999999999999300, 3.550000000000002500 ) ) ;
#5319 = EDGE_CURVE ( 'NONE', #2151, #2382, #1928, .T. ) ;
#5320 = LINE ( 'NONE', #1933, #2601 ) ;
#5321 = VERTEX_POINT ( 'NONE', #447 ) ;
#5322 = DIRECTION ( 'NONE',  ( 0.0000000000000000000, -1.000000000000000000, -1.498163464873311700E-016 ) ) ;
#5323 = ADVANCED_FACE ( 'NONE', ( #4274 ), #4494, .F. ) ;
#5324 = AXIS2_PLACEMENT_3D ( 'NONE', #5698, #2228, #6428 ) ;
#5325 = VECTOR ( 'NONE', #2251, 1000.000000000000000 ) ;
#5326 = DIRECTION ( 'NONE',  ( -1.000000000000000000, -0.0000000000000000000, 0.0000000000000000000 ) ) ;
#5327 = MECHANICAL_DESIGN_GEOMETRIC_PRESENTATION_REPRESENTATION (  '', ( #2473 ), #1845 ) ;
#5328 = VECTOR ( 'NONE', #5935, 1000.000000000000000 ) ;
#5329 = LINE ( 'NONE', #2862, #4145 ) ;
#5330 = EDGE_CURVE ( 'NONE', #6101, #973, #4630, .T. ) ;
#5331 = VERTEX_POINT ( 'NONE', #1507 ) ;
#5332 = CARTESIAN_POINT ( 'NONE',  ( 8.380000000000000800, 2.679999999999999300, -3.550000000000002500 ) ) ;
#5333 = MANIFOLD_SOLID_BREP ( 'LPattern1[2]', #6893 ) ;
#5334 = ADVANCED_FACE ( 'NONE', ( #5453 ), #4979, .F. ) ;
#5335 = DIRECTION ( 'NONE',  ( -1.000000000000000000, -0.0000000000000000000, -0.0000000000000000000 ) ) ;
#5336 = LINE ( 'NONE', #5381, #7233 ) ;
#5337 = EDGE_CURVE ( 'NONE', #5539, #2586, #3905, .T. ) ;
#5338 = FACE_OUTER_BOUND ( 'NONE', #3134, .T. ) ;
#5339 = ORIENTED_EDGE ( 'NONE', *, *, #4075, .F. ) ;
#5340 = DIRECTION ( 'NONE',  ( -1.000000000000000000, -0.0000000000000000000, 0.0000000000000000000 ) ) ;
#5341 = ORIENTED_EDGE ( 'NONE', *, *, #6932, .F. ) ;
#5342 = EDGE_CURVE ( 'NONE', #6632, #2046, #6836, .T. ) ;
#5343 = VERTEX_POINT ( 'NONE', #2801 ) ;
#5344 = CARTESIAN_POINT ( 'NONE',  ( 6.859999999999999400, 0.6500000000000045700, 4.124999999999999100 ) ) ;
#5345 = EDGE_CURVE ( 'NONE', #1779, #7480, #935, .T. ) ;
#5346 = FACE_OUTER_BOUND ( 'NONE', #1479, .T. ) ;
#5347 = VECTOR ( 'NONE', #7230, 1000.000000000000000 ) ;
#5348 = VERTEX_POINT ( 'NONE', #1641 ) ;
#5349 = ORIENTED_EDGE ( 'NONE', *, *, #7000, .T. ) ;
#5350 = LINE ( 'NONE', #1359, #5733 ) ;
#5351 = CARTESIAN_POINT ( 'NONE',  ( 1.688812550347291500E-016, 5.099999999999997000, 0.8899999999999982400 ) ) ;
#5352 = FACE_OUTER_BOUND ( 'NONE', #2998, .T. ) ;
#5353 = AXIS2_PLACEMENT_3D ( 'NONE', #6401, #490, #3402 ) ;
#5354 = DIRECTION ( 'NONE',  ( 1.000000000000000000, 0.0000000000000000000, 0.0000000000000000000 ) ) ;
#5355 = DIRECTION ( 'NONE',  ( 0.0000000000000000000, 5.027841771134210700E-016, -1.000000000000000000 ) ) ;
#5356 = ORIENTED_EDGE ( 'NONE', *, *, #6095, .T. ) ;
#5357 = ORIENTED_EDGE ( 'NONE', *, *, #4178, .F. ) ;
#5358 = FILL_AREA_STYLE ('',( #104 ) ) ;
#5359 = FACE_OUTER_BOUND ( 'NONE', #445, .T. ) ;
#5360 = VECTOR ( 'NONE', #6184, 1000.000000000000000 ) ;
#5361 = DIRECTION ( 'NONE',  ( 0.0000000000000000000, -1.000000000000000000, -6.968160176649155900E-016 ) ) ;
#5362 = CARTESIAN_POINT ( 'NONE',  ( 5.839999999999999900, 2.929999999999999300, 3.934500000000000300 ) ) ;
#5363 = ORIENTED_EDGE ( 'NONE', *, *, #7399, .T. ) ;
#5364 = EDGE_CURVE ( 'NONE', #4579, #2614, #3722, .T. ) ;
#5365 = VECTOR ( 'NONE', #2869, 1000.000000000000000 ) ;
#5366 = ADVANCED_FACE ( 'NONE', ( #751 ), #6325, .T. ) ;
#5367 = DIRECTION ( 'NONE',  ( 0.0000000000000000000, -1.000000000000000000, -6.968160176649155900E-016 ) ) ;
#5368 = ORIENTED_EDGE ( 'NONE', *, *, #3209, .F. ) ;
#5369 = CARTESIAN_POINT ( 'NONE',  ( 5.839999999999999900, -5.051668046482832700E-016, 4.124999999999999100 ) ) ;
#5370 = CARTESIAN_POINT ( 'NONE',  ( 0.2500000000000002200, 2.489499999999999200, -3.934500000000000300 ) ) ;
#5371 = CARTESIAN_POINT ( 'NONE',  ( -0.7600000000000002300, 2.929999999999999300, 3.550000000000002500 ) ) ;
#5372 = ADVANCED_FACE ( 'NONE', ( #3285 ), #1150, .F. ) ;
#5374 = ORIENTED_EDGE ( 'NONE', *, *, #1682, .T. ) ;
#5373 = CARTESIAN_POINT ( 'NONE',  ( 2.790000000000000000, 2.489499999999999200, 4.375000000000000000 ) ) ;
#5375 = ORIENTED_EDGE ( 'NONE', *, *, #3852, .F. ) ;
#5376 = AXIS2_PLACEMENT_3D ( 'NONE', #7310, #3167, #4368 ) ;
#5377 = EDGE_LOOP ( 'NONE', ( #4931, #3448, #6274, #629, #1441, #6820, #3869, #1262 ) ) ;
#5378 = CIRCLE ( 'NONE', #5353, 0.1904999999999997000 ) ;
#5379 = VECTOR ( 'NONE', #1501, 1000.000000000000000 ) ;
#5380 = DIRECTION ( 'NONE',  ( 0.0000000000000000000, 0.0000000000000000000, 1.000000000000000000 ) ) ;
#5381 = CARTESIAN_POINT ( 'NONE',  ( 0.7600000000000002300, -3.794707603699265500E-016, 4.375000000000001800 ) ) ;
#5382 = EDGE_LOOP ( 'NONE', ( #1867, #3541, #3378, #3895 ) ) ;
#5383 = DIRECTION ( 'NONE',  ( 0.0000000000000000000, 0.0000000000000000000, -1.000000000000000000 ) ) ;
#5384 = ADVANCED_FACE ( 'NONE', ( #2210 ), #550, .F. ) ;
#5385 = LINE ( 'NONE', #1142, #5132 ) ;
#5386 = CARTESIAN_POINT ( 'NONE',  ( -4.320000000000001200, 0.6500000000000026900, -4.124999999999999100 ) ) ;
#5387 = ORIENTED_EDGE ( 'NONE', *, *, #4519, .T. ) ;
#5388 = EDGE_CURVE ( 'NONE', #4570, #3166, #652, .T. ) ;
#5389 = AXIS2_PLACEMENT_3D ( 'NONE', #5370, #4840, #4758 ) ;
#5390 = FACE_OUTER_BOUND ( 'NONE', #881, .T. ) ;
#5391 = DIRECTION ( 'NONE',  ( 0.0000000000000000000, 0.0000000000000000000, 1.000000000000000000 ) ) ;
#5392 = VECTOR ( 'NONE', #2059, 1000.000000000000000 ) ;
#5393 = ORIENTED_EDGE ( 'NONE', *, *, #6223, .T. ) ;
#5394 = DIRECTION ( 'NONE',  ( 0.0000000000000000000, 0.0000000000000000000, 1.000000000000000000 ) ) ;
#5395 = CARTESIAN_POINT ( 'NONE',  ( -6.859999999999999400, 2.489499999999999200, -3.934500000000000300 ) ) ;
#5396 = ORIENTED_EDGE ( 'NONE', *, *, #3548, .F. ) ;
#5397 = CARTESIAN_POINT ( 'NONE',  ( -5.840000000000001600, 2.679999999999998800, 3.934500000000000300 ) ) ;
#5398 = DIRECTION ( 'NONE',  ( 0.8660254037844399300, -0.4999999999999977200, -2.513920885567094000E-016 ) ) ;
#5399 = ORIENTED_EDGE ( 'NONE', *, *, #6863, .T. ) ;
#5400 = CARTESIAN_POINT ( 'NONE',  ( 1.779999999999999400, 2.929999999999999300, 3.934500000000000300 ) ) ;
#5401 = DIRECTION ( 'NONE',  ( 0.0000000000000000000, 5.027841771134210700E-016, 1.000000000000000000 ) ) ;
#5402 = EDGE_CURVE ( 'NONE', #1134, #6864, #3818, .T. ) ;
#5403 = LINE ( 'NONE', #3616, #2866 ) ;
#5404 = ORIENTED_EDGE ( 'NONE', *, *, #3460, .F. ) ;
#5405 = VERTEX_POINT ( 'NONE', #1131 ) ;
#5406 = DIRECTION ( 'NONE',  ( -1.000000000000000000, -0.0000000000000000000, 0.0000000000000000000 ) ) ;
#5407 = DIRECTION ( 'NONE',  ( -1.000000000000000000, -0.0000000000000000000, -0.0000000000000000000 ) ) ;
#5408 = DIRECTION ( 'NONE',  ( 0.0000000000000000000, -1.498163464873311700E-016, -1.000000000000000000 ) ) ;
#5409 = ORIENTED_EDGE ( 'NONE', *, *, #4465, .F. ) ;
#5410 = CARTESIAN_POINT ( 'NONE',  ( 8.380000000000000800, 0.6500000000000025800, -4.125000000000000000 ) ) ;
#5411 = EDGE_LOOP ( 'NONE', ( #1564, #6688, #3883, #2199, #1177, #322, #1420, #281, #6535, #7383 ) ) ;
#5412 = CARTESIAN_POINT ( 'NONE',  ( 5.330000000000000100, 2.489499999999999200, 3.934500000000000300 ) ) ;
#5413 = EDGE_CURVE ( 'NONE', #4064, #4458, #835, .T. ) ;
#5414 = CARTESIAN_POINT ( 'NONE',  ( -8.004722325026744300, -3.794707603699265500E-016, -4.375000000000001800 ) ) ;
#5415 = CARTESIAN_POINT ( 'NONE',  ( -2.790000000000000900, -3.794707603699265500E-016, 4.375000000000001800 ) ) ;
#5416 = LINE ( 'NONE', #3607, #2880 ) ;
#5417 = VERTEX_POINT ( 'NONE', #1619 ) ;
#5418 = AXIS2_PLACEMENT_3D ( 'NONE', #6270, #467, #3406 ) ;
#5419 = CARTESIAN_POINT ( 'NONE',  ( -1.780000000000000200, 0.6500000000000028000, -4.375000000000000900 ) ) ;
#5420 = DIRECTION ( 'NONE',  ( 0.0000000000000000000, -1.000000000000000000, 1.498163464873311700E-016 ) ) ;
#5421 = DIRECTION ( 'NONE',  ( 0.0000000000000000000, 1.000000000000000000, 0.0000000000000000000 ) ) ;
#5422 = CARTESIAN_POINT ( 'NONE',  ( 0.2500000000000002200, 2.929999999999999300, -3.550000000000002500 ) ) ;
#5423 = LINE ( 'NONE', #5307, #7138 ) ;
#5424 = VECTOR ( 'NONE', #1058, 1000.000000000000000 ) ;
#5425 = VERTEX_POINT ( 'NONE', #4512 ) ;
#5426 = ORIENTED_EDGE ( 'NONE', *, *, #6626, .F. ) ;
#5427 = AXIS2_PLACEMENT_3D ( 'NONE', #717, #161, #5523 ) ;
#5428 = DIRECTION ( 'NONE',  ( -1.000000000000000000, -0.0000000000000000000, 0.0000000000000000000 ) ) ;
#5429 = VECTOR ( 'NONE', #7422, 1000.000000000000000 ) ;
#5430 = VECTOR ( 'NONE', #1211, 1000.000000000000000 ) ;
#5431 = ORIENTED_EDGE ( 'NONE', *, *, #2300, .F. ) ;
#5432 = EDGE_LOOP ( 'NONE', ( #5791, #3035, #6871, #231, #2048, #3458, #4940, #5278, #4134, #3405 ) ) ;
#5433 = CARTESIAN_POINT ( 'NONE',  ( 0.7600000000000002300, 0.6500000000000026900, -4.124999999999999100 ) ) ;
#5434 = EDGE_CURVE ( 'NONE', #3681, #5348, #2919, .T. ) ;
#5435 = VECTOR ( 'NONE', #1785, 1000.000000000000000 ) ;
#5436 = EDGE_CURVE ( 'NONE', #6955, #5300, #5008, .T. ) ;
#5437 = LINE ( 'NONE', #2599, #3707 ) ;
#5438 = DIRECTION ( 'NONE',  ( -1.000000000000000000, -0.0000000000000000000, -0.0000000000000000000 ) ) ;
#5439 = ORIENTED_EDGE ( 'NONE', *, *, #3263, .F. ) ;
#5440 = CARTESIAN_POINT ( 'NONE',  ( 7.870000000000000100, -3.299999999999999800, 4.124999999999999100 ) ) ;
#5441 = ORIENTED_EDGE ( 'NONE', *, *, #3089, .T. ) ;
#5442 = DIRECTION ( 'NONE',  ( 0.0000000000000000000, 1.000000000000000000, 0.0000000000000000000 ) ) ;
#5443 = FACE_OUTER_BOUND ( 'NONE', #3519, .T. ) ;
#5444 = CARTESIAN_POINT ( 'NONE',  ( 7.870000000000000100, 2.489499999999999200, 4.125000000000000000 ) ) ;
#5445 = ORIENTED_EDGE ( 'NONE', *, *, #1951, .F. ) ;
#5446 = FACE_OUTER_BOUND ( 'NONE', #5838, .T. ) ;
#5447 = CARTESIAN_POINT ( 'NONE',  ( -0.7600000000000002300, 2.489499999999999200, -3.934500000000000300 ) ) ;
#5448 = CARTESIAN_POINT ( 'NONE',  ( 2.924722325026743800, -5.051668046482832700E-016, 4.124999999999999100 ) ) ;
#5449 = ORIENTED_EDGE ( 'NONE', *, *, #2274, .F. ) ;
#5450 = CARTESIAN_POINT ( 'NONE',  ( 10.00000000000000400, 0.5100000000000000100, 3.264314080235353200 ) ) ;
#5451 = VECTOR ( 'NONE', #4098, 1000.000000000000000 ) ;
#5452 = ORIENTED_EDGE ( 'NONE', *, *, #5701, .F. ) ;
#5453 = FACE_OUTER_BOUND ( 'NONE', #3496, .T. ) ;
#5454 = AXIS2_PLACEMENT_3D ( 'NONE', #5015, #1546, #4329 ) ;
#5455 = CARTESIAN_POINT ( 'NONE',  ( 0.7600000000000002300, 0.6500000000000026900, 4.124999999999999100 ) ) ;
#5456 = ADVANCED_FACE ( 'NONE', ( #579 ), #5114, .F. ) ;
#5457 = CIRCLE ( 'NONE', #4093, 0.1904999999999997000 ) ;
#5458 = DIRECTION ( 'NONE',  ( 0.0000000000000000000, -1.000000000000000000, 0.0000000000000000000 ) ) ;
#5459 = EDGE_LOOP ( 'NONE', ( #5399, #3877, #3124, #1784 ) ) ;
#5460 = DIRECTION ( 'NONE',  ( -1.000000000000000000, -0.0000000000000000000, 0.0000000000000000000 ) ) ;
#5461 = ORIENTED_EDGE ( 'NONE', *, *, #6959, .T. ) ;
#5462 = EDGE_CURVE ( 'NONE', #6299, #6632, #205, .T. ) ;
#5463 =( GEOMETRIC_REPRESENTATION_CONTEXT ( 3 ) GLOBAL_UNCERTAINTY_ASSIGNED_CONTEXT ( ( #6306 ) ) GLOBAL_UNIT_ASSIGNED_CONTEXT ( ( #4123, #1228, #2538 ) ) REPRESENTATION_CONTEXT ( 'NONE', 'WORKASPACE' ) );
#5464 = DIRECTION ( 'NONE',  ( 1.000000000000000000, 0.0000000000000000000, -0.0000000000000000000 ) ) ;
#5465 = ORIENTED_EDGE ( 'NONE', *, *, #936, .F. ) ;
#5466 = CIRCLE ( 'NONE', #1689, 0.8900000000000001200 ) ;
#5467 = EDGE_CURVE ( 'NONE', #3329, #1872, #5553, .T. ) ;
#5468 = ORIENTED_EDGE ( 'NONE', *, *, #6149, .F. ) ;
#5469 = ORIENTED_EDGE ( 'NONE', *, *, #5892, .F. ) ;
#5470 = LINE ( 'NONE', #4944, #2393 ) ;
#5471 = CARTESIAN_POINT ( 'NONE',  ( 4.829999999999999200, -3.299999999999999400, -4.375000000000000900 ) ) ;
#5472 = CARTESIAN_POINT ( 'NONE',  ( 0.2500000000000002200, 2.489499999999999200, -4.125000000000000000 ) ) ;
#5473 = MANIFOLD_SOLID_BREP ( 'Mirror1', #4772 ) ;
#5474 = VECTOR ( 'NONE', #1345, 1000.000000000000000 ) ;
#5475 = ORIENTED_EDGE ( 'NONE', *, *, #5748, .T. ) ;
#5476 = FACE_OUTER_BOUND ( 'NONE', #484, .T. ) ;
#5477 = DIRECTION ( 'NONE',  ( -1.000000000000000000, -0.0000000000000000000, -0.0000000000000000000 ) ) ;
#5478 = ORIENTED_EDGE ( 'NONE', *, *, #254, .T. ) ;
#5479 = DIRECTION ( 'NONE',  ( 1.000000000000000000, 0.0000000000000000000, -0.0000000000000000000 ) ) ;
#5480 = VECTOR ( 'NONE', #501, 1000.000000000000000 ) ;
#5481 = VECTOR ( 'NONE', #5882, 1000.000000000000000 ) ;
#5483 = VERTEX_POINT ( 'NONE', #4726 ) ;
#5482 = DIRECTION ( 'NONE',  ( 0.0000000000000000000, 5.027841771134210700E-016, -1.000000000000000000 ) ) ;
#5484 = EDGE_CURVE ( 'NONE', #4510, #412, #5074, .T. ) ;
#5485 = EDGE_CURVE ( 'NONE', #2571, #6101, #6436, .T. ) ;
#5486 = EDGE_CURVE ( 'NONE', #7104, #7185, #3066, .T. ) ;
#5487 = EDGE_CURVE ( 'NONE', #5417, #3130, #2034, .T. ) ;
#5488 = LINE ( 'NONE', #5548, #1141 ) ;
#5489 = CARTESIAN_POINT ( 'NONE',  ( -3.300000000000000700, 2.679999999999998800, -3.934500000000000300 ) ) ;
#5490 = EDGE_LOOP ( 'NONE', ( #5022, #6037, #6972, #5174, #3777, #1819, #4560, #4677 ) ) ;
#5491 = CARTESIAN_POINT ( 'NONE',  ( -4.830000000000001000, 2.489499999999999200, 4.375000000000000000 ) ) ;
#5492 = ORIENTED_EDGE ( 'NONE', *, *, #1943, .T. ) ;
#5493 = CARTESIAN_POINT ( 'NONE',  ( 2.790000000000000000, 2.489499999999999200, -4.125000000000000000 ) ) ;
#5494 = DIRECTION ( 'NONE',  ( 0.0000000000000000000, 0.0000000000000000000, -1.000000000000000000 ) ) ;
#5495 = VERTEX_POINT ( 'NONE', #4045 ) ;
#5496 = CARTESIAN_POINT ( 'NONE',  ( 1.779999999999999400, 2.679999999999999300, -3.550000000000002500 ) ) ;
#5497 = VERTEX_POINT ( 'NONE', #2414 ) ;
#5498 = CARTESIAN_POINT ( 'NONE',  ( -8.004722325026744300, -5.051668046482832700E-016, -4.124999999999999100 ) ) ;
#5499 = EDGE_CURVE ( 'NONE', #2607, #3942, #2555, .T. ) ;
#5500 = CARTESIAN_POINT ( 'NONE',  ( -7.370000000000000100, 2.679999999999999300, 3.550000000000002500 ) ) ;
#5501 = VERTEX_POINT ( 'NONE', #1767 ) ;
#5502 = CARTESIAN_POINT ( 'NONE',  ( -2.924722325026744700, -5.051668046482832700E-016, 4.124999999999999100 ) ) ;
#5503 = DIRECTION ( 'NONE',  ( 0.0000000000000000000, -1.127908631974522500E-015, -1.000000000000000000 ) ) ;
#5504 = CARTESIAN_POINT ( 'NONE',  ( -2.790000000000000900, 2.489499999999999200, 4.125000000000000000 ) ) ;
#5505 = FACE_OUTER_BOUND ( 'NONE', #6327, .T. ) ;
#5506 = ORIENTED_EDGE ( 'NONE', *, *, #6298, .F. ) ;
#5507 = DIRECTION ( 'NONE',  ( 0.0000000000000000000, 1.127908631974522500E-015, -1.000000000000000000 ) ) ;
#5508 = AXIS2_PLACEMENT_3D ( 'NONE', #478, #2183, #1622 ) ;
#5509 = EDGE_LOOP ( 'NONE', ( #6471, #5024, #389, #6074 ) ) ;
#5510 = DIRECTION ( 'NONE',  ( 0.0000000000000000000, -1.000000000000000000, -1.498163464873311700E-016 ) ) ;
#5511 = LINE ( 'NONE', #7442, #2178 ) ;
#5512 = LINE ( 'NONE', #2040, #3433 ) ;
#5513 = VERTEX_POINT ( 'NONE', #3472 ) ;
#5514 = ORIENTED_EDGE ( 'NONE', *, *, #5462, .T. ) ;
#5515 = CARTESIAN_POINT ( 'NONE',  ( 2.289999999999999600, 2.489499999999999200, 4.125000000000000000 ) ) ;
#5516 = VECTOR ( 'NONE', #5590, 1000.000000000000000 ) ;
#5517 = AXIS2_PLACEMENT_3D ( 'NONE', #3093, #2519, #819 ) ;
#5518 = CARTESIAN_POINT ( 'NONE',  ( 7.370000000000000100, -3.299999999999999800, -4.124999999999999100 ) ) ;
#5519 = DIRECTION ( 'NONE',  ( -0.0000000000000000000, 0.0000000000000000000, 1.000000000000000000 ) ) ;
#5520 = LINE ( 'NONE', #3922, #7513 ) ;
#5521 = ORIENTED_EDGE ( 'NONE', *, *, #2836, .F. ) ;
#5522 = DIRECTION ( 'NONE',  ( 0.0000000000000000000, -1.127908631974522500E-015, 1.000000000000000000 ) ) ;
#5523 = DIRECTION ( 'NONE',  ( -2.443272501375788900E-016, 0.0000000000000000000, -1.000000000000000000 ) ) ;
#5524 = EDGE_LOOP ( 'NONE', ( #220, #5469, #5903, #497, #100, #2479, #508, #1558, #2351, #4516 ) ) ;
#5525 = DIRECTION ( 'NONE',  ( 0.0000000000000000000, 1.000000000000000000, 0.0000000000000000000 ) ) ;
#5526 = PLANE ( 'NONE',  #47 ) ;
#5527 = COLOUR_RGB ( '',0.7921568627450980000, 0.8196078431372548800, 0.9333333333333333500 ) ;
#5528 = FACE_OUTER_BOUND ( 'NONE', #4811, .T. ) ;
#5529 = ORIENTED_EDGE ( 'NONE', *, *, #4702, .F. ) ;
#5530 = STYLED_ITEM ( 'NONE', ( #2187 ), #6693 ) ;
#5531 = DIRECTION ( 'NONE',  ( 0.0000000000000000000, 1.734723475976793700E-015, 1.000000000000000000 ) ) ;
#5532 = VERTEX_POINT ( 'NONE', #120 ) ;
#5533 = ORIENTED_EDGE ( 'NONE', *, *, #6618, .T. ) ;
#5534 = ORIENTED_EDGE ( 'NONE', *, *, #6913, .T. ) ;
#5535 = DIRECTION ( 'NONE',  ( 0.0000000000000000000, 0.0000000000000000000, 1.000000000000000000 ) ) ;
#5536 = FACE_OUTER_BOUND ( 'NONE', #1035, .T. ) ;
#5537 = VECTOR ( 'NONE', #5973, 1000.000000000000000 ) ;
#5538 = PLANE ( 'NONE',  #1786 ) ;
#5539 = VERTEX_POINT ( 'NONE', #5209 ) ;
#5540 = LINE ( 'NONE', #5798, #3283 ) ;
#5541 = DIRECTION ( 'NONE',  ( 0.0000000000000000000, -1.000000000000000000, 0.0000000000000000000 ) ) ;
#5542 = EDGE_CURVE ( 'NONE', #2728, #3440, #582, .T. ) ;
#5543 = VECTOR ( 'NONE', #3700, 1000.000000000000000 ) ;
#5544 = DIRECTION ( 'NONE',  ( 1.000000000000000000, -0.0000000000000000000, -5.854691731421716100E-016 ) ) ;
#5545 = VECTOR ( 'NONE', #6341, 1000.000000000000000 ) ;
#5546 = EDGE_CURVE ( 'NONE', #7187, #5425, #2378, .T. ) ;
#5547 = LINE ( 'NONE', #421, #6928 ) ;
#5548 = CARTESIAN_POINT ( 'NONE',  ( 0.2500000000000002200, -3.299999999999999800, -4.124999999999999100 ) ) ;
#5549 = DIRECTION ( 'NONE',  ( 2.443272501375788900E-016, -0.0000000000000000000, 1.000000000000000000 ) ) ;
#5550 = ORIENTED_EDGE ( 'NONE', *, *, #6534, .F. ) ;
#5551 = DIRECTION ( 'NONE',  ( 1.000000000000000000, 0.0000000000000000000, 0.0000000000000000000 ) ) ;
#5552 = DIRECTION ( 'NONE',  ( 0.0000000000000000000, -5.027841771134210700E-016, 1.000000000000000000 ) ) ;
#5553 = LINE ( 'NONE', #6452, #1117 ) ;
#5554 = DIRECTION ( 'NONE',  ( 0.0000000000000000000, 1.000000000000000000, 0.0000000000000000000 ) ) ;
#5555 = SURFACE_STYLE_USAGE ( .BOTH. , #1471 ) ;
#5556 = DIRECTION ( 'NONE',  ( -1.000000000000000000, -0.0000000000000000000, -0.0000000000000000000 ) ) ;
#5557 = AXIS2_PLACEMENT_3D ( 'NONE', #5781, #5215, #1816 ) ;
#5558 = CARTESIAN_POINT ( 'NONE',  ( 3.299999999999999800, -5.051668046482832700E-016, -4.124999999999999100 ) ) ;
#5559 = PLANE ( 'NONE',  #7210 ) ;
#5560 = ORIENTED_EDGE ( 'NONE', *, *, #4517, .F. ) ;
#5561 = ORIENTED_EDGE ( 'NONE', *, *, #5140, .F. ) ;
#5562 =( NAMED_UNIT ( * ) SI_UNIT ( $, .STERADIAN. ) SOLID_ANGLE_UNIT ( ) );
#5563 = ORIENTED_EDGE ( 'NONE', *, *, #6808, .F. ) ;
#5564 = FACE_OUTER_BOUND ( 'NONE', #4731, .T. ) ;
#5566 = EDGE_CURVE ( 'NONE', #1450, #791, #4719, .T. ) ;
#5565 = CARTESIAN_POINT ( 'NONE',  ( -6.859999999999999400, 0.6500000000000026900, 4.124999999999999100 ) ) ;
#5567 = CARTESIAN_POINT ( 'NONE',  ( -5.330000000000001800, 2.489499999999999200, -4.375000000000000000 ) ) ;
#5568 = ORIENTED_EDGE ( 'NONE', *, *, #4327, .T. ) ;
#5569 = EDGE_LOOP ( 'NONE', ( #2718, #1936, #4805, #2399, #3260, #1657, #4019, #2625 ) ) ;
#5570 = LINE ( 'NONE', #1781, #2400 ) ;
#5571 = ORIENTED_EDGE ( 'NONE', *, *, #1124, .T. ) ;
#5572 = CARTESIAN_POINT ( 'NONE',  ( 4.829999999999999200, 2.489499999999999200, 4.375000000000000000 ) ) ;
#5573 = AXIS2_PLACEMENT_3D ( 'NONE', #1415, #5525, #864 ) ;
#5574 = EDGE_LOOP ( 'NONE', ( #1043, #5715, #2097, #2017 ) ) ;
#5575 = SURFACE_SIDE_STYLE ('',( #6907 ) ) ;
#5576 = LINE ( 'NONE', #5040, #3745 ) ;
#5577 = ORIENTED_EDGE ( 'NONE', *, *, #7337, .F. ) ;
#5578 = PLANE ( 'NONE',  #35 ) ;
#5579 = CARTESIAN_POINT ( 'NONE',  ( 10.00000000000000200, 5.099999999999997000, -3.264314080235347900 ) ) ;
#5580 = VERTEX_POINT ( 'NONE', #1175 ) ;
#5581 = CARTESIAN_POINT ( 'NONE',  ( -0.7600000000000002300, 2.679999999999998800, -3.934500000000000300 ) ) ;
#5582 = CARTESIAN_POINT ( 'NONE',  ( -2.790000000000000900, -4.336808689942017700E-016, -3.934500000000001200 ) ) ;
#5583 = ORIENTED_EDGE ( 'NONE', *, *, #6188, .T. ) ;
#5584 = CARTESIAN_POINT ( 'NONE',  ( 5.330000000000000100, 2.489499999999999200, 4.375000000000000000 ) ) ;
#5585 = EDGE_CURVE ( 'NONE', #724, #5532, #5009, .T. ) ;
#5586 = AXIS2_PLACEMENT_3D ( 'NONE', #4125, #2921, #4632 ) ;
#5587 = AXIS2_PLACEMENT_3D ( 'NONE', #2997, #5880, #2502 ) ;
#5588 = PLANE ( 'NONE',  #1799 ) ;
#5589 = CARTESIAN_POINT ( 'NONE',  ( -6.859999999999999400, 2.929999999999999300, 3.934500000000000300 ) ) ;
#5590 = DIRECTION ( 'NONE',  ( -1.000000000000000000, -0.0000000000000000000, 0.0000000000000000000 ) ) ;
#5591 = DIRECTION ( 'NONE',  ( -1.000000000000000000, -0.0000000000000000000, -0.0000000000000000000 ) ) ;
#5592 = DIRECTION ( 'NONE',  ( 0.0000000000000000000, 0.0000000000000000000, -1.000000000000000000 ) ) ;
#5593 = CARTESIAN_POINT ( 'NONE',  ( 5.839999999999999900, 2.929999999999999300, -3.550000000000002500 ) ) ;
#5594 = EDGE_CURVE ( 'NONE', #3657, #1486, #6556, .T. ) ;
#5595 = CARTESIAN_POINT ( 'NONE',  ( -6.859999999999999400, 2.929999999999999300, 3.550000000000002500 ) ) ;
#5596 = VERTEX_POINT ( 'NONE', #2321 ) ;
#5597 = LINE ( 'NONE', #4457, #239 ) ;
#5598 = VERTEX_POINT ( 'NONE', #666 ) ;
#5599 = CARTESIAN_POINT ( 'NONE',  ( 7.370000000000000100, 2.489499999999999200, -3.934500000000000300 ) ) ;
#5600 = ORIENTED_EDGE ( 'NONE', *, *, #3420, .F. ) ;
#5601 = DIRECTION ( 'NONE',  ( -1.000000000000000000, -0.0000000000000000000, 0.0000000000000000000 ) ) ;
#5602 = ADVANCED_FACE ( 'NONE', ( #3183 ), #1791, .T. ) ;
#5603 = CARTESIAN_POINT ( 'NONE',  ( 6.859999999999999400, 2.679999999999998800, -3.934500000000000300 ) ) ;
#5604 = DIRECTION ( 'NONE',  ( 0.0000000000000000000, -1.498163464873311700E-016, 1.000000000000000000 ) ) ;
#5605 = EDGE_LOOP ( 'NONE', ( #6454, #3028, #950, #407 ) ) ;
#5606 = CARTESIAN_POINT ( 'NONE',  ( -4.320000000000001200, -5.051668046482832700E-016, 4.124999999999999100 ) ) ;
#5607 = VECTOR ( 'NONE', #3104, 1000.000000000000000 ) ;
#5608 = VECTOR ( 'NONE', #4124, 1000.000000000000000 ) ;
#5609 = EDGE_LOOP ( 'NONE', ( #5393, #939, #1015, #5618 ) ) ;
#5610 = CARTESIAN_POINT ( 'NONE',  ( -5.840000000000001600, 2.679999999999998800, 3.934500000000000300 ) ) ;
#5611 = CARTESIAN_POINT ( 'NONE',  ( 2.155277674973255800, -3.794707603699265500E-016, 4.375000000000001800 ) ) ;
#5612 = DIRECTION ( 'NONE',  ( -1.000000000000000000, -0.0000000000000000000, -0.0000000000000000000 ) ) ;
#5613 = CARTESIAN_POINT ( 'NONE',  ( 4.695277674973255900, -3.794707603699265500E-016, -4.375000000000001800 ) ) ;
#5614 = FACE_OUTER_BOUND ( 'NONE', #6746, .T. ) ;
#5615 = DIRECTION ( 'NONE',  ( 0.0000000000000000000, 1.000000000000000000, -3.484080088324578000E-016 ) ) ;
#5616 = VECTOR ( 'NONE', #5898, 1000.000000000000000 ) ;
#5617 = VECTOR ( 'NONE', #3828, 1000.000000000000000 ) ;
#5618 = ORIENTED_EDGE ( 'NONE', *, *, #1270, .T. ) ;
#5619 = STYLED_ITEM ( 'NONE', ( #4584 ), #3010 ) ;
#5620 = CARTESIAN_POINT ( 'NONE',  ( -6.859999999999999400, 0.6500000000000028000, -4.375000000000000900 ) ) ;
#5621 = ORIENTED_EDGE ( 'NONE', *, *, #354, .T. ) ;
#5622 = VECTOR ( 'NONE', #1513, 1000.000000000000000 ) ;
#5623 = PLANE ( 'NONE',  #7322 ) ;
#5624 = LINE ( 'NONE', #797, #2534 ) ;
#5625 = ORIENTED_EDGE ( 'NONE', *, *, #5702, .F. ) ;
#5626 = DIRECTION ( 'NONE',  ( 0.0000000000000000000, -1.000000000000000000, 6.968160176649155900E-016 ) ) ;
#5627 = ORIENTED_EDGE ( 'NONE', *, *, #7420, .T. ) ;
#5628 = AXIS2_PLACEMENT_3D ( 'NONE', #3339, #1042, #4520 ) ;
#5629 = ORIENTED_EDGE ( 'NONE', *, *, #5740, .T. ) ;
#5630 = DIRECTION ( 'NONE',  ( 0.0000000000000000000, 5.027841771134210700E-016, 1.000000000000000000 ) ) ;
#5631 = FACE_OUTER_BOUND ( 'NONE', #3918, .T. ) ;
#5632 = PRODUCT_CONTEXT ( 'NONE', #5665, 'mechanical' ) ;
#5633 = CARTESIAN_POINT ( 'NONE',  ( -1.780000000000000200, -5.051668046482832700E-016, -4.124999999999999100 ) ) ;
#5634 = VECTOR ( 'NONE', #611, 1000.000000000000100 ) ;
#5635 = DIRECTION ( 'NONE',  ( 0.0000000000000000000, -1.000000000000000000, 1.498163464873311700E-016 ) ) ;
#5636 = VECTOR ( 'NONE', #495, 1000.000000000000000 ) ;
#5637 = CARTESIAN_POINT ( 'NONE',  ( 10.00000000000000400, 2.929999999999999300, 3.550000000000002500 ) ) ;
#5638 = EDGE_CURVE ( 'NONE', #804, #4741, #387, .T. ) ;
#5639 = VERTEX_POINT ( 'NONE', #3495 ) ;
#5640 = PLANE ( 'NONE',  #3052 ) ;
#5641 = EDGE_CURVE ( 'NONE', #6418, #683, #4462, .T. ) ;
#5642 = ORIENTED_EDGE ( 'NONE', *, *, #3417, .T. ) ;
#5643 = CIRCLE ( 'NONE', #2598, 0.4404999999999998900 ) ;
#5644 = DIRECTION ( 'NONE',  ( 0.8660254037844405900, 0.4999999999999967200, 2.513920885567089100E-016 ) ) ;
#5645 = ORIENTED_EDGE ( 'NONE', *, *, #4743, .T. ) ;
#5646 = PRODUCT_RELATED_PRODUCT_CATEGORY ( 'part', '', ( #2386 ) ) ;
#5647 = DIRECTION ( 'NONE',  ( -2.443272501375785000E-016, 0.0000000000000000000, -1.000000000000000000 ) ) ;
#5648 = FACE_OUTER_BOUND ( 'NONE', #2615, .T. ) ;
#5649 = CARTESIAN_POINT ( 'NONE',  ( -3.300000000000000700, -5.051668046482832700E-016, -4.124999999999999100 ) ) ;
#5650 = CARTESIAN_POINT ( 'NONE',  ( -4.830000000000001000, -3.299999999999999400, 4.375000000000000900 ) ) ;
#5651 = ADVANCED_FACE ( 'NONE', ( #4819 ), #4283, .F. ) ;
#5652 = ORIENTED_EDGE ( 'NONE', *, *, #62, .T. ) ;
#5653 = FACE_OUTER_BOUND ( 'NONE', #6575, .T. ) ;
#5654 = CYLINDRICAL_SURFACE ( 'NONE', #3629, 0.4404999999999998900 ) ;
#5655 = DIRECTION ( 'NONE',  ( 1.000000000000000000, 0.0000000000000000000, -0.0000000000000000000 ) ) ;
#5656 = VECTOR ( 'NONE', #6411, 1000.000000000000000 ) ;
#5657 = EDGE_CURVE ( 'NONE', #4523, #6593, #3820, .T. ) ;
#5658 = VECTOR ( 'NONE', #2821, 1000.000000000000000 ) ;
#5659 = VECTOR ( 'NONE', #1, 1000.000000000000000 ) ;
#5660 = DIRECTION ( 'NONE',  ( 0.1305261922200519100, 0.9914448613738104900, -2.476789568205248500E-017 ) ) ;
#5661 = DIRECTION ( 'NONE',  ( 0.0000000000000000000, 0.0000000000000000000, 1.000000000000000000 ) ) ;
#5662 = EDGE_CURVE ( 'NONE', #1822, #243, #6213, .T. ) ;
#5663 = ADVANCED_FACE ( 'NONE', ( #3908 ), #3647, .F. ) ;
#5664 = ORIENTED_EDGE ( 'NONE', *, *, #6066, .F. ) ;
#5665 = APPLICATION_CONTEXT ( 'automotive_design' ) ;
#5666 = CARTESIAN_POINT ( 'NONE',  ( -5.840000000000001600, 2.489499999999999200, -4.375000000000000000 ) ) ;
#5667 = CARTESIAN_POINT ( 'NONE',  ( -2.290000000000000500, 2.489499999999999200, 4.125000000000000000 ) ) ;
#5668 = ORIENTED_EDGE ( 'NONE', *, *, #2340, .T. ) ;
#5669 = VERTEX_POINT ( 'NONE', #810 ) ;
#5670 = VERTEX_POINT ( 'NONE', #6527 ) ;
#5671 = DIRECTION ( 'NONE',  ( 0.0000000000000000000, -1.498163464873311500E-016, -1.000000000000000000 ) ) ;
#5672 = VERTEX_POINT ( 'NONE', #6551 ) ;
#5673 = ORIENTED_EDGE ( 'NONE', *, *, #733, .T. ) ;
#5674 = AXIS2_PLACEMENT_3D ( 'NONE', #3550, #5855, #5256 ) ;
#5675 = CARTESIAN_POINT ( 'NONE',  ( -6.859999999999999400, -3.794707603699265500E-016, 4.375000000000001800 ) ) ;
#5676 = EDGE_LOOP ( 'NONE', ( #2359, #3893, #870, #2390 ) ) ;
#5677 = FACE_OUTER_BOUND ( 'NONE', #3368, .T. ) ;
#5678 = EDGE_LOOP ( 'NONE', ( #1318, #4826, #6451, #5175 ) ) ;
#5679 = PLANE ( 'NONE',  #3076 ) ;
#5680 = EDGE_CURVE ( 'NONE', #5580, #3995, #1666, .T. ) ;
#5681 = FACE_OUTER_BOUND ( 'NONE', #2956, .T. ) ;
#5682 = MECHANICAL_DESIGN_GEOMETRIC_PRESENTATION_REPRESENTATION (  '', ( #5277 ), #5783 ) ;
#5683 = ORIENTED_EDGE ( 'NONE', *, *, #5542, .T. ) ;
#5684 = ORIENTED_EDGE ( 'NONE', *, *, #3540, .F. ) ;
#5685 = EDGE_CURVE ( 'NONE', #4041, #1038, #6116, .T. ) ;
#5686 = CARTESIAN_POINT ( 'NONE',  ( 5.330000000000000100, -3.299999999999999400, -4.375000000000000900 ) ) ;
#5687 = LINE ( 'NONE', #4221, #3851 ) ;
#5688 = PLANE ( 'NONE',  #2330 ) ;
#5689 = ORIENTED_EDGE ( 'NONE', *, *, #6869, .F. ) ;
#5690 = CARTESIAN_POINT ( 'NONE',  ( -2.290000000000000500, 2.679999999999999300, -3.550000000000002500 ) ) ;
#5691 = EDGE_CURVE ( 'NONE', #5405, #1242, #2922, .T. ) ;
#5692 = AXIS2_PLACEMENT_3D ( 'NONE', #4200, #4863, #1385 ) ;
#5693 = EDGE_LOOP ( 'NONE', ( #4251, #4014, #4621, #4525, #833, #4899, #3944, #4271 ) ) ;
#5694 = DIRECTION ( 'NONE',  ( 0.0000000000000000000, 0.0000000000000000000, -1.000000000000000000 ) ) ;
#5695 = ORIENTED_EDGE ( 'NONE', *, *, #4421, .F. ) ;
#5696 = FILL_AREA_STYLE_COLOUR ( '', #405 ) ;
#5697 = CARTESIAN_POINT ( 'NONE',  ( 3.299999999999999800, 0.6500000000000026900, -4.124999999999999100 ) ) ;
#5698 = CARTESIAN_POINT ( 'NONE',  ( -7.370000000000000100, 2.489499999999999200, 4.375000000000000000 ) ) ;
#5699 = ORIENTED_EDGE ( 'NONE', *, *, #1403, .T. ) ;
#5700 = EDGE_CURVE ( 'NONE', #1242, #5976, #1365, .T. ) ;
#5701 = EDGE_CURVE ( 'NONE', #4113, #7119, #3286, .T. ) ;
#5702 = EDGE_CURVE ( 'NONE', #4859, #1189, #7367, .T. ) ;
#5703 = VECTOR ( 'NONE', #4059, 1000.000000000000000 ) ;
#5704 = EDGE_LOOP ( 'NONE', ( #6680, #3857, #1205, #3171 ) ) ;
#5705 =( NAMED_UNIT ( * ) SI_UNIT ( $, .STERADIAN. ) SOLID_ANGLE_UNIT ( ) );
#5706 = VERTEX_POINT ( 'NONE', #5400 ) ;
#5707 = LINE ( 'NONE', #1075, #3694 ) ;
#5708 = DIRECTION ( 'NONE',  ( -0.0000000000000000000, -1.734723475976793500E-015, 1.000000000000000000 ) ) ;
#5709 = FACE_OUTER_BOUND ( 'NONE', #4371, .T. ) ;
#5710 = VECTOR ( 'NONE', #4645, 1000.000000000000000 ) ;
#5711 = ORIENTED_EDGE ( 'NONE', *, *, #4957, .F. ) ;
#5712 = CARTESIAN_POINT ( 'NONE',  ( -6.859999999999999400, 2.679999999999998800, -3.934500000000000300 ) ) ;
#5713 = DIRECTION ( 'NONE',  ( 0.0000000000000000000, 1.127908631974522500E-015, 1.000000000000000000 ) ) ;
#5714 = MECHANICAL_DESIGN_GEOMETRIC_PRESENTATION_REPRESENTATION (  '', ( #2879 ), #3120 ) ;
#5715 = ORIENTED_EDGE ( 'NONE', *, *, #3935, .T. ) ;
#5716 = CARTESIAN_POINT ( 'NONE',  ( -3.300000000000000700, 2.679999999999999300, -3.550000000000002500 ) ) ;
#5717 = EDGE_CURVE ( 'NONE', #4169, #4834, #5275, .T. ) ;
#5718 = VECTOR ( 'NONE', #5058, 1000.000000000000000 ) ;
#5719 = ORIENTED_EDGE ( 'NONE', *, *, #4763, .T. ) ;
#5720 = DIRECTION ( 'NONE',  ( 0.0000000000000000000, 1.000000000000000000, -5.027841771134210700E-016 ) ) ;
#5721 = ORIENTED_EDGE ( 'NONE', *, *, #6886, .F. ) ;
#5722 = MANIFOLD_SOLID_BREP ( 'LPattern1[7]', #78 ) ;
#5723 = VERTEX_POINT ( 'NONE', #5925 ) ;
#5724 = ADVANCED_FACE ( 'NONE', ( #2212 ), #3042, .F. ) ;
#5725 = LINE ( 'NONE', #5153, #3706 ) ;
#5726 = EDGE_CURVE ( 'NONE', #1429, #1475, #3383, .T. ) ;
#5727 = VECTOR ( 'NONE', #3316, 1000.000000000000000 ) ;
#5728 = ORIENTED_EDGE ( 'NONE', *, *, #6859, .T. ) ;
#5729 = CARTESIAN_POINT ( 'NONE',  ( 5.330000000000000100, 2.489499999999999200, -4.375000000000000000 ) ) ;
#5730 = ORIENTED_EDGE ( 'NONE', *, *, #6245, .F. ) ;
#5731 = VERTEX_POINT ( 'NONE', #7190 ) ;
#5732 = VERTEX_POINT ( 'NONE', #2665 ) ;
#5733 = VECTOR ( 'NONE', #7136, 1000.000000000000000 ) ;
#5734 = DIRECTION ( 'NONE',  ( 0.0000000000000000000, -5.027841771134210700E-016, 1.000000000000000000 ) ) ;
#5735 = LINE ( 'NONE', #1381, #4173 ) ;
#5736 = AXIS2_PLACEMENT_3D ( 'NONE', #929, #6791, #395 ) ;
#5737 = CARTESIAN_POINT ( 'NONE',  ( -6.859999999999999400, 2.489499999999999200, -3.934500000000000300 ) ) ;
#5738 = ORIENTED_EDGE ( 'NONE', *, *, #5726, .T. ) ;
#5739 = CARTESIAN_POINT ( 'NONE',  ( 4.319999999999999400, 2.489499999999999200, 4.125000000000000000 ) ) ;
#5740 = EDGE_CURVE ( 'NONE', #5596, #2486, #3644, .T. ) ;
#5741 = FACE_OUTER_BOUND ( 'NONE', #5236, .T. ) ;
#5742 = DIRECTION ( 'NONE',  ( -1.000000000000000000, -0.0000000000000000000, -0.0000000000000000000 ) ) ;
#5743 = VECTOR ( 'NONE', #2681, 1000.000000000000000 ) ;
#5744 = CARTESIAN_POINT ( 'NONE',  ( 0.2500000000000002200, 2.929999999999999300, -3.550000000000002500 ) ) ;
#5745 = FACE_OUTER_BOUND ( 'NONE', #3709, .T. ) ;
#5746 = VECTOR ( 'NONE', #1207, 1000.000000000000000 ) ;
#5747 = DIRECTION ( 'NONE',  ( 1.000000000000000000, 0.0000000000000000000, 0.0000000000000000000 ) ) ;
#5748 = EDGE_CURVE ( 'NONE', #3920, #4445, #1758, .T. ) ;
#5749 = EDGE_LOOP ( 'NONE', ( #2391, #5533, #6415, #4001 ) ) ;
#5750 = DIRECTION ( 'NONE',  ( -1.000000000000000000, -0.0000000000000000000, -0.0000000000000000000 ) ) ;
#5751 = VECTOR ( 'NONE', #581, 1000.000000000000000 ) ;
#5752 = FILL_AREA_STYLE ('',( #2678 ) ) ;
#5753 = EDGE_CURVE ( 'NONE', #6203, #528, #6026, .T. ) ;
#5754 = CARTESIAN_POINT ( 'NONE',  ( 0.7600000000000002300, 2.679999999999999300, 3.550000000000002500 ) ) ;
#5755 = VERTEX_POINT ( 'NONE', #2067 ) ;
#5756 = ORIENTED_EDGE ( 'NONE', *, *, #6478, .T. ) ;
#5757 = FACE_OUTER_BOUND ( 'NONE', #4314, .T. ) ;
#5758 = ORIENTED_EDGE ( 'NONE', *, *, #3367, .F. ) ;
#5759 = ORIENTED_EDGE ( 'NONE', *, *, #6922, .T. ) ;
#5760 = LINE ( 'NONE', #7189, #3302 ) ;
#5761 =( GEOMETRIC_REPRESENTATION_CONTEXT ( 3 ) GLOBAL_UNCERTAINTY_ASSIGNED_CONTEXT ( ( #99 ) ) GLOBAL_UNIT_ASSIGNED_CONTEXT ( ( #6832, #2116, #7302 ) ) REPRESENTATION_CONTEXT ( 'NONE', 'WORKASPACE' ) );
#5762 = ORIENTED_EDGE ( 'NONE', *, *, #3261, .T. ) ;
#5763 = CARTESIAN_POINT ( 'NONE',  ( 2.790000000000000000, 2.489499999999999200, -4.375000000000000000 ) ) ;
#5764 = DIRECTION ( 'NONE',  ( 0.0000000000000000000, 1.000000000000000000, 3.484080088324578000E-016 ) ) ;
#5765 = VECTOR ( 'NONE', #4060, 1000.000000000000000 ) ;
#5766 = CARTESIAN_POINT ( 'NONE',  ( 0.7600000000000002300, 0.6500000000000025800, 3.934500000000001200 ) ) ;
#5767 = VERTEX_POINT ( 'NONE', #4866 ) ;
#5768 = ORIENTED_EDGE ( 'NONE', *, *, #2274, .T. ) ;
#5769 = CARTESIAN_POINT ( 'NONE',  ( 0.2500000000000002200, 2.489499999999999200, -4.375000000000000000 ) ) ;
#5770 = DIRECTION ( 'NONE',  ( 0.0000000000000000000, 5.027841771134210700E-016, 1.000000000000000000 ) ) ;
#5771 = DIRECTION ( 'NONE',  ( -0.0000000000000000000, -1.734723475976793500E-015, 1.000000000000000000 ) ) ;
#5772 = LINE ( 'NONE', #4212, #4490 ) ;
#5773 = ORIENTED_EDGE ( 'NONE', *, *, #3012, .T. ) ;
#5774 = ORIENTED_EDGE ( 'NONE', *, *, #7231, .F. ) ;
#5775 = CARTESIAN_POINT ( 'NONE',  ( 7.235277674973255900, -5.051668046482832700E-016, -4.124999999999999100 ) ) ;
#5776 = VERTEX_POINT ( 'NONE', #4969 ) ;
#5777 = CARTESIAN_POINT ( 'NONE',  ( -4.830000000000001000, 2.929999999999999300, -3.550000000000002500 ) ) ;
#5778 = DIRECTION ( 'NONE',  ( 1.000000000000000000, 0.0000000000000000000, -0.0000000000000000000 ) ) ;
#5779 = ADVANCED_FACE ( 'NONE', ( #6646 ), #2011, .F. ) ;
#5780 = ORIENTED_EDGE ( 'NONE', *, *, #2363, .F. ) ;
#5781 = CARTESIAN_POINT ( 'NONE',  ( 0.2500000000000002200, 2.929999999999999300, -3.550000000000002500 ) ) ;
#5782 = CARTESIAN_POINT ( 'NONE',  ( -4.320000000000001200, 2.679999999999998800, 3.934500000000000300 ) ) ;
#5783 =( GEOMETRIC_REPRESENTATION_CONTEXT ( 3 ) GLOBAL_UNCERTAINTY_ASSIGNED_CONTEXT ( ( #1208 ) ) GLOBAL_UNIT_ASSIGNED_CONTEXT ( ( #1448, #2590, #6707 ) ) REPRESENTATION_CONTEXT ( 'NONE', 'WORKASPACE' ) );
#5784 = VECTOR ( 'NONE', #2037, 1000.000000000000000 ) ;
#5785 = CARTESIAN_POINT ( 'NONE',  ( -4.830000000000001000, 2.489499999999999200, -3.934500000000000300 ) ) ;
#5786 = ORIENTED_EDGE ( 'NONE', *, *, #3051, .F. ) ;
#5787 = CARTESIAN_POINT ( 'NONE',  ( -6.859999999999999400, 2.679999999999998800, 3.934500000000000300 ) ) ;
#5788 = CARTESIAN_POINT ( 'NONE',  ( 3.299999999999999800, 0.6500000000000025800, 3.934500000000001200 ) ) ;
#5789 = PLANE ( 'NONE',  #2036 ) ;
#5790 = EDGE_CURVE ( 'NONE', #7143, #3157, #2021, .T. ) ;
#5791 = ORIENTED_EDGE ( 'NONE', *, *, #6513, .T. ) ;
#5792 = ORIENTED_EDGE ( 'NONE', *, *, #934, .F. ) ;
#5793 = DIRECTION ( 'NONE',  ( 1.000000000000000000, 0.0000000000000000000, 0.0000000000000000000 ) ) ;
#5794 = DIRECTION ( 'NONE',  ( 0.0000000000000000000, -5.027841771134210700E-016, 1.000000000000000000 ) ) ;
#5795 = EDGE_CURVE ( 'NONE', #4199, #2474, #6466, .T. ) ;
#5796 = ORIENTED_EDGE ( 'NONE', *, *, #5140, .T. ) ;
#5797 = CARTESIAN_POINT ( 'NONE',  ( 5.839999999999999900, 2.489499999999999200, -4.375000000000000000 ) ) ;
#5798 = CARTESIAN_POINT ( 'NONE',  ( 8.380000000000000800, 2.489499999999999200, 4.375000000000000000 ) ) ;
#5799 = CARTESIAN_POINT ( 'NONE',  ( 7.870000000000000100, 2.489499999999999200, 4.125000000000000000 ) ) ;
#5800 = VECTOR ( 'NONE', #1601, 1000.000000000000000 ) ;
#5801 = LINE ( 'NONE', #716, #7226 ) ;
#5802 = VERTEX_POINT ( 'NONE', #3715 ) ;
#5803 = EDGE_CURVE ( 'NONE', #4836, #6967, #6552, .T. ) ;
#5804 = ADVANCED_FACE ( 'NONE', ( #206 ), #6652, .F. ) ;
#5805 = VECTOR ( 'NONE', #5095, 1000.000000000000000 ) ;
#5806 = CIRCLE ( 'NONE', #2610, 0.1904999999999997000 ) ;
#5807 = LINE ( 'NONE', #2069, #1339 ) ;
#5808 = VERTEX_POINT ( 'NONE', #1498 ) ;
#5809 = CARTESIAN_POINT ( 'NONE',  ( -1.780000000000000200, 2.929999999999999300, 3.550000000000002500 ) ) ;
#5810 = ADVANCED_FACE ( 'NONE', ( #5648 ), #362, .F. ) ;
#5811 = ORIENTED_EDGE ( 'NONE', *, *, #5075, .F. ) ;
#5812 = CARTESIAN_POINT ( 'NONE',  ( -7.370000000000000100, -3.299999999999999800, 4.124999999999999100 ) ) ;
#5813 = DIRECTION ( 'NONE',  ( -0.4999999999999977200, -0.8660254037844399300, 1.297447619602005200E-016 ) ) ;
#5814 = LINE ( 'NONE', #4829, #806 ) ;
#5815 = CARTESIAN_POINT ( 'NONE',  ( 7.870000000000000100, -4.336808689942017700E-016, 3.934500000000001200 ) ) ;
#5816 = LINE ( 'NONE', #1317, #6443 ) ;
#5817 = ORIENTED_EDGE ( 'NONE', *, *, #4421, .T. ) ;
#5818 = AXIS2_PLACEMENT_3D ( 'NONE', #1868, #2588, #6115 ) ;
#5819 = ORIENTED_EDGE ( 'NONE', *, *, #1312, .F. ) ;
#5820 = ORIENTED_EDGE ( 'NONE', *, *, #6579, .T. ) ;
#5821 = FACE_OUTER_BOUND ( 'NONE', #2958, .T. ) ;
#5822 = LINE ( 'NONE', #3884, #2628 ) ;
#5823 = CARTESIAN_POINT ( 'NONE',  ( 0.2500000000000002200, 2.489499999999999200, -4.375000000000000000 ) ) ;
#5824 = EDGE_LOOP ( 'NONE', ( #1244, #4450, #5431, #2725 ) ) ;
#5825 = AXIS2_PLACEMENT_3D ( 'NONE', #5744, #3533, #2935 ) ;
#5826 = VERTEX_POINT ( 'NONE', #3218 ) ;
#5827 = VECTOR ( 'NONE', #3991, 1000.000000000000000 ) ;
#5828 = DIRECTION ( 'NONE',  ( 0.0000000000000000000, 0.0000000000000000000, -1.000000000000000000 ) ) ;
#5829 = EDGE_CURVE ( 'NONE', #1822, #7514, #5268, .T. ) ;
#5830 = LINE ( 'NONE', #6384, #6829 ) ;
#5831 = CARTESIAN_POINT ( 'NONE',  ( 7.370000000000000100, -3.299999999999999400, -4.375000000000000900 ) ) ;
#5832 = ORIENTED_EDGE ( 'NONE', *, *, #636, .F. ) ;
#5833 = FACE_OUTER_BOUND ( 'NONE', #6715, .T. ) ;
#5834 = CARTESIAN_POINT ( 'NONE',  ( -4.830000000000001000, -3.299999999999999800, -4.124999999999999100 ) ) ;
#5835 = VECTOR ( 'NONE', #344, 1000.000000000000000 ) ;
#5836 = COLOUR_RGB ( '',0.7921568627450980000, 0.8196078431372548800, 0.9333333333333333500 ) ;
#5837 = ADVANCED_FACE ( 'NONE', ( #5446 ), #3135, .F. ) ;
#5838 = EDGE_LOOP ( 'NONE', ( #591, #2934, #4781, #5849, #6784, #1469, #2622, #1694 ) ) ;
#5839 = LINE ( 'NONE', #4637, #2214 ) ;
#5840 = DIRECTION ( 'NONE',  ( 0.4999999999999967200, -0.8660254037844405900, 1.297447619602006200E-016 ) ) ;
#5841 = ORIENTED_EDGE ( 'NONE', *, *, #6772, .T. ) ;
#5842 = ADVANCED_FACE ( 'NONE', ( #6739 ), #7214, .F. ) ;
#5843 = ORIENTED_EDGE ( 'NONE', *, *, #1568, .T. ) ;
#5844 = EDGE_CURVE ( 'NONE', #2230, #7029, #378, .T. ) ;
#5845 = EDGE_CURVE ( 'NONE', #963, #2614, #2913, .T. ) ;
#5846 = CARTESIAN_POINT ( 'NONE',  ( -8.380000000000000800, -5.051668046482832700E-016, -4.124999999999999100 ) ) ;
#5847 = DIRECTION ( 'NONE',  ( 0.0000000000000000000, -1.000000000000000000, -1.498163464873311700E-016 ) ) ;
#5848 = ADVANCED_FACE ( 'NONE', ( #4081 ), #5688, .F. ) ;
#5849 = ORIENTED_EDGE ( 'NONE', *, *, #6606, .F. ) ;
#5850 = VERTEX_POINT ( 'NONE', #7240 ) ;
#5851 = EDGE_CURVE ( 'NONE', #2197, #7143, #5003, .T. ) ;
#5852 = ORIENTED_EDGE ( 'NONE', *, *, #6023, .T. ) ;
#5853 = ORIENTED_EDGE ( 'NONE', *, *, #1789, .T. ) ;
#5854 = LINE ( 'NONE', #3687, #4839 ) ;
#5855 = DIRECTION ( 'NONE',  ( 1.897542191401455100E-016, 0.0000000000000000000, 1.000000000000000000 ) ) ;
#5856 = VECTOR ( 'NONE', #7148, 1000.000000000000000 ) ;
#5857 = VERTEX_POINT ( 'NONE', #5105 ) ;
#5858 = ORIENTED_EDGE ( 'NONE', *, *, #5192, .F. ) ;
#5859 = AXIS2_PLACEMENT_3D ( 'NONE', #305, #4966, #7265 ) ;
#5860 = CARTESIAN_POINT ( 'NONE',  ( 2.289999999999999600, -4.336808689942017700E-016, -4.125000000000000000 ) ) ;
#5861 = DIRECTION ( 'NONE',  ( -0.4999999999999967200, 0.8660254037844405900, -1.297447619602006000E-016 ) ) ;
#5862 = VECTOR ( 'NONE', #2881, 1000.000000000000000 ) ;
#5863 = CARTESIAN_POINT ( 'NONE',  ( 4.319999999999999400, 2.679999999999998800, -3.934500000000000300 ) ) ;
#5864 = ORIENTED_EDGE ( 'NONE', *, *, #5342, .F. ) ;
#5865 = CARTESIAN_POINT ( 'NONE',  ( 3.299999999999999800, 2.929999999999999300, -3.550000000000002500 ) ) ;
#5866 = DIRECTION ( 'NONE',  ( 0.8660254037844405900, 0.4999999999999967200, -2.513920885567089100E-016 ) ) ;
#5867 = EDGE_CURVE ( 'NONE', #462, #4389, #6382, .T. ) ;
#5868 = PRESENTATION_LAYER_ASSIGNMENT (  '', '', ( #1105 ) ) ;
#5869 = DIRECTION ( 'NONE',  ( 0.4999999999999967200, -0.8660254037844405900, 1.297447619602006200E-016 ) ) ;
#5870 = ORIENTED_EDGE ( 'NONE', *, *, #3414, .F. ) ;
#5871 = CARTESIAN_POINT ( 'NONE',  ( -7.370000000000000100, 2.929999999999999300, 3.550000000000002500 ) ) ;
#5872 = DIRECTION ( 'NONE',  ( 0.4999999999999977200, 0.8660254037844399300, -1.297447619602005500E-016 ) ) ;
#5873 = ORIENTED_EDGE ( 'NONE', *, *, #7406, .T. ) ;
#5874 = EDGE_CURVE ( 'NONE', #2151, #6516, #1281, .T. ) ;
#5875 = LINE ( 'NONE', #2532, #2419 ) ;
#5876 = ORIENTED_EDGE ( 'NONE', *, *, #6529, .T. ) ;
#5877 = ADVANCED_FACE ( 'NONE', ( #2112 ), #2219, .F. ) ;
#5878 = ORIENTED_EDGE ( 'NONE', *, *, #5485, .T. ) ;
#5879 = AXIS2_PLACEMENT_3D ( 'NONE', #6657, #1396, #3752 ) ;
#5880 = DIRECTION ( 'NONE',  ( 1.000000000000000000, 0.0000000000000000000, -0.0000000000000000000 ) ) ;
#5881 = ADVANCED_FACE ( 'NONE', ( #3459 ), #7324, .T. ) ;
#5882 = DIRECTION ( 'NONE',  ( 0.0000000000000000000, 1.000000000000000000, 0.0000000000000000000 ) ) ;
#5883 = DIRECTION ( 'NONE',  ( -0.0000000000000000000, -1.000000000000000000, -0.0000000000000000000 ) ) ;
#5884 = VECTOR ( 'NONE', #5764, 1000.000000000000000 ) ;
#5885 = VERTEX_POINT ( 'NONE', #5666 ) ;
#5886 = CARTESIAN_POINT ( 'NONE',  ( -2.290000000000000500, 2.929999999999999300, -3.934500000000000300 ) ) ;
#5887 = EDGE_CURVE ( 'NONE', #6593, #6357, #574, .T. ) ;
#5888 = EDGE_CURVE ( 'NONE', #2586, #1770, #1559, .T. ) ;
#5889 = EDGE_CURVE ( 'NONE', #2046, #7187, #3814, .T. ) ;
#5890 = EDGE_CURVE ( 'NONE', #7507, #7041, #3716, .T. ) ;
#5891 = CARTESIAN_POINT ( 'NONE',  ( -3.300000000000000700, 2.929999999999999300, -3.550000000000002500 ) ) ;
#5892 = EDGE_CURVE ( 'NONE', #4741, #7284, #1922, .T. ) ;
#5893 = LINE ( 'NONE', #5649, #4594 ) ;
#5894 = VECTOR ( 'NONE', #5953, 1000.000000000000000 ) ;
#5895 = ORIENTED_EDGE ( 'NONE', *, *, #5462, .F. ) ;
#5896 = DIRECTION ( 'NONE',  ( 0.0000000000000000000, -1.127908631974522500E-015, 1.000000000000000000 ) ) ;
#5897 = CARTESIAN_POINT ( 'NONE',  ( -4.320000000000001200, 0.6500000000000026900, 4.124999999999999100 ) ) ;
#5898 = DIRECTION ( 'NONE',  ( 0.1294283079955639300, -0.9831056027603600800, -0.1294283079955640400 ) ) ;
#5899 = ORIENTED_EDGE ( 'NONE', *, *, #2498, .F. ) ;
#5900 = EDGE_CURVE ( 'NONE', #3493, #6190, #1358, .T. ) ;
#5901 = CIRCLE ( 'NONE', #2418, 0.4404999999999998900 ) ;
#5902 = FACE_OUTER_BOUND ( 'NONE', #2191, .T. ) ;
#5903 = ORIENTED_EDGE ( 'NONE', *, *, #2877, .T. ) ;
#5904 = DIRECTION ( 'NONE',  ( -1.000000000000000000, -0.0000000000000000000, 0.0000000000000000000 ) ) ;
#5905 = ORIENTED_EDGE ( 'NONE', *, *, #1198, .F. ) ;
#5906 = CARTESIAN_POINT ( 'NONE',  ( -6.859999999999999400, 0.6500000000000025800, 4.125000000000000000 ) ) ;
#5907 = FACE_OUTER_BOUND ( 'NONE', #6623, .T. ) ;
#5908 =( NAMED_UNIT ( * ) PLANE_ANGLE_UNIT ( ) SI_UNIT ( $, .RADIAN. ) );
#5909 = LINE ( 'NONE', #5491, #5347 ) ;
#5910 = VERTEX_POINT ( 'NONE', #5052 ) ;
#5911 = PLANE ( 'NONE',  #2936 ) ;
#5912 = ORIENTED_EDGE ( 'NONE', *, *, #4401, .F. ) ;
#5913 = ORIENTED_EDGE ( 'NONE', *, *, #5996, .T. ) ;
#5914 = VECTOR ( 'NONE', #3161, 1000.000000000000000 ) ;
#5915 = CARTESIAN_POINT ( 'NONE',  ( -1.780000000000000200, 2.679999999999999300, -3.550000000000002500 ) ) ;
#5916 = VERTEX_POINT ( 'NONE', #6239 ) ;
#5917 = FACE_OUTER_BOUND ( 'NONE', #4305, .T. ) ;
#5918 = EDGE_CURVE ( 'NONE', #215, #7480, #7361, .T. ) ;
#5919 = CARTESIAN_POINT ( 'NONE',  ( 10.00000000000000200, 2.929999999999999300, -3.549999999999997200 ) ) ;
#5920 = AXIS2_PLACEMENT_3D ( 'NONE', #2504, #2522, #6091 ) ;
#5921 = VECTOR ( 'NONE', #1787, 1000.000000000000000 ) ;
#5922 = ORIENTED_EDGE ( 'NONE', *, *, #385, .T. ) ;
#5923 = LINE ( 'NONE', #7360, #1834 ) ;
#5924 = LINE ( 'NONE', #2025, #4365 ) ;
#5925 = CARTESIAN_POINT ( 'NONE',  ( 6.859999999999999400, 2.489499999999999200, 4.375000000000000000 ) ) ;
#5926 = ADVANCED_FACE ( 'NONE', ( #5745 ), #1019, .F. ) ;
#5927 = EDGE_CURVE ( 'NONE', #1189, #6964, #4815, .T. ) ;
#5928 = LINE ( 'NONE', #2888, #1195 ) ;
#5929 = CARTESIAN_POINT ( 'NONE',  ( 5.839999999999999900, 2.679999999999999300, 3.550000000000002500 ) ) ;
#5930 = ADVANCED_FACE ( 'NONE', ( #1751 ), #4841, .F. ) ;
#5931 = LINE ( 'NONE', #7219, #5276 ) ;
#5932 = AXIS2_PLACEMENT_3D ( 'NONE', #4792, #4872, #7144 ) ;
#5933 = ORIENTED_EDGE ( 'NONE', *, *, #138, .T. ) ;
#5934 = ORIENTED_EDGE ( 'NONE', *, *, #3865, .T. ) ;
#5935 = DIRECTION ( 'NONE',  ( 0.0000000000000000000, 1.000000000000000000, 0.0000000000000000000 ) ) ;
#5936 = ORIENTED_EDGE ( 'NONE', *, *, #741, .F. ) ;
#5937 =( GEOMETRIC_REPRESENTATION_CONTEXT ( 3 ) GLOBAL_UNCERTAINTY_ASSIGNED_CONTEXT ( ( #6155 ) ) GLOBAL_UNIT_ASSIGNED_CONTEXT ( ( #3634, #5908, #7059 ) ) REPRESENTATION_CONTEXT ( 'NONE', 'WORKASPACE' ) );
#5938 = ORIENTED_EDGE ( 'NONE', *, *, #6647, .T. ) ;
#5939 = CARTESIAN_POINT ( 'NONE',  ( 8.380000000000000800, 2.929999999999999300, -3.550000000000002500 ) ) ;
#5940 = LINE ( 'NONE', #4493, #4381 ) ;
#5941 = CARTESIAN_POINT ( 'NONE',  ( 2.289999999999999600, -4.336808689942017700E-016, 3.934500000000001200 ) ) ;
#5942 = ORIENTED_EDGE ( 'NONE', *, *, #2706, .T. ) ;
#5943 = CARTESIAN_POINT ( 'NONE',  ( 5.330000000000000100, 2.489499999999999200, 4.125000000000000000 ) ) ;
#5944 = VERTEX_POINT ( 'NONE', #1713 ) ;
#5945 = LINE ( 'NONE', #2560, #7188 ) ;
#5946 = PLANE ( 'NONE',  #2462 ) ;
#5947 = CARTESIAN_POINT ( 'NONE',  ( -2.790000000000000900, -4.336808689942017700E-016, 3.934500000000001200 ) ) ;
#5948 = ORIENTED_EDGE ( 'NONE', *, *, #5566, .F. ) ;
#5949 = VECTOR ( 'NONE', #5883, 1000.000000000000000 ) ;
#5950 = ORIENTED_EDGE ( 'NONE', *, *, #1626, .T. ) ;
#5951 = DIRECTION ( 'NONE',  ( 0.0000000000000000000, 1.000000000000000000, 5.027841771134210700E-016 ) ) ;
#5952 = ORIENTED_EDGE ( 'NONE', *, *, #4252, .T. ) ;
#5953 = DIRECTION ( 'NONE',  ( 0.0000000000000000000, 1.000000000000000000, 3.484080088324578000E-016 ) ) ;
#5954 = EDGE_CURVE ( 'NONE', #4759, #3524, #199, .T. ) ;
#5955 = CARTESIAN_POINT ( 'NONE',  ( 1.779999999999999400, 2.489499999999999200, 3.934500000000000300 ) ) ;
#5956 = DIRECTION ( 'NONE',  ( 0.0000000000000000000, 0.0000000000000000000, -1.000000000000000000 ) ) ;
#5957 = DIRECTION ( 'NONE',  ( -1.000000000000000000, -0.0000000000000000000, -0.0000000000000000000 ) ) ;
#5958 = EDGE_CURVE ( 'NONE', #4113, #2121, #3090, .T. ) ;
#5959 = LINE ( 'NONE', #1743, #3932 ) ;
#5960 = VECTOR ( 'NONE', #6375, 1000.000000000000000 ) ;
#5961 = ORIENTED_EDGE ( 'NONE', *, *, #4543, .T. ) ;
#5962 = ORIENTED_EDGE ( 'NONE', *, *, #2319, .F. ) ;
#5963 = DIRECTION ( 'NONE',  ( -0.0000000000000000000, -1.734723475976793500E-015, -1.000000000000000000 ) ) ;
#5964 = EDGE_LOOP ( 'NONE', ( #5938, #3531, #452, #4332 ) ) ;
#5965 = ADVANCED_FACE ( 'NONE', ( #3278 ), #575, .T. ) ;
#5966 = DIRECTION ( 'NONE',  ( 0.0000000000000000000, 0.0000000000000000000, -1.000000000000000000 ) ) ;
#5967 = LINE ( 'NONE', #1095, #2863 ) ;
#5968 = AXIS2_PLACEMENT_3D ( 'NONE', #146, #1314, #3022 ) ;
#5969 = ADVANCED_FACE ( 'NONE', ( #6206 ), #2292, .F. ) ;
#5970 = CARTESIAN_POINT ( 'NONE',  ( -1.780000000000000200, 0.6500000000000026900, -4.375000000000000000 ) ) ;
#5971 = CARTESIAN_POINT ( 'NONE',  ( -0.7600000000000002300, 2.489499999999999200, 3.934500000000000300 ) ) ;
#5972 =( LENGTH_UNIT ( ) NAMED_UNIT ( * ) SI_UNIT ( .MILLI., .METRE. ) );
#5973 = DIRECTION ( 'NONE',  ( 0.0000000000000000000, -1.000000000000000000, 6.968160176649155900E-016 ) ) ;
#5974 = VERTEX_POINT ( 'NONE', #7466 ) ;
#5975 = DIRECTION ( 'NONE',  ( 0.0000000000000000000, 0.0000000000000000000, -1.000000000000000000 ) ) ;
#5976 = VERTEX_POINT ( 'NONE', #7490 ) ;
#5977 = CARTESIAN_POINT ( 'NONE',  ( 1.779999999999999400, 2.679999999999998800, 3.934500000000000300 ) ) ;
#5978 = EDGE_CURVE ( 'NONE', #5255, #5857, #4455, .T. ) ;
#5979 = VERTEX_POINT ( 'NONE', #3994 ) ;
#5980 = ORIENTED_EDGE ( 'NONE', *, *, #3147, .F. ) ;
#5981 = AXIS2_PLACEMENT_3D ( 'NONE', #3941, #972, #382 ) ;
#5982 = SURFACE_STYLE_FILL_AREA ( #6261 ) ;
#5983 = AXIS2_PLACEMENT_3D ( 'NONE', #801, #7105, #1402 ) ;
#5984 = CARTESIAN_POINT ( 'NONE',  ( -3.300000000000000700, 0.6500000000000048000, 4.375000000000000900 ) ) ;
#5985 = LINE ( 'NONE', #4246, #4974 ) ;
#5986 = VERTEX_POINT ( 'NONE', #2824 ) ;
#5987 = CARTESIAN_POINT ( 'NONE',  ( 3.299999999999999800, -5.051668046482832700E-016, -4.124999999999999100 ) ) ;
#5988 = CARTESIAN_POINT ( 'NONE',  ( 10.00000000000000200, 2.679999999999999300, -3.549999999999997200 ) ) ;
#5989 = PLANE ( 'NONE',  #1617 ) ;
#5990 = CARTESIAN_POINT ( 'NONE',  ( -8.380000000000000800, 2.489499999999999200, 4.375000000000000000 ) ) ;
#5991 = FACE_OUTER_BOUND ( 'NONE', #3245, .T. ) ;
#5992 = LINE ( 'NONE', #3529, #6711 ) ;
#5993 = VECTOR ( 'NONE', #6712, 1000.000000000000000 ) ;
#5994 = ORIENTED_EDGE ( 'NONE', *, *, #6626, .T. ) ;
#5995 = CARTESIAN_POINT ( 'NONE',  ( 4.829999999999999200, -3.794707603699265500E-016, -4.375000000000001800 ) ) ;
#5996 = EDGE_CURVE ( 'NONE', #3369, #6877, #6998, .T. ) ;
#5997 = VERTEX_POINT ( 'NONE', #1692 ) ;
#5998 = DIRECTION ( 'NONE',  ( 0.0000000000000000000, 1.000000000000000000, 1.734723475976793700E-015 ) ) ;
#5999 = EDGE_CURVE ( 'NONE', #1872, #1537, #4625, .T. ) ;
#6000 = DIRECTION ( 'NONE',  ( 0.0000000000000000000, 1.000000000000000000, 0.0000000000000000000 ) ) ;
#6001 = CARTESIAN_POINT ( 'NONE',  ( -4.830000000000001000, -3.299999999999999400, -4.375000000000000900 ) ) ;
#6002 = EDGE_LOOP ( 'NONE', ( #5792, #618, #1110, #1855 ) ) ;
#6003 = CARTESIAN_POINT ( 'NONE',  ( 3.299999999999999800, -5.051668046482832700E-016, -4.124999999999999100 ) ) ;
#6004 = ADVANCED_FACE ( 'NONE', ( #829 ), #6912, .T. ) ;
#6005 = ORIENTED_EDGE ( 'NONE', *, *, #4042, .T. ) ;
#6006 = EDGE_CURVE ( 'NONE', #4750, #4169, #5830, .T. ) ;
#6007 = ORIENTED_EDGE ( 'NONE', *, *, #4748, .T. ) ;
#6008 = LINE ( 'NONE', #1165, #7152 ) ;
#6009 = LINE ( 'NONE', #1326, #6460 ) ;
#6010 = AXIS2_PLACEMENT_3D ( 'NONE', #2918, #7047, #5896 ) ;
#6011 = DIRECTION ( 'NONE',  ( 1.000000000000000000, 0.0000000000000000000, -0.0000000000000000000 ) ) ;
#6012 = CARTESIAN_POINT ( 'NONE',  ( -4.320000000000001200, 2.489499999999999200, -3.934500000000000300 ) ) ;
#6013 = ORIENTED_EDGE ( 'NONE', *, *, #5094, .T. ) ;
#6014 = CARTESIAN_POINT ( 'NONE',  ( -1.780000000000000200, 2.489499999999999200, -4.125000000000000000 ) ) ;
#6015 = ORIENTED_EDGE ( 'NONE', *, *, #1970, .F. ) ;
#6016 = VECTOR ( 'NONE', #321, 1000.000000000000000 ) ;
#6017 = ORIENTED_EDGE ( 'NONE', *, *, #6613, .F. ) ;
#6018 = VECTOR ( 'NONE', #5771, 1000.000000000000000 ) ;
#6019 = CARTESIAN_POINT ( 'NONE',  ( 5.330000000000000100, 2.489499999999999200, -3.934500000000000300 ) ) ;
#6020 = DIRECTION ( 'NONE',  ( 2.149853345202147500E-017, 0.1305261922200519100, 0.9914448613738104900 ) ) ;
#6021 = VERTEX_POINT ( 'NONE', #498 ) ;
#6022 = LINE ( 'NONE', #6474, #111 ) ;
#6023 = EDGE_CURVE ( 'NONE', #6447, #1975, #7165, .T. ) ;
#6024 = CARTESIAN_POINT ( 'NONE',  ( 5.839999999999999900, 2.489499999999999200, -4.125000000000000000 ) ) ;
#6025 = VECTOR ( 'NONE', #2278, 1000.000000000000100 ) ;
#6026 = LINE ( 'NONE', #4331, #1027 ) ;
#6027 = LINE ( 'NONE', #3323, #1368 ) ;
#6028 = VECTOR ( 'NONE', #4181, 1000.000000000000000 ) ;
#6029 = CARTESIAN_POINT ( 'NONE',  ( -7.370000000000000100, 2.489499999999999200, 4.375000000000000000 ) ) ;
#6030 = FILL_AREA_STYLE ('',( #789 ) ) ;
#6031 = DIRECTION ( 'NONE',  ( 0.0000000000000000000, -1.000000000000000000, 1.498163464873311700E-016 ) ) ;
#6032 = SURFACE_SIDE_STYLE ('',( #7035 ) ) ;
#6033 = VERTEX_POINT ( 'NONE', #6938 ) ;
#6034 = VECTOR ( 'NONE', #5133, 1000.000000000000000 ) ;
#6035 = DIRECTION ( 'NONE',  ( 0.0000000000000000000, 1.127908631974522500E-015, -1.000000000000000000 ) ) ;
#6036 = CARTESIAN_POINT ( 'NONE',  ( 7.870000000000000100, 2.489499999999999200, -3.934500000000000300 ) ) ;
#6037 = ORIENTED_EDGE ( 'NONE', *, *, #2597, .T. ) ;
#6038 = DIRECTION ( 'NONE',  ( 0.0000000000000000000, 0.0000000000000000000, 1.000000000000000000 ) ) ;
#6039 = ORIENTED_EDGE ( 'NONE', *, *, #7417, .F. ) ;
#6040 = VECTOR ( 'NONE', #3356, 1000.000000000000000 ) ;
#6041 = EDGE_CURVE ( 'NONE', #7432, #5289, #5928, .T. ) ;
#6042 = CARTESIAN_POINT ( 'NONE',  ( 4.695277674973255900, -5.051668046482832700E-016, 4.124999999999999100 ) ) ;
#6043 = ADVANCED_FACE ( 'NONE', ( #2548 ), #1077, .F. ) ;
#6044 = ORIENTED_EDGE ( 'NONE', *, *, #1517, .F. ) ;
#6045 = CARTESIAN_POINT ( 'NONE',  ( -4.320000000000001200, 2.489499999999999200, 4.375000000000000000 ) ) ;
#6046 = VECTOR ( 'NONE', #5460, 1000.000000000000000 ) ;
#6047 = EDGE_CURVE ( 'NONE', #7046, #3823, #4266, .T. ) ;
#6048 = VERTEX_POINT ( 'NONE', #6884 ) ;
#6049 = PLANE ( 'NONE',  #4353 ) ;
#6050 = CARTESIAN_POINT ( 'NONE',  ( -2.290000000000000500, 2.489499999999999200, -3.934500000000000300 ) ) ;
#6051 = ADVANCED_FACE ( 'NONE', ( #2467 ), #5138, .F. ) ;
#6052 = CYLINDRICAL_SURFACE ( 'NONE', #792, 0.4404999999999998900 ) ;
#6053 = FACE_OUTER_BOUND ( 'NONE', #5377, .T. ) ;
#6054 = CARTESIAN_POINT ( 'NONE',  ( 3.299999999999999800, 2.489499999999999200, 4.125000000000000000 ) ) ;
#6055 = CARTESIAN_POINT ( 'NONE',  ( 7.870000000000000100, 2.489499999999999200, 3.934500000000000300 ) ) ;
#6056 = CARTESIAN_POINT ( 'NONE',  ( 2.289999999999999600, 2.489499999999999200, -4.125000000000000000 ) ) ;
#6057 = EDGE_CURVE ( 'NONE', #1144, #849, #2737, .T. ) ;
#6058 = DIRECTION ( 'NONE',  ( -0.4999999999999967200, 0.8660254037844405900, 1.297447619602006000E-016 ) ) ;
#6059 = PRESENTATION_LAYER_ASSIGNMENT (  '', '', ( #3691 ) ) ;
#6060 = UNCERTAINTY_MEASURE_WITH_UNIT (LENGTH_MEASURE( 1.000000000000000100E-005 ), #6305, 'distance_accuracy_value', 'NONE');
#6061 = DIRECTION ( 'NONE',  ( -0.0000000000000000000, 0.0000000000000000000, 1.000000000000000000 ) ) ;
#6062 = LINE ( 'NONE', #2582, #5784 ) ;
#6063 = ORIENTED_EDGE ( 'NONE', *, *, #6966, .F. ) ;
#6064 = ORIENTED_EDGE ( 'NONE', *, *, #823, .F. ) ;
#6065 = CARTESIAN_POINT ( 'NONE',  ( 7.370000000000000100, 2.489499999999999200, -4.375000000000000000 ) ) ;
#6066 = EDGE_CURVE ( 'NONE', #6048, #1248, #920, .T. ) ;
#6067 = ORIENTED_EDGE ( 'NONE', *, *, #5717, .T. ) ;
#6068 = CARTESIAN_POINT ( 'NONE',  ( 2.289999999999999600, -3.299999999999999400, -4.375000000000000900 ) ) ;
#6069 = ORIENTED_EDGE ( 'NONE', *, *, #4610, .T. ) ;
#6070 = DIRECTION ( 'NONE',  ( 1.000000000000000000, 0.0000000000000000000, 0.0000000000000000000 ) ) ;
#6071 = EDGE_CURVE ( 'NONE', #5731, #7514, #1107, .T. ) ;
#6072 = ORIENTED_EDGE ( 'NONE', *, *, #3452, .F. ) ;
#6073 = PRESENTATION_STYLE_ASSIGNMENT (( #918 ) ) ;
#6074 = ORIENTED_EDGE ( 'NONE', *, *, #2257, .F. ) ;
#6075 = DIRECTION ( 'NONE',  ( -2.443272501375785000E-016, -0.0000000000000000000, -1.000000000000000000 ) ) ;
#6076 = CARTESIAN_POINT ( 'NONE',  ( 8.380000000000000800, -5.051668046482832700E-016, -4.124999999999999100 ) ) ;
#6077 = DIRECTION ( 'NONE',  ( 0.0000000000000000000, -1.127908631974522500E-015, -1.000000000000000000 ) ) ;
#6078 = EDGE_CURVE ( 'NONE', #360, #6444, #4713, .T. ) ;
#6079 = DIRECTION ( 'NONE',  ( 1.000000000000000000, 0.0000000000000000000, 0.0000000000000000000 ) ) ;
#6080 = LINE ( 'NONE', #3047, #3242 ) ;
#6081 = CIRCLE ( 'NONE', #4322, 0.4404999999999998900 ) ;
#6082 = ORIENTED_EDGE ( 'NONE', *, *, #2782, .T. ) ;
#6083 = EDGE_CURVE ( 'NONE', #5300, #5802, #3808, .T. ) ;
#6084 = ORIENTED_EDGE ( 'NONE', *, *, #2963, .F. ) ;
#6085 = CARTESIAN_POINT ( 'NONE',  ( 4.829999999999999200, -3.794707603699265500E-016, 4.375000000000001800 ) ) ;
#6086 = CARTESIAN_POINT ( 'NONE',  ( 3.299999999999999800, 2.489499999999999200, -4.375000000000000000 ) ) ;
#6087 = ADVANCED_FACE ( 'NONE', ( #1655 ), #2827, .F. ) ;
#6088 = CARTESIAN_POINT ( 'NONE',  ( -5.840000000000001600, 2.929999999999999300, -3.550000000000002500 ) ) ;
#6089 = ORIENTED_EDGE ( 'NONE', *, *, #5790, .T. ) ;
#6090 = ORIENTED_EDGE ( 'NONE', *, *, #5167, .F. ) ;
#6091 = DIRECTION ( 'NONE',  ( 0.0000000000000000000, -1.127908631974522500E-015, 1.000000000000000000 ) ) ;
#6092 = EDGE_CURVE ( 'NONE', #2607, #5732, #4994, .T. ) ;
#6093 = VERTEX_POINT ( 'NONE', #2957 ) ;
#6094 = VECTOR ( 'NONE', #7271, 1000.000000000000000 ) ;
#6095 = EDGE_CURVE ( 'NONE', #3929, #5979, #6919, .T. ) ;
#6096 = EDGE_CURVE ( 'NONE', #5425, #5289, #6732, .T. ) ;
#6097 = VECTOR ( 'NONE', #6099, 1000.000000000000000 ) ;
#6098 = ORIENTED_EDGE ( 'NONE', *, *, #1682, .F. ) ;
#6099 = DIRECTION ( 'NONE',  ( 0.0000000000000000000, -1.000000000000000000, -6.968160176649155900E-016 ) ) ;
#6100 = EDGE_CURVE ( 'NONE', #4834, #3486, #3980, .T. ) ;
#6101 = VERTEX_POINT ( 'NONE', #4069 ) ;
#6102 = ORIENTED_EDGE ( 'NONE', *, *, #4270, .F. ) ;
#6103 = DIRECTION ( 'NONE',  ( 0.0000000000000000000, -1.498163464873311700E-016, 1.000000000000000000 ) ) ;
#6104 = DIRECTION ( 'NONE',  ( -1.000000000000000000, -0.0000000000000000000, -0.0000000000000000000 ) ) ;
#6105 = CLOSED_SHELL ( 'NONE', ( #6252, #4277, #4265, #3050, #1294, #4526, #2903, #3009, #2307, #2373, #590, #5877, #7279, #5881, #4217, #2493 ) ) ;
#6106 = CARTESIAN_POINT ( 'NONE',  ( -2.290000000000000500, 2.489499999999999200, 3.934500000000000300 ) ) ;
#6107 = LINE ( 'NONE', #1247, #3805 ) ;
#6108 = CARTESIAN_POINT ( 'NONE',  ( -8.380000000000000800, 2.489499999999999200, 3.934500000000000300 ) ) ;
#6109 = VECTOR ( 'NONE', #2689, 1000.000000000000000 ) ;
#6110 = CARTESIAN_POINT ( 'NONE',  ( -8.380000000000000800, 2.489499999999999200, -4.375000000000000000 ) ) ;
#6111 = CARTESIAN_POINT ( 'NONE',  ( 5.839999999999999900, 2.489499999999999200, -3.934500000000000300 ) ) ;
#6112 = EDGE_LOOP ( 'NONE', ( #4102, #4391, #3119, #2164 ) ) ;
#6113 = CARTESIAN_POINT ( 'NONE',  ( -0.2500000000000002200, 2.489499999999999200, 3.934500000000000300 ) ) ;
#6114 = LINE ( 'NONE', #2129, #5193 ) ;
#6115 = DIRECTION ( 'NONE',  ( 0.0000000000000000000, 0.0000000000000000000, 1.000000000000000000 ) ) ;
#6116 = LINE ( 'NONE', #4225, #7170 ) ;
#6117 = CIRCLE ( 'NONE', #5180, 0.1904999999999997000 ) ;
#6118 = CARTESIAN_POINT ( 'NONE',  ( 2.289999999999999600, -3.794707603699265500E-016, -4.375000000000001800 ) ) ;
#6119 = EDGE_CURVE ( 'NONE', #5220, #914, #3536, .T. ) ;
#6120 = DIRECTION ( 'NONE',  ( -0.4999999999999967200, 0.8660254037844405900, 1.297447619602006000E-016 ) ) ;
#6121 = CARTESIAN_POINT ( 'NONE',  ( 6.859999999999999400, 0.6500000000000045700, -4.124999999999999100 ) ) ;
#6122 = CARTESIAN_POINT ( 'NONE',  ( -3.300000000000000700, 2.679999999999999300, -3.550000000000002500 ) ) ;
#6123 = ORIENTED_EDGE ( 'NONE', *, *, #4473, .F. ) ;
#6124 = ADVANCED_FACE ( 'NONE', ( #5352 ), #1243, .F. ) ;
#6125 = EDGE_CURVE ( 'NONE', #5121, #5808, #1275, .T. ) ;
#6126 = ORIENTED_EDGE ( 'NONE', *, *, #4121, .T. ) ;
#6127 = DIRECTION ( 'NONE',  ( 0.4999999999999967200, -0.8660254037844405900, -1.297447619602006200E-016 ) ) ;
#6128 = ORIENTED_EDGE ( 'NONE', *, *, #6515, .F. ) ;
#6129 = LINE ( 'NONE', #6056, #6482 ) ;
#6130 = DIRECTION ( 'NONE',  ( -1.000000000000000000, -0.0000000000000000000, 0.0000000000000000000 ) ) ;
#6131 = DIRECTION ( 'NONE',  ( 0.0000000000000000000, 1.000000000000000000, 5.027841771134210700E-016 ) ) ;
#6132 = CARTESIAN_POINT ( 'NONE',  ( -3.300000000000000700, 2.929999999999999300, -3.934500000000000300 ) ) ;
#6133 = AXIS2_PLACEMENT_3D ( 'NONE', #6681, #3792, #2042 ) ;
#6134 = CARTESIAN_POINT ( 'NONE',  ( 10.00000000000000200, 2.929999999999999300, -3.549999999999997200 ) ) ;
#6135 = LINE ( 'NONE', #3906, #7479 ) ;
#6136 = ORIENTED_EDGE ( 'NONE', *, *, #5239, .F. ) ;
#6137 = ORIENTED_EDGE ( 'NONE', *, *, #597, .F. ) ;
#6138 = VECTOR ( 'NONE', #4012, 1000.000000000000000 ) ;
#6139 = ORIENTED_EDGE ( 'NONE', *, *, #364, .T. ) ;
#6140 = DIRECTION ( 'NONE',  ( 0.0000000000000000000, 1.000000000000000000, 0.0000000000000000000 ) ) ;
#6141 = ORIENTED_EDGE ( 'NONE', *, *, #3452, .T. ) ;
#6142 = CARTESIAN_POINT ( 'NONE',  ( -7.870000000000000100, -4.336808689942017700E-016, 4.125000000000000000 ) ) ;
#6143 = CARTESIAN_POINT ( 'NONE',  ( 2.790000000000000000, -3.299999999999999800, 4.124999999999999100 ) ) ;
#6144 = CARTESIAN_POINT ( 'NONE',  ( 1.779999999999999400, 2.489499999999999200, 3.934500000000000300 ) ) ;
#6145 = LINE ( 'NONE', #1800, #5481 ) ;
#6146 = EDGE_CURVE ( 'NONE', #2283, #4426, #2902, .T. ) ;
#6147 = ORIENTED_EDGE ( 'NONE', *, *, #4572, .T. ) ;
#6148 = EDGE_LOOP ( 'NONE', ( #4503, #6013, #5994, #115, #3101, #788, #4080, #3831 ) ) ;
#6149 = EDGE_CURVE ( 'NONE', #1660, #26, #4359, .T. ) ;
#6150 = DIRECTION ( 'NONE',  ( -1.000000000000000000, -0.0000000000000000000, 0.0000000000000000000 ) ) ;
#6151 = LINE ( 'NONE', #2813, #6776 ) ;
#6152 = CARTESIAN_POINT ( 'NONE',  ( -7.370000000000000100, 2.489499999999999200, -4.125000000000000000 ) ) ;
#6153 = ORIENTED_EDGE ( 'NONE', *, *, #2107, .F. ) ;
#6154 = DIRECTION ( 'NONE',  ( 0.0000000000000000000, 0.0000000000000000000, -1.000000000000000000 ) ) ;
#6155 = UNCERTAINTY_MEASURE_WITH_UNIT (LENGTH_MEASURE( 1.000000000000000100E-005 ), #3634, 'distance_accuracy_value', 'NONE');
#6156 = CARTESIAN_POINT ( 'NONE',  ( 8.380000000000000800, 0.6500000000000028000, -4.375000000000000900 ) ) ;
#6157 = CARTESIAN_POINT ( 'NONE',  ( 4.319999999999999400, 0.6500000000000048000, -4.375000000000000900 ) ) ;
#6158 = ORIENTED_EDGE ( 'NONE', *, *, #940, .T. ) ;
#6159 = DIRECTION ( 'NONE',  ( 0.0000000000000000000, 1.000000000000000000, 0.0000000000000000000 ) ) ;
#6160 =( NAMED_UNIT ( * ) PLANE_ANGLE_UNIT ( ) SI_UNIT ( $, .RADIAN. ) );
#6161 = DIRECTION ( 'NONE',  ( -1.000000000000000000, -0.0000000000000000000, -0.0000000000000000000 ) ) ;
#6162 = CARTESIAN_POINT ( 'NONE',  ( -2.290000000000000500, 2.679999999999999300, 3.550000000000002500 ) ) ;
#6163 = EDGE_CURVE ( 'NONE', #1599, #7507, #3455, .T. ) ;
#6164 = DIRECTION ( 'NONE',  ( -1.000000000000000000, -0.0000000000000000000, -0.0000000000000000000 ) ) ;
#6165 = ORIENTED_EDGE ( 'NONE', *, *, #2437, .F. ) ;
#6166 = VERTEX_POINT ( 'NONE', #5344 ) ;
#6167 = DIRECTION ( 'NONE',  ( 0.0000000000000000000, -1.498163464873311700E-016, -1.000000000000000000 ) ) ;
#6168 =( NAMED_UNIT ( * ) SI_UNIT ( $, .STERADIAN. ) SOLID_ANGLE_UNIT ( ) );
#6169 = ORIENTED_EDGE ( 'NONE', *, *, #6775, .F. ) ;
#6170 = SURFACE_SIDE_STYLE ('',( #571 ) ) ;
#6171 = CARTESIAN_POINT ( 'NONE',  ( -1.780000000000000200, 0.6500000000000026900, 4.375000000000000000 ) ) ;
#6172 = AXIS2_PLACEMENT_3D ( 'NONE', #2443, #165, #5380 ) ;
#6173 = DIRECTION ( 'NONE',  ( 0.0000000000000000000, 1.000000000000000000, 3.484080088324578000E-016 ) ) ;
#6174 = CIRCLE ( 'NONE', #967, 0.1904999999999997000 ) ;
#6175 = LINE ( 'NONE', #1892, #6614 ) ;
#6176 = LINE ( 'NONE', #5579, #6356 ) ;
#6177 = VERTEX_POINT ( 'NONE', #2459 ) ;
#6178 = VECTOR ( 'NONE', #2022, 1000.000000000000000 ) ;
#6179 = PRESENTATION_LAYER_ASSIGNMENT (  '', '', ( #5277 ) ) ;
#6180 = DIRECTION ( 'NONE',  ( 0.0000000000000000000, 0.0000000000000000000, -1.000000000000000000 ) ) ;
#6181 = CARTESIAN_POINT ( 'NONE',  ( -1.780000000000000200, 2.489499999999999200, 4.375000000000000000 ) ) ;
#6182 = LINE ( 'NONE', #6171, #5993 ) ;
#6183 = VERTEX_POINT ( 'NONE', #7092 ) ;
#6184 = DIRECTION ( 'NONE',  ( 0.0000000000000000000, 5.027841771134210700E-016, -1.000000000000000000 ) ) ;
#6185 = ORIENTED_EDGE ( 'NONE', *, *, #5700, .F. ) ;
#6186 = CARTESIAN_POINT ( 'NONE',  ( 0.3847223250267439200, -3.794707603699265500E-016, 4.375000000000001800 ) ) ;
#6187 = FACE_OUTER_BOUND ( 'NONE', #2302, .T. ) ;
#6188 = EDGE_CURVE ( 'NONE', #6899, #6203, #7077, .T. ) ;
#6189 = LINE ( 'NONE', #6371, #7438 ) ;
#6190 = VERTEX_POINT ( 'NONE', #6520 ) ;
#6191 = CARTESIAN_POINT ( 'NONE',  ( -10.00000000000002300, 2.929999999999999300, 3.550000000000002900 ) ) ;
#6192 = CARTESIAN_POINT ( 'NONE',  ( -7.370000000000000100, 2.929999999999999300, 3.550000000000002500 ) ) ;
#6193 = CARTESIAN_POINT ( 'NONE',  ( 4.319999999999999400, 2.489499999999999200, -4.125000000000000000 ) ) ;
#6194 = CARTESIAN_POINT ( 'NONE',  ( -4.830000000000001000, -3.299999999999999800, 4.124999999999999100 ) ) ;
#6195 = ORIENTED_EDGE ( 'NONE', *, *, #3806, .T. ) ;
#6196 = ADVANCED_FACE ( 'NONE', ( #4448 ), #648, .T. ) ;
#6197 = ORIENTED_EDGE ( 'NONE', *, *, #3492, .F. ) ;
#6198 = CARTESIAN_POINT ( 'NONE',  ( -10.00000000000002500, 2.929999999999999300, -3.549999999999985600 ) ) ;
#6199 = CIRCLE ( 'NONE', #7112, 0.4404999999999998900 ) ;
#6200 = VECTOR ( 'NONE', #87, 1000.000000000000000 ) ;
#6201 = DIRECTION ( 'NONE',  ( -0.0000000000000000000, 5.027841771134210700E-016, 1.000000000000000000 ) ) ;
#6202 = ORIENTED_EDGE ( 'NONE', *, *, #6619, .F. ) ;
#6203 = VERTEX_POINT ( 'NONE', #5415 ) ;
#6204 = LINE ( 'NONE', #6088, #3275 ) ;
#6205 = DIRECTION ( 'NONE',  ( -1.000000000000000000, -0.0000000000000000000, 0.0000000000000000000 ) ) ;
#6206 = FACE_OUTER_BOUND ( 'NONE', #5297, .T. ) ;
#6207 = EDGE_CURVE ( 'NONE', #5776, #145, #5735, .T. ) ;
#6208 = DIRECTION ( 'NONE',  ( 0.0000000000000000000, 1.000000000000000000, 3.484080088324578000E-016 ) ) ;
#6209 = ORIENTED_EDGE ( 'NONE', *, *, #2488, .T. ) ;
#6210 = VECTOR ( 'NONE', #2986, 1000.000000000000000 ) ;
#6211 = LINE ( 'NONE', #6817, #4086 ) ;
#6212 = DIRECTION ( 'NONE',  ( -1.000000000000000000, -0.0000000000000000000, -0.0000000000000000000 ) ) ;
#6213 = CIRCLE ( 'NONE', #2472, 0.1904999999999997000 ) ;
#6214 = FACE_OUTER_BOUND ( 'NONE', #4362, .T. ) ;
#6215 = CARTESIAN_POINT ( 'NONE',  ( 5.464722325026743400, -5.051668046482832700E-016, -4.124999999999999100 ) ) ;
#6216 = PLANE ( 'NONE',  #3224 ) ;
#6217 = VERTEX_POINT ( 'NONE', #3613 ) ;
#6218 = DIRECTION ( 'NONE',  ( -5.804604032045796900E-016, -0.1305261922200519100, -0.9914448613738104900 ) ) ;
#6219 = CARTESIAN_POINT ( 'NONE',  ( 7.870000000000000100, -3.299999999999999400, 4.375000000000000900 ) ) ;
#6220 = ORIENTED_EDGE ( 'NONE', *, *, #2833, .T. ) ;
#6221 = DIRECTION ( 'NONE',  ( -0.0000000000000000000, -1.734723475976793500E-015, -1.000000000000000000 ) ) ;
#6222 = LINE ( 'NONE', #415, #5017 ) ;
#6223 = EDGE_CURVE ( 'NONE', #2434, #6786, #4617, .T. ) ;
#6224 = EDGE_LOOP ( 'NONE', ( #5905, #1347, #3697, #319 ) ) ;
#6225 = ORIENTED_EDGE ( 'NONE', *, *, #3910, .F. ) ;
#6226 = FACE_OUTER_BOUND ( 'NONE', #416, .T. ) ;
#6227 = ORIENTED_EDGE ( 'NONE', *, *, #4763, .F. ) ;
#6228 = DIRECTION ( 'NONE',  ( 0.0000000000000000000, 0.0000000000000000000, 1.000000000000000000 ) ) ;
#6229 = AXIS2_PLACEMENT_3D ( 'NONE', #86, #658, #4092 ) ;
#6230 = ORIENTED_EDGE ( 'NONE', *, *, #404, .T. ) ;
#6231 = EDGE_CURVE ( 'NONE', #3078, #6898, #5100, .T. ) ;
#6232 = CARTESIAN_POINT ( 'NONE',  ( -5.840000000000001600, 2.679999999999998800, -3.934500000000000300 ) ) ;
#6233 = LINE ( 'NONE', #5988, #6668 ) ;
#6234 = VERTEX_POINT ( 'NONE', #4301 ) ;
#6235 = ADVANCED_FACE ( 'NONE', ( #2285 ), #21, .T. ) ;
#6236 = CARTESIAN_POINT ( 'NONE',  ( -5.840000000000001600, 2.489499999999999200, 4.375000000000000000 ) ) ;
#6237 = ORIENTED_EDGE ( 'NONE', *, *, #163, .T. ) ;
#6238 =( LENGTH_UNIT ( ) NAMED_UNIT ( * ) SI_UNIT ( .MILLI., .METRE. ) );
#6239 = CARTESIAN_POINT ( 'NONE',  ( 6.859999999999999400, 2.929999999999999300, -3.550000000000002500 ) ) ;
#6240 = DIRECTION ( 'NONE',  ( 0.0000000000000000000, -1.498163464873311700E-016, -1.000000000000000000 ) ) ;
#6241 =( GEOMETRIC_REPRESENTATION_CONTEXT ( 3 ) GLOBAL_UNCERTAINTY_ASSIGNED_CONTEXT ( ( #1994 ) ) GLOBAL_UNIT_ASSIGNED_CONTEXT ( ( #2988, #7028, #692 ) ) REPRESENTATION_CONTEXT ( 'NONE', 'WORKASPACE' ) );
#6242 = VERTEX_POINT ( 'NONE', #4832 ) ;
#6243 = CARTESIAN_POINT ( 'NONE',  ( 10.00000000000000400, 2.929999999999999300, 3.550000000000002500 ) ) ;
#6244 = VECTOR ( 'NONE', #4235, 1000.000000000000000 ) ;
#6245 = EDGE_CURVE ( 'NONE', #316, #3128, #2104, .T. ) ;
#6246 = ORIENTED_EDGE ( 'NONE', *, *, #4852, .T. ) ;
#6247 = ORIENTED_EDGE ( 'NONE', *, *, #3012, .F. ) ;
#6248 = SURFACE_STYLE_USAGE ( .BOTH. , #7359 ) ;
#6249 = CARTESIAN_POINT ( 'NONE',  ( 4.319999999999999400, 0.6500000000000045700, 4.124999999999999100 ) ) ;
#6250 = DIRECTION ( 'NONE',  ( 0.0000000000000000000, -1.000000000000000000, -6.968160176649155900E-016 ) ) ;
#6251 = DIRECTION ( 'NONE',  ( 0.4999999999999977200, 0.8660254037844399300, 1.297447619602005500E-016 ) ) ;
#6252 = ADVANCED_FACE ( 'NONE', ( #373 ), #785, .T. ) ;
#6253 = EDGE_CURVE ( 'NONE', #7289, #6661, #6372, .T. ) ;
#6254 = EDGE_CURVE ( 'NONE', #1678, #4262, #193, .T. ) ;
#6255 = EDGE_LOOP ( 'NONE', ( #370, #3527, #3853, #5583 ) ) ;
#6256 = CARTESIAN_POINT ( 'NONE',  ( 5.330000000000000100, -3.299999999999999800, 4.124999999999999100 ) ) ;
#6257 = EDGE_LOOP ( 'NONE', ( #5820, #1172, #1383, #7443 ) ) ;
#6258 = EDGE_CURVE ( 'NONE', #705, #5596, #285, .T. ) ;
#6259 = CARTESIAN_POINT ( 'NONE',  ( -1.780000000000000200, -3.794707603699265500E-016, 4.375000000000001800 ) ) ;
#6260 = VECTOR ( 'NONE', #259, 1000.000000000000000 ) ;
#6261 = FILL_AREA_STYLE ('',( #782 ) ) ;
#6262 = ORIENTED_EDGE ( 'NONE', *, *, #5243, .F. ) ;
#6263 = CARTESIAN_POINT ( 'NONE',  ( 6.859999999999999400, 2.679999999999998800, 3.934500000000000300 ) ) ;
#6264 = EDGE_LOOP ( 'NONE', ( #225, #6039, #3300, #5241 ) ) ;
#6265 = EDGE_CURVE ( 'NONE', #3092, #6234, #472, .T. ) ;
#6266 = DIRECTION ( 'NONE',  ( 0.4999999999999967200, -0.8660254037844405900, 1.297447619602006200E-016 ) ) ;
#6267 = PLANE ( 'NONE',  #3679 ) ;
#6268 = DIRECTION ( 'NONE',  ( 0.0000000000000000000, 1.000000000000000000, -5.027841771134210700E-016 ) ) ;
#6269 = CARTESIAN_POINT ( 'NONE',  ( 7.870000000000000100, 2.489499999999999200, -4.375000000000000000 ) ) ;
#6270 = CARTESIAN_POINT ( 'NONE',  ( 2.155277674973255800, -5.051668046482832700E-016, 4.124999999999999100 ) ) ;
#6271 = AXIS2_PLACEMENT_3D ( 'NONE', #4563, #5141, #3454 ) ;
#6272 = DIRECTION ( 'NONE',  ( -0.1305261922200519100, 0.9914448613738104900, 0.0000000000000000000 ) ) ;
#6273 = COLOUR_RGB ( '',0.7921568627450980000, 0.8196078431372548800, 0.9333333333333333500 ) ;
#6274 = ORIENTED_EDGE ( 'NONE', *, *, #1163, .T. ) ;
#6275 = CARTESIAN_POINT ( 'NONE',  ( 0.7600000000000002300, 2.929999999999999300, -3.550000000000002500 ) ) ;
#6276 = VECTOR ( 'NONE', #2776, 1000.000000000000000 ) ;
#6277 = LINE ( 'NONE', #1422, #5164 ) ;
#6278 = LINE ( 'NONE', #308, #2612 ) ;
#6279 = ORIENTED_EDGE ( 'NONE', *, *, #5192, .T. ) ;
#6280 = AXIS2_PLACEMENT_3D ( 'NONE', #1160, #2952, #6330 ) ;
#6281 = CARTESIAN_POINT ( 'NONE',  ( 7.870000000000000100, 2.489499999999999200, 4.375000000000000000 ) ) ;
#6282 = ORIENTED_EDGE ( 'NONE', *, *, #5364, .T. ) ;
#6283 = LINE ( 'NONE', #3129, #11 ) ;
#6284 = ORIENTED_EDGE ( 'NONE', *, *, #237, .T. ) ;
#6285 = ORIENTED_EDGE ( 'NONE', *, *, #837, .F. ) ;
#6286 = ADVANCED_FACE ( 'NONE', ( #6637 ), #764, .F. ) ;
#6287 = CARTESIAN_POINT ( 'NONE',  ( 2.155277674973255800, -4.456522286123197600E-016, 4.375000000000000000 ) ) ;
#6288 = CARTESIAN_POINT ( 'NONE',  ( -1.780000000000000200, -5.051668046482832700E-016, -4.124999999999999100 ) ) ;
#6289 = PLANE ( 'NONE',  #5125 ) ;
#6290 = LINE ( 'NONE', #4015, #1820 ) ;
#6291 = CARTESIAN_POINT ( 'NONE',  ( 4.319999999999999400, -5.051668046482832700E-016, -4.124999999999999100 ) ) ;
#6292 = LINE ( 'NONE', #3733, #7446 ) ;
#6293 = ORIENTED_EDGE ( 'NONE', *, *, #934, .T. ) ;
#6294 = DIRECTION ( 'NONE',  ( 0.0000000000000000000, 1.000000000000000000, 1.498163464873311700E-016 ) ) ;
#6295 =( LENGTH_UNIT ( ) NAMED_UNIT ( * ) SI_UNIT ( .MILLI., .METRE. ) );
#6296 = EDGE_LOOP ( 'NONE', ( #2000, #5078, #3112, #6991, #2543, #3479, #3612, #4643, #5600, #5158 ) ) ;
#6297 = ORIENTED_EDGE ( 'NONE', *, *, #5546, .F. ) ;
#6298 = EDGE_CURVE ( 'NONE', #412, #4697, #6009, .T. ) ;
#6299 = VERTEX_POINT ( 'NONE', #3152 ) ;
#6300 = EDGE_CURVE ( 'NONE', #6376, #7284, #4907, .T. ) ;
#6301 = CARTESIAN_POINT ( 'NONE',  ( 7.870000000000000100, 2.679999999999998800, 3.934500000000000300 ) ) ;
#6302 = EDGE_CURVE ( 'NONE', #2948, #3203, #1831, .T. ) ;
#6303 = VECTOR ( 'NONE', #805, 1000.000000000000000 ) ;
#6304 = CARTESIAN_POINT ( 'NONE',  ( 4.319999999999999400, 2.489499999999999200, 3.934500000000000300 ) ) ;
#6305 =( LENGTH_UNIT ( ) NAMED_UNIT ( * ) SI_UNIT ( .MILLI., .METRE. ) );
#6306 = UNCERTAINTY_MEASURE_WITH_UNIT (LENGTH_MEASURE( 1.000000000000000100E-005 ), #4123, 'distance_accuracy_value', 'NONE');
#6307 = EDGE_CURVE ( 'NONE', #428, #26, #3374, .T. ) ;
#6308 = EDGE_CURVE ( 'NONE', #462, #7207, #4538, .T. ) ;
#6309 = ORIENTED_EDGE ( 'NONE', *, *, #6313, .F. ) ;
#6310 = LINE ( 'NONE', #2887, #6464 ) ;
#6311 = CARTESIAN_POINT ( 'NONE',  ( -2.290000000000000500, -3.299999999999999400, 4.375000000000000900 ) ) ;
#6312 = VECTOR ( 'NONE', #1885, 1000.000000000000000 ) ;
#6313 = EDGE_CURVE ( 'NONE', #2535, #7450, #1455, .T. ) ;
#6314 = VECTOR ( 'NONE', #5146, 1000.000000000000000 ) ;
#6315 = DIRECTION ( 'NONE',  ( 0.0000000000000000000, -1.000000000000000000, 1.498163464873311500E-016 ) ) ;
#6316 = CARTESIAN_POINT ( 'NONE',  ( -4.830000000000001000, 2.489499999999999200, 4.375000000000000000 ) ) ;
#6317 = DIRECTION ( 'NONE',  ( -0.0000000000000000000, 0.0000000000000000000, 1.000000000000000000 ) ) ;
#6318 = CARTESIAN_POINT ( 'NONE',  ( 0.7600000000000002300, -5.051668046482832700E-016, -4.124999999999999100 ) ) ;
#6319 = DIRECTION ( 'NONE',  ( 0.0000000000000000000, -1.498163464873311500E-016, -1.000000000000000000 ) ) ;
#6320 = ORIENTED_EDGE ( 'NONE', *, *, #156, .T. ) ;
#6321 = ORIENTED_EDGE ( 'NONE', *, *, #1080, .T. ) ;
#6322 = VERTEX_POINT ( 'NONE', #6722 ) ;
#6323 = LINE ( 'NONE', #2145, #6405 ) ;
#6324 = CARTESIAN_POINT ( 'NONE',  ( -0.2500000000000002200, -4.336808689942017700E-016, -4.125000000000000000 ) ) ;
#6325 = PLANE ( 'NONE',  #6901 ) ;
#6326 = VECTOR ( 'NONE', #4399, 1000.000000000000000 ) ;
#6327 = EDGE_LOOP ( 'NONE', ( #1769, #1472, #7373, #460 ) ) ;
#6328 = ORIENTED_EDGE ( 'NONE', *, *, #7499, .T. ) ;
#6329 = ORIENTED_EDGE ( 'NONE', *, *, #6096, .F. ) ;
#6330 = DIRECTION ( 'NONE',  ( 1.000000000000000000, 0.0000000000000000000, 0.0000000000000000000 ) ) ;
#6331 = LINE ( 'NONE', #4607, #4302 ) ;
#6332 = VECTOR ( 'NONE', #5284, 1000.000000000000100 ) ;
#6333 = AXIS2_PLACEMENT_3D ( 'NONE', #7452, #1091, #6949 ) ;
#6334 = VERTEX_POINT ( 'NONE', #330 ) ;
#6335 = CARTESIAN_POINT ( 'NONE',  ( 5.330000000000000100, -4.336808689942017700E-016, 3.934500000000001200 ) ) ;
#6336 = PLANE ( 'NONE',  #1221 ) ;
#6337 = CARTESIAN_POINT ( 'NONE',  ( -6.859999999999999400, -3.794707603699265500E-016, -4.375000000000001800 ) ) ;
#6338 = EDGE_LOOP ( 'NONE', ( #2781, #2420, #7354, #4588, #7238, #661, #5283, #240 ) ) ;
#6339 = DIRECTION ( 'NONE',  ( -1.000000000000000000, -0.0000000000000000000, -0.0000000000000000000 ) ) ;
#6340 = AXIS2_PLACEMENT_3D ( 'NONE', #3253, #2651, #5535 ) ;
#6341 = DIRECTION ( 'NONE',  ( 0.0000000000000000000, -1.000000000000000000, 1.498163464873311700E-016 ) ) ;
#6342 = ORIENTED_EDGE ( 'NONE', *, *, #7176, .F. ) ;
#6343 = CARTESIAN_POINT ( 'NONE',  ( 3.299999999999999800, 0.6500000000000026900, 4.124999999999999100 ) ) ;
#6344 = DIRECTION ( 'NONE',  ( 0.0000000000000000000, 0.0000000000000000000, 1.000000000000000000 ) ) ;
#6345 = CARTESIAN_POINT ( 'NONE',  ( -0.2500000000000002200, 2.489499999999999200, -3.934500000000000300 ) ) ;
#6346 = ORIENTED_EDGE ( 'NONE', *, *, #3484, .F. ) ;
#6347 = EDGE_CURVE ( 'NONE', #585, #4791, #6450, .T. ) ;
#6348 = DIRECTION ( 'NONE',  ( 0.0000000000000000000, 1.000000000000000000, -1.498163464873311700E-016 ) ) ;
#6349 = EDGE_CURVE ( 'NONE', #1484, #3920, #465, .T. ) ;
#6350 = VERTEX_POINT ( 'NONE', #4404 ) ;
#6351 = ADVANCED_FACE ( 'NONE', ( #1999 ), #1431, .T. ) ;
#6352 = FACE_OUTER_BOUND ( 'NONE', #1528, .T. ) ;
#6353 = DIRECTION ( 'NONE',  ( 0.0000000000000000000, -1.000000000000000000, -1.498163464873311700E-016 ) ) ;
#6354 = CIRCLE ( 'NONE', #2859, 0.1904999999999997000 ) ;
#6355 = CARTESIAN_POINT ( 'NONE',  ( 1.779999999999999400, 2.489499999999999200, 3.934500000000000300 ) ) ;
#6356 = VECTOR ( 'NONE', #886, 1000.000000000000000 ) ;
#6357 = VERTEX_POINT ( 'NONE', #1489 ) ;
#6358 = LINE ( 'NONE', #1322, #5800 ) ;
#6359 = LINE ( 'NONE', #6198, #4240 ) ;
#6360 = VERTEX_POINT ( 'NONE', #7208 ) ;
#6361 = CARTESIAN_POINT ( 'NONE',  ( 3.299999999999999800, -5.051668046482832700E-016, 4.124999999999999100 ) ) ;
#6362 = CARTESIAN_POINT ( 'NONE',  ( 10.00000000000000200, 2.929999999999999300, -3.549999999999997200 ) ) ;
#6363 = CARTESIAN_POINT ( 'NONE',  ( -8.380000000000000800, 2.489499999999999200, 4.375000000000000000 ) ) ;
#6364 = ORIENTED_EDGE ( 'NONE', *, *, #4562, .T. ) ;
#6365 = VECTOR ( 'NONE', #2422, 1000.000000000000000 ) ;
#6366 = ORIENTED_EDGE ( 'NONE', *, *, #3775, .F. ) ;
#6367 = CARTESIAN_POINT ( 'NONE',  ( -4.320000000000001200, -5.051668046482832700E-016, -4.124999999999999100 ) ) ;
#6368 = CLOSED_SHELL ( 'NONE', ( #7010, #5231, #5663, #5150, #4074, #3125, #1656, #3442, #1732, #5384, #5837, #3014, #168, #1962, #5334, #2523 ) ) ;
#6369 = ORIENTED_EDGE ( 'NONE', *, *, #7258, .F. ) ;
#6370 = VECTOR ( 'NONE', #7040, 1000.000000000000000 ) ;
#6371 = CARTESIAN_POINT ( 'NONE',  ( -3.300000000000000700, 2.679999999999998800, -3.934500000000000300 ) ) ;
#6372 = LINE ( 'NONE', #4194, #5537 ) ;
#6373 = AXIS2_PLACEMENT_3D ( 'NONE', #3917, #4505, #4017 ) ;
#6374 = AXIS2_PLACEMENT_3D ( 'NONE', #6612, #2525, #1303 ) ;
#6375 = DIRECTION ( 'NONE',  ( -0.0000000000000000000, 5.027841771134210700E-016, 1.000000000000000000 ) ) ;
#6376 = VERTEX_POINT ( 'NONE', #6692 ) ;
#6377 = DIRECTION ( 'NONE',  ( -0.0000000000000000000, 5.027841771134210700E-016, 1.000000000000000000 ) ) ;
#6378 = VERTEX_POINT ( 'NONE', #4378 ) ;
#6379 = VECTOR ( 'NONE', #3826, 1000.000000000000000 ) ;
#6380 = DIRECTION ( 'NONE',  ( -1.000000000000000000, -0.0000000000000000000, 0.0000000000000000000 ) ) ;
#6381 = CARTESIAN_POINT ( 'NONE',  ( -4.320000000000001200, -5.051668046482832700E-016, 4.124999999999999100 ) ) ;
#6382 = LINE ( 'NONE', #6291, #6926 ) ;
#6383 = MANIFOLD_SOLID_BREP ( 'LPattern1[11]', #986 ) ;
#6384 = CARTESIAN_POINT ( 'NONE',  ( -1.780000000000000200, 2.679999999999999300, -3.550000000000002500 ) ) ;
#6385 = ORIENTED_EDGE ( 'NONE', *, *, #3579, .F. ) ;
#6386 = DIRECTION ( 'NONE',  ( -1.000000000000000000, -0.0000000000000000000, -0.0000000000000000000 ) ) ;
#6387 = EDGE_CURVE ( 'NONE', #4458, #3681, #3523, .T. ) ;
#6388 = VECTOR ( 'NONE', #1008, 1000.000000000000000 ) ;
#6389 = DIRECTION ( 'NONE',  ( 0.0000000000000000000, 1.127908631974522500E-015, -1.000000000000000000 ) ) ;
#6390 = DIRECTION ( 'NONE',  ( -0.4999999999999977200, -0.8660254037844399300, 1.297447619602005200E-016 ) ) ;
#6391 = ADVANCED_FACE ( 'NONE', ( #7156 ), #4989, .T. ) ;
#6392 = EDGE_CURVE ( 'NONE', #2941, #4834, #6989, .T. ) ;
#6393 = EDGE_CURVE ( 'NONE', #867, #4833, #6292, .T. ) ;
#6394 = FACE_OUTER_BOUND ( 'NONE', #860, .T. ) ;
#6395 = CARTESIAN_POINT ( 'NONE',  ( -4.320000000000001200, -5.051668046482832700E-016, -4.124999999999999100 ) ) ;
#6396 = ORIENTED_EDGE ( 'NONE', *, *, #3996, .F. ) ;
#6397 = ORIENTED_EDGE ( 'NONE', *, *, #707, .T. ) ;
#6398 = CARTESIAN_POINT ( 'NONE',  ( -9.714314080235373800, 0.5100000000000000100, 3.264314080235353600 ) ) ;
#6399 = DIRECTION ( 'NONE',  ( 0.0000000000000000000, 1.000000000000000000, -1.734723475976793700E-015 ) ) ;
#6400 = SURFACE_STYLE_FILL_AREA ( #3330 ) ;
#6401 = CARTESIAN_POINT ( 'NONE',  ( 4.319999999999999400, 2.489499999999999200, -3.934500000000000300 ) ) ;
#6402 = ORIENTED_EDGE ( 'NONE', *, *, #639, .F. ) ;
#6403 = DIRECTION ( 'NONE',  ( -1.000000000000000000, -0.0000000000000000000, -0.0000000000000000000 ) ) ;
#6404 = ORIENTED_EDGE ( 'NONE', *, *, #3446, .T. ) ;
#6405 = VECTOR ( 'NONE', #438, 1000.000000000000000 ) ;
#6406 = CARTESIAN_POINT ( 'NONE',  ( -6.859999999999999400, -5.051668046482832700E-016, 4.124999999999999100 ) ) ;
#6407 = VECTOR ( 'NONE', #3809, 1000.000000000000000 ) ;
#6408 = EDGE_CURVE ( 'NONE', #867, #1449, #5088, .T. ) ;
#6409 = AXIS2_PLACEMENT_3D ( 'NONE', #6559, #4876, #6038 ) ;
#6410 = PLANE ( 'NONE',  #1958 ) ;
#6411 = DIRECTION ( 'NONE',  ( -0.0000000000000000000, 1.000000000000000000, 1.498163464873311500E-016 ) ) ;
#6412 = ADVANCED_FACE ( 'NONE', ( #105 ), #4429, .F. ) ;
#6413 = VECTOR ( 'NONE', #5361, 1000.000000000000000 ) ;
#6414 = EDGE_LOOP ( 'NONE', ( #4909, #2202, #5774, #2073 ) ) ;
#6415 = ORIENTED_EDGE ( 'NONE', *, *, #7106, .F. ) ;
#6416 = CARTESIAN_POINT ( 'NONE',  ( 5.330000000000000100, -5.051668046482832700E-016, 4.124999999999999100 ) ) ;
#6417 = CYLINDRICAL_SURFACE ( 'NONE', #3504, 0.4404999999999998900 ) ;
#6418 = VERTEX_POINT ( 'NONE', #4349 ) ;
#6419 = CARTESIAN_POINT ( 'NONE',  ( -6.859999999999999400, -5.051668046482832700E-016, -4.124999999999999100 ) ) ;
#6420 = ORIENTED_EDGE ( 'NONE', *, *, #1663, .T. ) ;
#6421 = EDGE_CURVE ( 'NONE', #2563, #7289, #5909, .T. ) ;
#6422 = FACE_OUTER_BOUND ( 'NONE', #4681, .T. ) ;
#6423 = ORIENTED_EDGE ( 'NONE', *, *, #7206, .F. ) ;
#6424 = ORIENTED_EDGE ( 'NONE', *, *, #1229, .F. ) ;
#6425 = DIRECTION ( 'NONE',  ( 0.0000000000000000000, 1.127908631974522500E-015, -1.000000000000000000 ) ) ;
#6426 = CLOSED_SHELL ( 'NONE', ( #7078, #5372, #3689, #2299, #1300, #1374, #4183, #7013, #2003, #702, #4317, #1696, #3360, #4849, #4675, #5965 ) ) ;
#6427 = DIRECTION ( 'NONE',  ( -1.000000000000000000, -0.0000000000000000000, 0.0000000000000000000 ) ) ;
#6428 = DIRECTION ( 'NONE',  ( 0.0000000000000000000, 1.000000000000000000, -1.498163464873311700E-016 ) ) ;
#6429 = EDGE_CURVE ( 'NONE', #2121, #360, #1644, .T. ) ;
#6430 = LINE ( 'NONE', #5371, #531 ) ;
#6431 = ORIENTED_EDGE ( 'NONE', *, *, #1137, .T. ) ;
#6432 = EDGE_CURVE ( 'NONE', #2786, #668, #5437, .T. ) ;
#6433 = CARTESIAN_POINT ( 'NONE',  ( 0.7600000000000002300, 2.679999999999998800, -3.934500000000000300 ) ) ;
#6434 = EDGE_CURVE ( 'NONE', #6166, #3897, #3617, .T. ) ;
#6435 = VECTOR ( 'NONE', #6250, 1000.000000000000000 ) ;
#6436 = LINE ( 'NONE', #6363, #1634 ) ;
#6437 = FACE_OUTER_BOUND ( 'NONE', #5037, .T. ) ;
#6438 = ORIENTED_EDGE ( 'NONE', *, *, #5717, .F. ) ;
#6439 = ORIENTED_EDGE ( 'NONE', *, *, #2732, .T. ) ;
#6440 = CARTESIAN_POINT ( 'NONE',  ( 5.839999999999999900, 2.489499999999999200, -3.934500000000000300 ) ) ;
#6441 = VECTOR ( 'NONE', #5340, 1000.000000000000000 ) ;
#6442 = CARTESIAN_POINT ( 'NONE',  ( -5.330000000000001800, -3.794707603699265500E-016, 4.375000000000001800 ) ) ;
#6443 = VECTOR ( 'NONE', #5309, 1000.000000000000000 ) ;
#6444 = VERTEX_POINT ( 'NONE', #7405 ) ;
#6445 = AXIS2_PLACEMENT_3D ( 'NONE', #1400, #4323, #852 ) ;
#6446 = DIRECTION ( 'NONE',  ( 0.0000000000000000000, 5.027841771134210700E-016, -1.000000000000000000 ) ) ;
#6447 = VERTEX_POINT ( 'NONE', #7375 ) ;
#6448 = FACE_OUTER_BOUND ( 'NONE', #3131, .T. ) ;
#6449 = CARTESIAN_POINT ( 'NONE',  ( -5.840000000000001600, 2.929999999999999300, -3.934500000000000300 ) ) ;
#6450 = LINE ( 'NONE', #937, #3365 ) ;
#6451 = ORIENTED_EDGE ( 'NONE', *, *, #2488, .F. ) ;
#6452 = CARTESIAN_POINT ( 'NONE',  ( 2.289999999999999600, 2.489499999999999200, -4.375000000000000000 ) ) ;
#6453 = VECTOR ( 'NONE', #4532, 1000.000000000000000 ) ;
#6454 = ORIENTED_EDGE ( 'NONE', *, *, #2253, .T. ) ;
#6455 = ORIENTED_EDGE ( 'NONE', *, *, #1724, .T. ) ;
#6456 = AXIS2_PLACEMENT_3D ( 'NONE', #846, #5966, #4316 ) ;
#6457 = ORIENTED_EDGE ( 'NONE', *, *, #4250, .F. ) ;
#6458 = LINE ( 'NONE', #4762, #917 ) ;
#6459 = EDGE_CURVE ( 'NONE', #3196, #342, #3972, .T. ) ;
#6460 = VECTOR ( 'NONE', #3669, 1000.000000000000000 ) ;
#6461 = ORIENTED_EDGE ( 'NONE', *, *, #3450, .T. ) ;
#6462 = VECTOR ( 'NONE', #6389, 1000.000000000000000 ) ;
#6463 = CARTESIAN_POINT ( 'NONE',  ( -5.330000000000001800, -4.336808689942017700E-016, 4.125000000000000000 ) ) ;
#6464 = VECTOR ( 'NONE', #5770, 1000.000000000000000 ) ;
#6465 = AXIS2_PLACEMENT_3D ( 'NONE', #4489, #5671, #4998 ) ;
#6466 = LINE ( 'NONE', #4945, #4915 ) ;
#6467 = VECTOR ( 'NONE', #6946, 1000.000000000000000 ) ;
#6468 = DIRECTION ( 'NONE',  ( 0.8660254037844399300, -0.4999999999999977200, -2.513920885567094000E-016 ) ) ;
#6469 = EDGE_CURVE ( 'NONE', #3977, #4477, #277, .T. ) ;
#6470 = CARTESIAN_POINT ( 'NONE',  ( 8.380000000000000800, 2.489499999999999200, -4.375000000000000000 ) ) ;
#6471 = ORIENTED_EDGE ( 'NONE', *, *, #3975, .F. ) ;
#6472 = ORIENTED_EDGE ( 'NONE', *, *, #4096, .T. ) ;
#6473 = DIRECTION ( 'NONE',  ( -0.0000000000000000000, 1.000000000000000000, -0.0000000000000000000 ) ) ;
#6474 = CARTESIAN_POINT ( 'NONE',  ( -2.924722325026744700, -5.051668046482832700E-016, -4.125000000000000000 ) ) ;
#6475 = DIRECTION ( 'NONE',  ( -0.1294283079955639800, -0.9831056027603600800, -0.1294283079955638700 ) ) ;
#6476 = ORIENTED_EDGE ( 'NONE', *, *, #1719, .T. ) ;
#6477 = ORIENTED_EDGE ( 'NONE', *, *, #1124, .F. ) ;
#6478 = EDGE_CURVE ( 'NONE', #6704, #3078, #3165, .T. ) ;
#6479 = LINE ( 'NONE', #5970, #1291 ) ;
#6480 = ORIENTED_EDGE ( 'NONE', *, *, #3514, .F. ) ;
#6481 = ORIENTED_EDGE ( 'NONE', *, *, #5999, .T. ) ;
#6482 = VECTOR ( 'NONE', #1386, 1000.000000000000000 ) ;
#6483 = CARTESIAN_POINT ( 'NONE',  ( 0.7600000000000002300, 2.489499999999999200, -3.934500000000000300 ) ) ;
#6484 = LINE ( 'NONE', #3728, #6046 ) ;
#6485 = ORIENTED_EDGE ( 'NONE', *, *, #2065, .F. ) ;
#6486 = EDGE_LOOP ( 'NONE', ( #1377, #7331, #617, #6910 ) ) ;
#6487 = CIRCLE ( 'NONE', #3317, 0.4404999999999998900 ) ;
#6488 = VERTEX_POINT ( 'NONE', #6232 ) ;
#6489 = DIRECTION ( 'NONE',  ( 0.0000000000000000000, 5.027841771134210700E-016, 1.000000000000000000 ) ) ;
#6490 = AXIS2_PLACEMENT_3D ( 'NONE', #4198, #3111, #2463 ) ;
#6491 = ADVANCED_FACE ( 'NONE', ( #4347 ), #4524, .F. ) ;
#6492 = CARTESIAN_POINT ( 'NONE',  ( -0.2500000000000002200, -3.299999999999999800, -4.124999999999999100 ) ) ;
#6493 = LINE ( 'NONE', #2839, #4112 ) ;
#6494 = CARTESIAN_POINT ( 'NONE',  ( 0.7600000000000002300, 0.6500000000000026900, 4.375000000000000000 ) ) ;
#6495 = ORIENTED_EDGE ( 'NONE', *, *, #1674, .F. ) ;
#6496 = EDGE_CURVE ( 'NONE', #6659, #585, #2448, .T. ) ;
#6497 = FILL_AREA_STYLE ('',( #4858 ) ) ;
#6498 = AXIS2_PLACEMENT_3D ( 'NONE', #64, #2955, #1803 ) ;
#6499 = DIRECTION ( 'NONE',  ( 0.0000000000000000000, 0.0000000000000000000, -1.000000000000000000 ) ) ;
#6500 = ORIENTED_EDGE ( 'NONE', *, *, #560, .F. ) ;
#6501 = DIRECTION ( 'NONE',  ( 0.0000000000000000000, -5.027841771134210700E-016, 1.000000000000000000 ) ) ;
#6502 = DIRECTION ( 'NONE',  ( 0.0000000000000000000, 1.000000000000000000, 0.0000000000000000000 ) ) ;
#6503 = LINE ( 'NONE', #6029, #3320 ) ;
#6504 = ORIENTED_EDGE ( 'NONE', *, *, #1457, .F. ) ;
#6505 = AXIS2_PLACEMENT_3D ( 'NONE', #5633, #947, #4484 ) ;
#6506 = ORIENTED_EDGE ( 'NONE', *, *, #1663, .F. ) ;
#6507 = MECHANICAL_DESIGN_GEOMETRIC_PRESENTATION_REPRESENTATION (  '', ( #7167 ), #2094 ) ;
#6508 = DIRECTION ( 'NONE',  ( 0.0000000000000000000, -0.0000000000000000000, -1.000000000000000000 ) ) ;
#6509 = DIRECTION ( 'NONE',  ( 1.000000000000000000, 0.0000000000000000000, 0.0000000000000000000 ) ) ;
#6510 = PLANE ( 'NONE',  #608 ) ;
#6511 = VERTEX_POINT ( 'NONE', #6263 ) ;
#6512 = CARTESIAN_POINT ( 'NONE',  ( -7.870000000000000100, -3.299999999999999800, 4.124999999999999100 ) ) ;
#6513 = EDGE_CURVE ( 'NONE', #1009, #5134, #4161, .T. ) ;
#6514 = DIRECTION ( 'NONE',  ( 0.0000000000000000000, 0.0000000000000000000, 1.000000000000000000 ) ) ;
#6515 = EDGE_CURVE ( 'NONE', #2474, #2810, #1266, .T. ) ;
#6516 = VERTEX_POINT ( 'NONE', #458 ) ;
#6517 = AXIS2_PLACEMENT_3D ( 'NONE', #3589, #5398, #233 ) ;
#6518 = ADVANCED_FACE ( 'NONE', ( #1185 ), #1654, .T. ) ;
#6519 = EDGE_CURVE ( 'NONE', #3223, #7467, #818, .T. ) ;
#6520 = CARTESIAN_POINT ( 'NONE',  ( -8.380000000000000800, 0.6500000000000048000, -4.375000000000000900 ) ) ;
#6521 = LINE ( 'NONE', #4539, #5325 ) ;
#6522 = VECTOR ( 'NONE', #5096, 1000.000000000000000 ) ;
#6523 = VECTOR ( 'NONE', #1332, 1000.000000000000000 ) ;
#6524 = ORIENTED_EDGE ( 'NONE', *, *, #6613, .T. ) ;
#6525 = CARTESIAN_POINT ( 'NONE',  ( -4.830000000000001000, -3.299999999999999400, -4.375000000000000900 ) ) ;
#6526 = CARTESIAN_POINT ( 'NONE',  ( 8.380000000000000800, 2.679999999999999300, 3.550000000000002500 ) ) ;
#6527 = CARTESIAN_POINT ( 'NONE',  ( -0.3847223250267439200, -3.794707603699265500E-016, 4.375000000000001800 ) ) ;
#6528 = ADVANCED_FACE ( 'NONE', ( #5528 ), #6798, .F. ) ;
#6529 = EDGE_CURVE ( 'NONE', #4650, #1478, #3890, .T. ) ;
#6530 = FACE_OUTER_BOUND ( 'NONE', #3201, .T. ) ;
#6531 = LINE ( 'NONE', #3352, #1983 ) ;
#6532 = EDGE_LOOP ( 'NONE', ( #2258, #3756, #5178, #1948 ) ) ;
#6533 = DIRECTION ( 'NONE',  ( -1.000000000000000000, -0.0000000000000000000, -0.0000000000000000000 ) ) ;
#6534 = EDGE_CURVE ( 'NONE', #758, #862, #5822, .T. ) ;
#6535 = ORIENTED_EDGE ( 'NONE', *, *, #3638, .T. ) ;
#6536 = VECTOR ( 'NONE', #1380, 1000.000000000000000 ) ;
#6537 = SURFACE_STYLE_USAGE ( .BOTH. , #3554 ) ;
#6538 = LINE ( 'NONE', #1821, #1002 ) ;
#6539 = ORIENTED_EDGE ( 'NONE', *, *, #7258, .T. ) ;
#6540 = DIRECTION ( 'NONE',  ( -1.000000000000000000, -0.0000000000000000000, -0.0000000000000000000 ) ) ;
#6541 = EDGE_LOOP ( 'NONE', ( #7164, #1592, #264, #7293 ) ) ;
#6542 = ORIENTED_EDGE ( 'NONE', *, *, #304, .T. ) ;
#6543 = LINE ( 'NONE', #5977, #113 ) ;
#6544 = CARTESIAN_POINT ( 'NONE',  ( 3.299999999999999800, 0.6500000000000026900, 4.124999999999999100 ) ) ;
#6545 = AXIS2_PLACEMENT_3D ( 'NONE', #549, #7509, #7003 ) ;
#6546 = VECTOR ( 'NONE', #1222, 1000.000000000000000 ) ;
#6547 = DIRECTION ( 'NONE',  ( 0.0000000000000000000, 0.0000000000000000000, 1.000000000000000000 ) ) ;
#6548 = VERTEX_POINT ( 'NONE', #4551 ) ;
#6549 = CARTESIAN_POINT ( 'NONE',  ( 0.3847223250267439200, -3.794707603699265500E-016, -4.375000000000001800 ) ) ;
#6550 = ORIENTED_EDGE ( 'NONE', *, *, #3837, .T. ) ;
#6551 = CARTESIAN_POINT ( 'NONE',  ( -8.380000000000000800, 0.6500000000000045700, -4.124999999999999100 ) ) ;
#6552 = LINE ( 'NONE', #3743, #7464 ) ;
#6553 = AXIS2_PLACEMENT_3D ( 'NONE', #3811, #6617, #6228 ) ;
#6554 = ORIENTED_EDGE ( 'NONE', *, *, #5996, .F. ) ;
#6555 = ADVANCED_FACE ( 'NONE', ( #7071 ), #2811, .F. ) ;
#6556 = LINE ( 'NONE', #4683, #2120 ) ;
#6557 = CARTESIAN_POINT ( 'NONE',  ( 2.924722325026743800, -3.794707603699265500E-016, 4.375000000000001800 ) ) ;
#6558 = FACE_OUTER_BOUND ( 'NONE', #6601, .T. ) ;
#6559 = CARTESIAN_POINT ( 'NONE',  ( 6.859999999999999400, 2.489499999999999200, -3.934500000000000300 ) ) ;
#6560 = EDGE_CURVE ( 'NONE', #6190, #3920, #2731, .T. ) ;
#6561 = ADVANCED_FACE ( 'NONE', ( #6630 ), #1184, .F. ) ;
#6562 = ADVANCED_FACE ( 'NONE', ( #5177 ), #3518, .T. ) ;
#6563 = DIRECTION ( 'NONE',  ( 0.0000000000000000000, 5.027841771134210700E-016, -1.000000000000000000 ) ) ;
#6564 = ORIENTED_EDGE ( 'NONE', *, *, #123, .F. ) ;
#6565 = EDGE_CURVE ( 'NONE', #345, #3208, #1436, .T. ) ;
#6566 = CARTESIAN_POINT ( 'NONE',  ( -4.320000000000001200, -5.051668046482832700E-016, -4.124999999999999100 ) ) ;
#6567 = ORIENTED_EDGE ( 'NONE', *, *, #5211, .T. ) ;
#6568 = VECTOR ( 'NONE', #622, 1000.000000000000000 ) ;
#6569 = DIRECTION ( 'NONE',  ( 1.000000000000000000, 0.0000000000000000000, -0.0000000000000000000 ) ) ;
#6570 = ORIENTED_EDGE ( 'NONE', *, *, #733, .F. ) ;
#6571 = VERTEX_POINT ( 'NONE', #4593 ) ;
#6572 = VECTOR ( 'NONE', #7127, 1000.000000000000000 ) ;
#6573 = ORIENTED_EDGE ( 'NONE', *, *, #1514, .T. ) ;
#6574 = CARTESIAN_POINT ( 'NONE',  ( -10.00000000000002300, 2.929999999999999300, 3.550000000000002900 ) ) ;
#6575 = EDGE_LOOP ( 'NONE', ( #1687, #3335, #3675, #3063 ) ) ;
#6576 = PLANE ( 'NONE',  #5389 ) ;
#6577 = DIRECTION ( 'NONE',  ( 0.0000000000000000000, 0.0000000000000000000, 1.000000000000000000 ) ) ;
#6578 = CARTESIAN_POINT ( 'NONE',  ( -1.780000000000000200, -3.794707603699265500E-016, -4.375000000000001800 ) ) ;
#6579 = EDGE_CURVE ( 'NONE', #997, #3274, #3074, .T. ) ;
#6580 = FACE_OUTER_BOUND ( 'NONE', #3810, .T. ) ;
#6581 = ORIENTED_EDGE ( 'NONE', *, *, #5845, .T. ) ;
#6582 = ORIENTED_EDGE ( 'NONE', *, *, #2877, .F. ) ;
#6583 = ORIENTED_EDGE ( 'NONE', *, *, #274, .F. ) ;
#6584 = CARTESIAN_POINT ( 'NONE',  ( 4.319999999999999400, 2.679999999999998800, 3.934500000000000300 ) ) ;
#6585 = LINE ( 'NONE', #3861, #5041 ) ;
#6586 = ORIENTED_EDGE ( 'NONE', *, *, #2597, .F. ) ;
#6587 = AXIS2_PLACEMENT_3D ( 'NONE', #6952, #6509, #3031 ) ;
#6588 = PLANE ( 'NONE',  #1004 ) ;
#6589 = EDGE_CURVE ( 'NONE', #6748, #4453, #4987, .T. ) ;
#6590 = DIRECTION ( 'NONE',  ( 0.0000000000000000000, -5.027841771134210700E-016, -1.000000000000000000 ) ) ;
#6591 = EDGE_LOOP ( 'NONE', ( #5841, #5876, #3027, #5229 ) ) ;
#6592 = DIRECTION ( 'NONE',  ( 0.0000000000000000000, 0.0000000000000000000, -1.000000000000000000 ) ) ;
#6593 = VERTEX_POINT ( 'NONE', #1798 ) ;
#6594 = AXIS2_PLACEMENT_3D ( 'NONE', #5395, #1323, #6514 ) ;
#6595 = DIRECTION ( 'NONE',  ( -1.000000000000000000, -0.0000000000000000000, 0.0000000000000000000 ) ) ;
#6596 = ORIENTED_EDGE ( 'NONE', *, *, #3141, .T. ) ;
#6597 =( NAMED_UNIT ( * ) PLANE_ANGLE_UNIT ( ) SI_UNIT ( $, .RADIAN. ) );
#6598 = CARTESIAN_POINT ( 'NONE',  ( 2.790000000000000000, 2.489499999999999200, 4.375000000000000000 ) ) ;
#6599 = ADVANCED_FACE ( 'NONE', ( #5902 ), #3882, .F. ) ;
#6600 = CARTESIAN_POINT ( 'NONE',  ( 5.839999999999999900, 2.929999999999999300, 3.550000000000002500 ) ) ;
#6601 = EDGE_LOOP ( 'NONE', ( #3232, #3315, #1488, #5339 ) ) ;
#6602 = EDGE_CURVE ( 'NONE', #958, #6770, #6811, .T. ) ;
#6603 = STYLED_ITEM ( 'NONE', ( #2296 ), #5473 ) ;
#6604 = DIRECTION ( 'NONE',  ( 0.0000000000000000000, -5.027841771134210700E-016, 1.000000000000000000 ) ) ;
#6605 = CARTESIAN_POINT ( 'NONE',  ( -6.859999999999999400, 2.489499999999999200, 4.375000000000000000 ) ) ;
#6606 = EDGE_CURVE ( 'NONE', #5267, #7289, #96, .T. ) ;
#6607 = ORIENTED_EDGE ( 'NONE', *, *, #1951, .T. ) ;
#6608 = CARTESIAN_POINT ( 'NONE',  ( -0.2500000000000002200, -3.299999999999999400, 4.375000000000000900 ) ) ;
#6609 = PLANE ( 'NONE',  #5920 ) ;
#6610 = CARTESIAN_POINT ( 'NONE',  ( 2.924722325026743800, -5.051668046482832700E-016, -4.124999999999999100 ) ) ;
#6611 = VECTOR ( 'NONE', #2429, 1000.000000000000000 ) ;
#6612 = CARTESIAN_POINT ( 'NONE',  ( 0.7600000000000002300, 2.489499999999999200, -3.934500000000000300 ) ) ;
#6613 = EDGE_CURVE ( 'NONE', #1582, #3357, #1179, .T. ) ;
#6614 = VECTOR ( 'NONE', #1341, 1000.000000000000000 ) ;
#6615 = LINE ( 'NONE', #5450, #6713 ) ;
#6616 = ORIENTED_EDGE ( 'NONE', *, *, #4465, .T. ) ;
#6617 = DIRECTION ( 'NONE',  ( -1.000000000000000000, -0.0000000000000000000, -0.0000000000000000000 ) ) ;
#6618 = EDGE_CURVE ( 'NONE', #4846, #6418, #3447, .T. ) ;
#6619 = EDGE_CURVE ( 'NONE', #3329, #329, #3156, .T. ) ;
#6620 = VECTOR ( 'NONE', #1598, 1000.000000000000000 ) ;
#6621 = DIRECTION ( 'NONE',  ( 0.0000000000000000000, -1.000000000000000000, 1.498163464873311500E-016 ) ) ;
#6622 = DIRECTION ( 'NONE',  ( 0.0000000000000000000, -1.000000000000000000, 1.498163464873311700E-016 ) ) ;
#6623 = EDGE_LOOP ( 'NONE', ( #3461, #6643, #2236, #2977 ) ) ;
#6624 = EDGE_LOOP ( 'NONE', ( #1371, #2076, #5023, #3659, #567, #5131, #4337, #3760, #6137, #3793 ) ) ;
#6625 = CARTESIAN_POINT ( 'NONE',  ( 8.380000000000000800, 2.489499999999999200, 4.375000000000000000 ) ) ;
#6626 = EDGE_CURVE ( 'NONE', #4027, #2941, #6189, .T. ) ;
#6627 = ORIENTED_EDGE ( 'NONE', *, *, #85, .T. ) ;
#6628 = DIRECTION ( 'NONE',  ( -1.000000000000000000, -0.0000000000000000000, 0.0000000000000000000 ) ) ;
#6629 = FACE_OUTER_BOUND ( 'NONE', #4592, .T. ) ;
#6630 = FACE_OUTER_BOUND ( 'NONE', #6673, .T. ) ;
#6631 = CARTESIAN_POINT ( 'NONE',  ( -4.830000000000001000, 2.489499999999999200, 4.125000000000000000 ) ) ;
#6632 = VERTEX_POINT ( 'NONE', #1756 ) ;
#6633 = ORIENTED_EDGE ( 'NONE', *, *, #5436, .F. ) ;
#6634 = DIRECTION ( 'NONE',  ( 0.0000000000000000000, -1.000000000000000000, 0.0000000000000000000 ) ) ;
#6635 = VERTEX_POINT ( 'NONE', #561 ) ;
#6636 = VECTOR ( 'NONE', #6682, 1000.000000000000000 ) ;
#6637 = FACE_OUTER_BOUND ( 'NONE', #6541, .T. ) ;
#6638 = DIRECTION ( 'NONE',  ( -0.0000000000000000000, 0.0000000000000000000, 1.000000000000000000 ) ) ;
#6639 = VERTEX_POINT ( 'NONE', #5809 ) ;
#6640 = VECTOR ( 'NONE', #5647, 1000.000000000000000 ) ;
#6641 = EDGE_CURVE ( 'NONE', #4530, #5220, #4342, .T. ) ;
#6642 = CARTESIAN_POINT ( 'NONE',  ( -2.924722325026744700, -5.051668046482832700E-016, 4.124999999999999100 ) ) ;
#6643 = ORIENTED_EDGE ( 'NONE', *, *, #6808, .T. ) ;
#6644 = VECTOR ( 'NONE', #1671, 1000.000000000000000 ) ;
#6645 = CARTESIAN_POINT ( 'NONE',  ( -7.370000000000000100, -3.299999999999999800, -4.124999999999999100 ) ) ;
#6646 = FACE_OUTER_BOUND ( 'NONE', #2840, .T. ) ;
#6647 = EDGE_CURVE ( 'NONE', #583, #5670, #6984, .T. ) ;
#6648 = ADVANCED_FACE ( 'NONE', ( #13 ), #2352, .F. ) ;
#6649 = DIRECTION ( 'NONE',  ( 0.0000000000000000000, 0.0000000000000000000, -1.000000000000000000 ) ) ;
#6650 = EDGE_LOOP ( 'NONE', ( #6656, #7484, #7253, #532 ) ) ;
#6651 = DIRECTION ( 'NONE',  ( 0.0000000000000000000, 5.027841771134210700E-016, -1.000000000000000000 ) ) ;
#6652 = PLANE ( 'NONE',  #6755 ) ;
#6653 = DIRECTION ( 'NONE',  ( -1.000000000000000000, -0.0000000000000000000, 0.0000000000000000000 ) ) ;
#6654 = PLANE ( 'NONE',  #3904 ) ;
#6655 = CARTESIAN_POINT ( 'NONE',  ( -1.780000000000000200, -5.051668046482832700E-016, 4.124999999999999100 ) ) ;
#6656 = ORIENTED_EDGE ( 'NONE', *, *, #1036, .F. ) ;
#6657 = CARTESIAN_POINT ( 'NONE',  ( -4.830000000000001000, 2.929999999999999300, 3.550000000000002500 ) ) ;
#6658 = VECTOR ( 'NONE', #4213, 1000.000000000000000 ) ;
#6659 = VERTEX_POINT ( 'NONE', #6398 ) ;
#6660 = CARTESIAN_POINT ( 'NONE',  ( 8.380000000000000800, -5.051668046482832700E-016, 4.124999999999999100 ) ) ;
#6661 = VERTEX_POINT ( 'NONE', #1873 ) ;
#6662 = FACE_OUTER_BOUND ( 'NONE', #3178, .T. ) ;
#6663 = EDGE_CURVE ( 'NONE', #6488, #6770, #3701, .T. ) ;
#6664 = EDGE_CURVE ( 'NONE', #3026, #1660, #5816, .T. ) ;
#6665 = AXIS2_PLACEMENT_3D ( 'NONE', #4919, #3763, #3154 ) ;
#6666 = CARTESIAN_POINT ( 'NONE',  ( -10.00000000000002500, 2.929999999999999300, -3.549999999999985600 ) ) ;
#6667 = EDGE_CURVE ( 'NONE', #4634, #4229, #1909, .T. ) ;
#6668 = VECTOR ( 'NONE', #2549, 1000.000000000000000 ) ;
#6669 = VERTEX_POINT ( 'NONE', #79 ) ;
#6670 = DIRECTION ( 'NONE',  ( -1.000000000000000000, -0.0000000000000000000, -0.0000000000000000000 ) ) ;
#6671 = ORIENTED_EDGE ( 'NONE', *, *, #4303, .T. ) ;
#6672 = FACE_OUTER_BOUND ( 'NONE', #2847, .T. ) ;
#6673 = EDGE_LOOP ( 'NONE', ( #5768, #7052, #710, #6961 ) ) ;
#6674 = DIRECTION ( 'NONE',  ( 0.0000000000000000000, 1.000000000000000000, -1.498163464873311500E-016 ) ) ;
#6675 = ORIENTED_EDGE ( 'NONE', *, *, #3470, .F. ) ;
#6676 = LINE ( 'NONE', #7407, #7402 ) ;
#6677 = ORIENTED_EDGE ( 'NONE', *, *, #1672, .F. ) ;
#6678 = ORIENTED_EDGE ( 'NONE', *, *, #5657, .T. ) ;
#6679 = CARTESIAN_POINT ( 'NONE',  ( 0.2500000000000002200, 2.489499999999999200, 3.934500000000000300 ) ) ;
#6680 = ORIENTED_EDGE ( 'NONE', *, *, #4662, .F. ) ;
#6681 = CARTESIAN_POINT ( 'NONE',  ( -5.840000000000001600, 2.489499999999999200, 3.934500000000000300 ) ) ;
#6682 = DIRECTION ( 'NONE',  ( 0.0000000000000000000, -1.000000000000000000, 6.968160176649155900E-016 ) ) ;
#6683 = DIRECTION ( 'NONE',  ( 0.0000000000000000000, 0.0000000000000000000, -1.000000000000000000 ) ) ;
#6684 = DIRECTION ( 'NONE',  ( -0.4999999999999967200, 0.8660254037844405900, 1.297447619602006000E-016 ) ) ;
#6685 = ORIENTED_EDGE ( 'NONE', *, *, #6078, .F. ) ;
#6686 = DIRECTION ( 'NONE',  ( 0.0000000000000000000, 0.0000000000000000000, -1.000000000000000000 ) ) ;
#6687 = DIRECTION ( 'NONE',  ( 1.000000000000000000, 0.0000000000000000000, 0.0000000000000000000 ) ) ;
#6688 = ORIENTED_EDGE ( 'NONE', *, *, #3667, .F. ) ;
#6689 = AXIS2_PLACEMENT_3D ( 'NONE', #1874, #680, #4186 ) ;
#6690 = CARTESIAN_POINT ( 'NONE',  ( 4.319999999999999400, -5.051668046482832700E-016, 4.124999999999999100 ) ) ;
#6691 = ORIENTED_EDGE ( 'NONE', *, *, #1594, .T. ) ;
#6692 = CARTESIAN_POINT ( 'NONE',  ( 6.859999999999999400, 2.929999999999999300, -3.934500000000000300 ) ) ;
#6693 = MANIFOLD_SOLID_BREP ( 'LPattern1[12]', #588 ) ;
#6694 = CIRCLE ( 'NONE', #687, 0.1904999999999997000 ) ;
#6695 = ORIENTED_EDGE ( 'NONE', *, *, #1176, .F. ) ;
#6696 = CARTESIAN_POINT ( 'NONE',  ( 5.839999999999999900, 0.6500000000000026900, 4.124999999999999100 ) ) ;
#6697 = CARTESIAN_POINT ( 'NONE',  ( -7.370000000000000100, 2.929999999999999300, -3.550000000000002500 ) ) ;
#6698 = CARTESIAN_POINT ( 'NONE',  ( 10.00000000000000400, 2.679999999999999300, 3.550000000000002500 ) ) ;
#6699 = DIRECTION ( 'NONE',  ( -0.0000000000000000000, 1.000000000000000000, -0.0000000000000000000 ) ) ;
#6700 = VECTOR ( 'NONE', #1007, 1000.000000000000000 ) ;
#6701 = CYLINDRICAL_SURFACE ( 'NONE', #435, 0.4404999999999998900 ) ;
#6702 = DIRECTION ( 'NONE',  ( -0.0000000000000000000, -1.734723475976793500E-015, 1.000000000000000000 ) ) ;
#6703 = ORIENTED_EDGE ( 'NONE', *, *, #1395, .F. ) ;
#6704 = VERTEX_POINT ( 'NONE', #4210 ) ;
#6705 = AXIS2_PLACEMENT_3D ( 'NONE', #346, #1481, #902 ) ;
#6706 = CARTESIAN_POINT ( 'NONE',  ( 0.2500000000000002200, 2.489499999999999200, 4.375000000000000000 ) ) ;
#6707 =( NAMED_UNIT ( * ) SI_UNIT ( $, .STERADIAN. ) SOLID_ANGLE_UNIT ( ) );
#6708 = DIRECTION ( 'NONE',  ( 0.0000000000000000000, 0.0000000000000000000, -1.000000000000000000 ) ) ;
#6709 = CIRCLE ( 'NONE', #5376, 0.4404999999999998900 ) ;
#6710 = CARTESIAN_POINT ( 'NONE',  ( 5.464722325026743400, -3.794707603699265500E-016, -4.375000000000001800 ) ) ;
#6711 = VECTOR ( 'NONE', #1828, 1000.000000000000000 ) ;
#6712 = DIRECTION ( 'NONE',  ( 0.4999999999999977200, 0.8660254037844399300, -1.297447619602005500E-016 ) ) ;
#6713 = VECTOR ( 'NONE', #1444, 1000.000000000000000 ) ;
#6714 = ORIENTED_EDGE ( 'NONE', *, *, #6966, .T. ) ;
#6715 = EDGE_LOOP ( 'NONE', ( #3568, #3610, #1841, #2442 ) ) ;
#6716 = CARTESIAN_POINT ( 'NONE',  ( 6.859999999999999400, 2.929999999999999300, -3.550000000000002500 ) ) ;
#6717 = LINE ( 'NONE', #3640, #2280 ) ;
#6718 = EDGE_CURVE ( 'NONE', #723, #7217, #1343, .T. ) ;
#6719 = EDGE_CURVE ( 'NONE', #3440, #4215, #555, .T. ) ;
#6720 = VECTOR ( 'NONE', #2656, 1000.000000000000000 ) ;
#6721 = VERTEX_POINT ( 'NONE', #7081 ) ;
#6722 = CARTESIAN_POINT ( 'NONE',  ( -9.428628160470724500, 5.099999999999997000, 0.8900000000000004600 ) ) ;
#6723 = EDGE_CURVE ( 'NONE', #4453, #3006, #1989, .T. ) ;
#6724 = ORIENTED_EDGE ( 'NONE', *, *, #3038, .F. ) ;
#6725 = ORIENTED_EDGE ( 'NONE', *, *, #2630, .T. ) ;
#6726 = DIRECTION ( 'NONE',  ( 0.0000000000000000000, 0.0000000000000000000, -1.000000000000000000 ) ) ;
#6727 = DIRECTION ( 'NONE',  ( -1.000000000000000000, -0.0000000000000000000, 0.0000000000000000000 ) ) ;
#6728 = ORIENTED_EDGE ( 'NONE', *, *, #783, .F. ) ;
#6729 = CARTESIAN_POINT ( 'NONE',  ( 2.289999999999999600, -3.794707603699265500E-016, 4.375000000000001800 ) ) ;
#6730 = LINE ( 'NONE', #5472, #2993 ) ;
#6731 = CARTESIAN_POINT ( 'NONE',  ( 0.7600000000000002300, 2.929999999999999300, 3.550000000000002500 ) ) ;
#6732 = LINE ( 'NONE', #5269, #6200 ) ;
#6733 = DIRECTION ( 'NONE',  ( 0.0000000000000000000, 0.0000000000000000000, 1.000000000000000000 ) ) ;
#6734 = ORIENTED_EDGE ( 'NONE', *, *, #7298, .T. ) ;
#6735 = CARTESIAN_POINT ( 'NONE',  ( -8.004722325026744300, -5.051668046482832700E-016, 4.124999999999999100 ) ) ;
#6736 = VECTOR ( 'NONE', #6221, 1000.000000000000000 ) ;
#6737 = AXIS2_PLACEMENT_3D ( 'NONE', #3053, #2425, #4110 ) ;
#6738 = DIRECTION ( 'NONE',  ( 0.0000000000000000000, -5.027841771134210700E-016, 1.000000000000000000 ) ) ;
#6739 = FACE_OUTER_BOUND ( 'NONE', #44, .T. ) ;
#6740 = DIRECTION ( 'NONE',  ( 0.0000000000000000000, 1.000000000000000000, -1.127908631974522500E-015 ) ) ;
#6741 = ORIENTED_EDGE ( 'NONE', *, *, #6300, .F. ) ;
#6742 = LINE ( 'NONE', #982, #7270 ) ;
#6743 = PLANE ( 'NONE',  #3328 ) ;
#6744 = VECTOR ( 'NONE', #1934, 1000.000000000000000 ) ;
#6745 = DIRECTION ( 'NONE',  ( 0.0000000000000000000, 1.127908631974522500E-015, 1.000000000000000000 ) ) ;
#6746 = EDGE_LOOP ( 'NONE', ( #132, #191, #6067, #52 ) ) ;
#6747 = CARTESIAN_POINT ( 'NONE',  ( -2.290000000000000500, 2.489499999999999200, 3.934500000000000300 ) ) ;
#6748 = VERTEX_POINT ( 'NONE', #5280 ) ;
#6749 = ORIENTED_EDGE ( 'NONE', *, *, #7097, .T. ) ;
#6750 = DIRECTION ( 'NONE',  ( 0.0000000000000000000, -1.000000000000000000, 1.498163464873311500E-016 ) ) ;
#6751 = VERTEX_POINT ( 'NONE', #6463 ) ;
#6752 = DIRECTION ( 'NONE',  ( 0.0000000000000000000, 1.000000000000000000, -5.027841771134210700E-016 ) ) ;
#6753 = DIRECTION ( 'NONE',  ( 0.0000000000000000000, 1.000000000000000000, 0.0000000000000000000 ) ) ;
#6754 = DIRECTION ( 'NONE',  ( 0.0000000000000000000, -1.127908631974522500E-015, 1.000000000000000000 ) ) ;
#6755 = AXIS2_PLACEMENT_3D ( 'NONE', #3236, #2637, #1414 ) ;
#6756 = FILL_AREA_STYLE ('',( #3298 ) ) ;
#6757 = PRESENTATION_LAYER_ASSIGNMENT (  '', '', ( #2473 ) ) ;
#6758 = VECTOR ( 'NONE', #3961, 1000.000000000000000 ) ;
#6759 = ORIENTED_EDGE ( 'NONE', *, *, #3108, .F. ) ;
#6760 = EDGE_CURVE ( 'NONE', #4477, #1582, #6538, .T. ) ;
#6761 = ORIENTED_EDGE ( 'NONE', *, *, #1545, .T. ) ;
#6762 = CARTESIAN_POINT ( 'NONE',  ( -5.840000000000001600, -5.051668046482832700E-016, 4.124999999999999100 ) ) ;
#6763 = CARTESIAN_POINT ( 'NONE',  ( -1.780000000000000200, 0.6500000000000025800, -3.934500000000001200 ) ) ;
#6764 = CARTESIAN_POINT ( 'NONE',  ( 7.870000000000000100, 2.929999999999999300, 3.934500000000000300 ) ) ;
#6765 = PLANE ( 'NONE',  #5736 ) ;
#6766 = LINE ( 'NONE', #4373, #6407 ) ;
#6768 = ORIENTED_EDGE ( 'NONE', *, *, #641, .F. ) ;
#6767 = CARTESIAN_POINT ( 'NONE',  ( -5.464722325026745200, -5.051668046482832700E-016, -4.124999999999999100 ) ) ;
#6769 = EDGE_CURVE ( 'NONE', #4229, #2309, #4248, .T. ) ;
#6770 = VERTEX_POINT ( 'NONE', #2544 ) ;
#6771 = DIRECTION ( 'NONE',  ( 0.0000000000000000000, 1.127908631974522500E-015, -1.000000000000000000 ) ) ;
#6772 = EDGE_CURVE ( 'NONE', #6639, #4650, #186, .T. ) ;
#6773 = PLANE ( 'NONE',  #3948 ) ;
#6774 = EDGE_CURVE ( 'NONE', #5501, #6639, #5624, .T. ) ;
#6775 = EDGE_CURVE ( 'NONE', #4056, #7450, #3354, .T. ) ;
#6776 = VECTOR ( 'NONE', #6266, 1000.000000000000100 ) ;
#6777 = CARTESIAN_POINT ( 'NONE',  ( -10.00000000000002300, 4.669999999999997300, -0.8900000000000001200 ) ) ;
#6778 = EDGE_LOOP ( 'NONE', ( #1192, #1241, #989, #5000, #3516, #2206, #6364, #2667 ) ) ;
#6779 = DIRECTION ( 'NONE',  ( 1.000000000000000000, 0.0000000000000000000, -0.0000000000000000000 ) ) ;
#6780 = CARTESIAN_POINT ( 'NONE',  ( -3.300000000000000700, 2.929999999999999300, 3.934500000000000300 ) ) ;
#6781 = PLANE ( 'NONE',  #65 ) ;
#6782 = LINE ( 'NONE', #209, #7118 ) ;
#6783 = CARTESIAN_POINT ( 'NONE',  ( -4.320000000000001200, -5.051668046482832700E-016, 4.124999999999999100 ) ) ;
#6784 = ORIENTED_EDGE ( 'NONE', *, *, #1854, .F. ) ;
#6785 =( NAMED_UNIT ( * ) SI_UNIT ( $, .STERADIAN. ) SOLID_ANGLE_UNIT ( ) );
#6786 = VERTEX_POINT ( 'NONE', #4905 ) ;
#6787 = ORIENTED_EDGE ( 'NONE', *, *, #2082, .F. ) ;
#6788 = ORIENTED_EDGE ( 'NONE', *, *, #2152, .F. ) ;
#6789 = CARTESIAN_POINT ( 'NONE',  ( -1.780000000000000200, 0.6500000000000028000, 4.375000000000000900 ) ) ;
#6790 = DIRECTION ( 'NONE',  ( 0.0000000000000000000, 1.000000000000000000, 1.498163464873311700E-016 ) ) ;
#6791 = DIRECTION ( 'NONE',  ( 0.0000000000000000000, 1.000000000000000000, 1.734723475976793700E-015 ) ) ;
#6792 = EDGE_LOOP ( 'NONE', ( #5980, #3734, #1164, #6835 ) ) ;
#6793 = DIRECTION ( 'NONE',  ( -1.000000000000000000, -0.0000000000000000000, 0.0000000000000000000 ) ) ;
#6794 = VERTEX_POINT ( 'NONE', #1372 ) ;
#6795 = VECTOR ( 'NONE', #991, 1000.000000000000000 ) ;
#6796 = EDGE_LOOP ( 'NONE', ( #6734, #4970, #2276, #624 ) ) ;
#6797 = CARTESIAN_POINT ( 'NONE',  ( -2.290000000000000500, 2.489499999999999200, -4.125000000000000000 ) ) ;
#6798 = PLANE ( 'NONE',  #2820 ) ;
#6799 = LINE ( 'NONE', #7038, #6611 ) ;
#6800 = DIRECTION ( 'NONE',  ( -1.000000000000000000, -0.0000000000000000000, 0.0000000000000000000 ) ) ;
#6801 = VECTOR ( 'NONE', #5308, 1000.000000000000000 ) ;
#6802 = DIRECTION ( 'NONE',  ( 1.000000000000000000, 0.0000000000000000000, -0.0000000000000000000 ) ) ;
#6803 = LINE ( 'NONE', #4372, #3609 ) ;
#6804 = ORIENTED_EDGE ( 'NONE', *, *, #5319, .F. ) ;
#6805 = DIRECTION ( 'NONE',  ( 0.0000000000000000000, 0.0000000000000000000, 1.000000000000000000 ) ) ;
#6806 = EDGE_LOOP ( 'NONE', ( #4498, #2688, #1094, #650 ) ) ;
#6807 = CARTESIAN_POINT ( 'NONE',  ( 6.859999999999999400, 2.489499999999999200, 3.934500000000000300 ) ) ;
#6808 = EDGE_CURVE ( 'NONE', #1078, #6334, #4696, .T. ) ;
#6809 = CARTESIAN_POINT ( 'NONE',  ( 7.870000000000000100, 2.929999999999999300, 3.550000000000002500 ) ) ;
#6810 = EDGE_CURVE ( 'NONE', #314, #1248, #6803, .T. ) ;
#6811 = LINE ( 'NONE', #60, #4611 ) ;
#6812 = ORIENTED_EDGE ( 'NONE', *, *, #5829, .F. ) ;
#6813 = CARTESIAN_POINT ( 'NONE',  ( 4.829999999999999200, -3.299999999999999800, 4.124999999999999100 ) ) ;
#6814 = EDGE_CURVE ( 'NONE', #3130, #158, #359, .T. ) ;
#6815 = PRODUCT_DEFINITION ( 'UNKNOWN', '', #3535, #3382 ) ;
#6816 = PLANE ( 'NONE',  #1878 ) ;
#6817 = CARTESIAN_POINT ( 'NONE',  ( -4.320000000000001200, 0.6500000000000025800, 4.125000000000000000 ) ) ;
#6818 = ORIENTED_EDGE ( 'NONE', *, *, #75, .F. ) ;
#6819 = EDGE_CURVE ( 'NONE', #7401, #753, #6182, .T. ) ;
#6820 = ORIENTED_EDGE ( 'NONE', *, *, #5068, .T. ) ;
#6821 = LINE ( 'NONE', #1053, #2815 ) ;
#6822 = EDGE_LOOP ( 'NONE', ( #4831, #1670, #7423, #7213 ) ) ;
#6823 = CARTESIAN_POINT ( 'NONE',  ( 0.2500000000000002200, -3.299999999999999800, -4.124999999999999100 ) ) ;
#6824 = EDGE_CURVE ( 'NONE', #32, #4836, #2181, .T. ) ;
#6825 = CARTESIAN_POINT ( 'NONE',  ( -5.840000000000001600, -5.051668046482832700E-016, -4.124999999999999100 ) ) ;
#6826 = LINE ( 'NONE', #1863, #3979 ) ;
#6827 = ORIENTED_EDGE ( 'NONE', *, *, #5954, .F. ) ;
#6828 = DIRECTION ( 'NONE',  ( 0.0000000000000000000, 0.0000000000000000000, -1.000000000000000000 ) ) ;
#6829 = VECTOR ( 'NONE', #2315, 1000.000000000000000 ) ;
#6830 = CARTESIAN_POINT ( 'NONE',  ( -5.464722325026745200, -3.794707603699265500E-016, -4.375000000000001800 ) ) ;
#6831 = VERTEX_POINT ( 'NONE', #3226 ) ;
#6832 =( LENGTH_UNIT ( ) NAMED_UNIT ( * ) SI_UNIT ( .MILLI., .METRE. ) );
#6833 = VECTOR ( 'NONE', #1717, 1000.000000000000000 ) ;
#6834 = DIRECTION ( 'NONE',  ( 0.0000000000000000000, -1.000000000000000000, 6.968160176649155900E-016 ) ) ;
#6835 = ORIENTED_EDGE ( 'NONE', *, *, #6917, .F. ) ;
#6836 = LINE ( 'NONE', #6889, #383 ) ;
#6837 = DIRECTION ( 'NONE',  ( 0.1294283079955639800, -0.9831056027603600800, 0.1294283079955639600 ) ) ;
#6838 = VECTOR ( 'NONE', #1203, 1000.000000000000000 ) ;
#6839 = CYLINDRICAL_SURFACE ( 'NONE', #5818, 0.4404999999999998900 ) ;
#6840 = VERTEX_POINT ( 'NONE', #7285 ) ;
#6841 = EDGE_CURVE ( 'NONE', #1683, #2175, #2620, .T. ) ;
#6842 = CARTESIAN_POINT ( 'NONE',  ( -9.428628160470724500, 5.099999999999997000, -0.8900000000000002400 ) ) ;
#6843 = CARTESIAN_POINT ( 'NONE',  ( -2.290000000000000500, -3.299999999999999800, 4.124999999999999100 ) ) ;
#6844 = DIRECTION ( 'NONE',  ( 0.0000000000000000000, 0.0000000000000000000, -1.000000000000000000 ) ) ;
#6845 = UNCERTAINTY_MEASURE_WITH_UNIT (LENGTH_MEASURE( 1.000000000000000100E-005 ), #7145, 'distance_accuracy_value', 'NONE');
#6846 = ORIENTED_EDGE ( 'NONE', *, *, #3229, .T. ) ;
#6847 = DIRECTION ( 'NONE',  ( 0.0000000000000000000, 0.0000000000000000000, 1.000000000000000000 ) ) ;
#6848 = VERTEX_POINT ( 'NONE', #933 ) ;
#6849 = ORIENTED_EDGE ( 'NONE', *, *, #2326, .F. ) ;
#6850 = AXIS2_PLACEMENT_3D ( 'NONE', #6642, #7181, #1406 ) ;
#6851 = ORIENTED_EDGE ( 'NONE', *, *, #1409, .F. ) ;
#6852 = VECTOR ( 'NONE', #5050, 1000.000000000000000 ) ;
#6853 = CARTESIAN_POINT ( 'NONE',  ( -9.714314080235373800, 0.5100000000000000100, 3.550000000000002900 ) ) ;
#6854 = FACE_OUTER_BOUND ( 'NONE', #1859, .T. ) ;
#6855 = VECTOR ( 'NONE', #7087, 1000.000000000000000 ) ;
#6856 = FILL_AREA_STYLE_COLOUR ( '', #762 ) ;
#6857 = DIRECTION ( 'NONE',  ( 0.0000000000000000000, 1.000000000000000000, 1.498163464873311700E-016 ) ) ;
#6858 = VERTEX_POINT ( 'NONE', #3776 ) ;
#6859 = EDGE_CURVE ( 'NONE', #2763, #4241, #2717, .T. ) ;
#6860 = AXIS2_PLACEMENT_3D ( 'NONE', #5440, #7070, #160 ) ;
#6861 = DIRECTION ( 'NONE',  ( 0.0000000000000000000, 5.027841771134210700E-016, 1.000000000000000000 ) ) ;
#6862 = LINE ( 'NONE', #3337, #4573 ) ;
#6863 = EDGE_CURVE ( 'NONE', #243, #1144, #3696, .T. ) ;
#6864 = VERTEX_POINT ( 'NONE', #5593 ) ;
#6865 = CARTESIAN_POINT ( 'NONE',  ( 7.370000000000000100, -3.299999999999999800, 4.124999999999999100 ) ) ;
#6866 = CARTESIAN_POINT ( 'NONE',  ( -4.830000000000001000, 2.679999999999999300, 3.550000000000002500 ) ) ;
#6867 = ADVANCED_FACE ( 'NONE', ( #7340 ), #323, .F. ) ;
#6868 = LINE ( 'NONE', #2603, #4753 ) ;
#6869 = EDGE_CURVE ( 'NONE', #854, #1678, #3, .T. ) ;
#6870 = DIRECTION ( 'NONE',  ( 0.0000000000000000000, 1.000000000000000000, 0.0000000000000000000 ) ) ;
#6871 = ORIENTED_EDGE ( 'NONE', *, *, #5753, .F. ) ;
#6872 = EDGE_CURVE ( 'NONE', #412, #7185, #6359, .T. ) ;
#6873 = VECTOR ( 'NONE', #2512, 1000.000000000000000 ) ;
#6874 = SURFACE_SIDE_STYLE ('',( #5982 ) ) ;
#6875 = EDGE_LOOP ( 'NONE', ( #6627, #5621, #5758, #7356 ) ) ;
#6876 = DIRECTION ( 'NONE',  ( 0.8660254037844405900, 0.4999999999999967200, 2.513920885567089100E-016 ) ) ;
#6877 = VERTEX_POINT ( 'NONE', #4975 ) ;
#6878 = EDGE_CURVE ( 'NONE', #2779, #4403, #2350, .T. ) ;
#6879 = DIRECTION ( 'NONE',  ( -1.000000000000000000, -0.0000000000000000000, -0.0000000000000000000 ) ) ;
#6880 = VERTEX_POINT ( 'NONE', #866 ) ;
#6881 = PLANE ( 'NONE',  #5418 ) ;
#6882 = AXIS2_PLACEMENT_3D ( 'NONE', #4783, #1410, #2558 ) ;
#6883 = DIRECTION ( 'NONE',  ( 0.0000000000000000000, -5.027841771134210700E-016, 1.000000000000000000 ) ) ;
#6884 = CARTESIAN_POINT ( 'NONE',  ( 1.779999999999999400, 0.6500000000000045700, -4.124999999999999100 ) ) ;
#6885 = ORIENTED_EDGE ( 'NONE', *, *, #3229, .F. ) ;
#6886 = EDGE_CURVE ( 'NONE', #1020, #6350, #5807, .T. ) ;
#6887 = PLANE ( 'NONE',  #5310 ) ;
#6888 = DIRECTION ( 'NONE',  ( 1.000000000000000000, 0.0000000000000000000, 0.0000000000000000000 ) ) ;
#6889 = CARTESIAN_POINT ( 'NONE',  ( 0.7600000000000002300, -5.051668046482832700E-016, -4.124999999999999100 ) ) ;
#6890 = LINE ( 'NONE', #5815, #2078 ) ;
#6891 = FACE_OUTER_BOUND ( 'NONE', #6650, .T. ) ;
#6892 = VECTOR ( 'NONE', #489, 1000.000000000000000 ) ;
#6893 = CLOSED_SHELL ( 'NONE', ( #4639, #2484, #1915, #6867, #6562, #3698, #3736, #2792, #2444, #1085, #5323, #899, #6970, #1118, #3630, #398 ) ) ;
#6894 = DIRECTION ( 'NONE',  ( 0.0000000000000000000, 1.000000000000000000, -1.734723475976793700E-015 ) ) ;
#6895 = ORIENTED_EDGE ( 'NONE', *, *, #5330, .F. ) ;
#6896 = VECTOR ( 'NONE', #7198, 1000.000000000000000 ) ;
#6897 = LINE ( 'NONE', #3748, #5424 ) ;
#6898 = VERTEX_POINT ( 'NONE', #4285 ) ;
#6899 = VERTEX_POINT ( 'NONE', #2049 ) ;
#6900 = CARTESIAN_POINT ( 'NONE',  ( 4.319999999999999400, 2.679999999999999300, 3.550000000000002500 ) ) ;
#6901 = AXIS2_PLACEMENT_3D ( 'NONE', #5143, #5778, #6920 ) ;
#6902 = PLANE ( 'NONE',  #757 ) ;
#6903 = ADVANCED_FACE ( 'NONE', ( #3254 ), #3720, .F. ) ;
#6904 = DIRECTION ( 'NONE',  ( 0.8660254037844399300, -0.4999999999999977200, 2.513920885567094000E-016 ) ) ;
#6905 = FACE_OUTER_BOUND ( 'NONE', #5676, .T. ) ;
#6906 = CARTESIAN_POINT ( 'NONE',  ( -9.428628160470726300, 4.669999999999997300, 3.287215648338285800E-016 ) ) ;
#6907 = SURFACE_STYLE_FILL_AREA ( #4914 ) ;
#6908 = ORIENTED_EDGE ( 'NONE', *, *, #5013, .F. ) ;
#6909 = CARTESIAN_POINT ( 'NONE',  ( -2.290000000000000500, 2.489499999999999200, -4.125000000000000000 ) ) ;
#6910 = ORIENTED_EDGE ( 'NONE', *, *, #6565, .F. ) ;
#6911 = EDGE_LOOP ( 'NONE', ( #3262, #3556, #3094, #7209 ) ) ;
#6912 = PLANE ( 'NONE',  #2996 ) ;
#6913 = EDGE_CURVE ( 'NONE', #5802, #6166, #3067, .T. ) ;
#6914 = ORIENTED_EDGE ( 'NONE', *, *, #892, .T. ) ;
#6915 = LINE ( 'NONE', #3091, #4711 ) ;
#6916 = DIRECTION ( 'NONE',  ( -1.000000000000000000, -0.0000000000000000000, 0.0000000000000000000 ) ) ;
#6917 = EDGE_CURVE ( 'NONE', #2559, #4523, #546, .T. ) ;
#6918 = AXIS2_PLACEMENT_3D ( 'NONE', #6055, #6104, #3234 ) ;
#6919 = CIRCLE ( 'NONE', #287, 0.1904999999999997000 ) ;
#6920 = DIRECTION ( 'NONE',  ( 0.0000000000000000000, 0.0000000000000000000, 1.000000000000000000 ) ) ;
#6921 = EDGE_CURVE ( 'NONE', #1985, #6659, #6615, .T. ) ;
#6922 = EDGE_CURVE ( 'NONE', #6840, #3223, #4053, .T. ) ;
#6923 = ORIENTED_EDGE ( 'NONE', *, *, #3650, .F. ) ;
#6924 = LINE ( 'NONE', #173, #6016 ) ;
#6925 = DIRECTION ( 'NONE',  ( 0.0000000000000000000, 1.734723475976793700E-015, 1.000000000000000000 ) ) ;
#6926 = VECTOR ( 'NONE', #439, 1000.000000000000000 ) ;
#6927 = EDGE_CURVE ( 'NONE', #528, #2361, #180, .T. ) ;
#6928 = VECTOR ( 'NONE', #2125, 1000.000000000000000 ) ;
#6929 = DIRECTION ( 'NONE',  ( -0.0000000000000000000, -1.734723475976793500E-015, -1.000000000000000000 ) ) ;
#6930 = ORIENTED_EDGE ( 'NONE', *, *, #1699, .F. ) ;
#6931 = VECTOR ( 'NONE', #7415, 1000.000000000000000 ) ;
#6932 = EDGE_CURVE ( 'NONE', #7072, #4113, #1902, .T. ) ;
#6933 = CARTESIAN_POINT ( 'NONE',  ( -10.00000000000002500, 2.929999999999999300, -3.549999999999985600 ) ) ;
#6934 = DIRECTION ( 'NONE',  ( 0.0000000000000000000, 0.0000000000000000000, -1.000000000000000000 ) ) ;
#6935 = PLANE ( 'NONE',  #6409 ) ;
#6936 = ORIENTED_EDGE ( 'NONE', *, *, #2107, .T. ) ;
#6937 = ORIENTED_EDGE ( 'NONE', *, *, #2770, .F. ) ;
#6938 = CARTESIAN_POINT ( 'NONE',  ( 5.839999999999999900, 0.6500000000000026900, -4.124999999999999100 ) ) ;
#6939 = LINE ( 'NONE', #7351, #4003 ) ;
#6940 = CARTESIAN_POINT ( 'NONE',  ( -7.370000000000000100, 2.489499999999999200, 3.934500000000000300 ) ) ;
#6941 = DIRECTION ( 'NONE',  ( 0.0000000000000000000, 1.000000000000000000, 0.0000000000000000000 ) ) ;
#6942 = ADVANCED_FACE ( 'NONE', ( #1092 ), #2272, .F. ) ;
#6943 = ORIENTED_EDGE ( 'NONE', *, *, #7444, .F. ) ;
#6944 = LINE ( 'NONE', #3986, #6138 ) ;
#6945 = EDGE_LOOP ( 'NONE', ( #1583, #1013, #6481, #493 ) ) ;
#6946 = DIRECTION ( 'NONE',  ( -1.000000000000000000, -0.0000000000000000000, -0.0000000000000000000 ) ) ;
#6947 = ORIENTED_EDGE ( 'NONE', *, *, #5845, .F. ) ;
#6948 = LINE ( 'NONE', #3313, #2940 ) ;
#6949 = DIRECTION ( 'NONE',  ( 0.0000000000000000000, -5.027841771134210700E-016, 1.000000000000000000 ) ) ;
#6950 = ORIENTED_EDGE ( 'NONE', *, *, #1789, .F. ) ;
#6951 = VERTEX_POINT ( 'NONE', #6735 ) ;
#6952 = CARTESIAN_POINT ( 'NONE',  ( 0.7600000000000002300, 2.489499999999999200, 3.934500000000000300 ) ) ;
#6953 = CARTESIAN_POINT ( 'NONE',  ( -6.859999999999999400, 2.929999999999999300, -3.550000000000002500 ) ) ;
#6954 = EDGE_CURVE ( 'NONE', #1038, #5986, #5249, .T. ) ;
#6955 = VERTEX_POINT ( 'NONE', #3244 ) ;
#6956 = DIRECTION ( 'NONE',  ( 0.0000000000000000000, 0.0000000000000000000, 1.000000000000000000 ) ) ;
#6957 = EDGE_CURVE ( 'NONE', #5182, #6858, #904, .T. ) ;
#6958 = DIRECTION ( 'NONE',  ( 0.0000000000000000000, -1.000000000000000000, -1.498163464873311700E-016 ) ) ;
#6959 = EDGE_CURVE ( 'NONE', #4447, #6322, #996, .T. ) ;
#6960 = CARTESIAN_POINT ( 'NONE',  ( 8.380000000000000800, 2.929999999999999300, -3.934500000000000300 ) ) ;
#6961 = ORIENTED_EDGE ( 'NONE', *, *, #5594, .F. ) ;
#6962 = ORIENTED_EDGE ( 'NONE', *, *, #3731, .T. ) ;
#6963 = EDGE_CURVE ( 'NONE', #6899, #2361, #451, .T. ) ;
#6964 = VERTEX_POINT ( 'NONE', #7307 ) ;
#6965 = EDGE_LOOP ( 'NONE', ( #2222, #45, #1965, #4506 ) ) ;
#6966 = EDGE_CURVE ( 'NONE', #1449, #5513, #6897, .T. ) ;
#6967 = VERTEX_POINT ( 'NONE', #845 ) ;
#6968 = CARTESIAN_POINT ( 'NONE',  ( 2.790000000000000000, 2.489499999999999200, 3.934500000000000300 ) ) ;
#6969 = FACE_OUTER_BOUND ( 'NONE', #3654, .T. ) ;
#6970 = ADVANCED_FACE ( 'NONE', ( #5338 ), #2198, .F. ) ;
#6971 = CARTESIAN_POINT ( 'NONE',  ( -5.330000000000001800, -4.336808689942017700E-016, -3.934500000000001200 ) ) ;
#6972 = ORIENTED_EDGE ( 'NONE', *, *, #385, .F. ) ;
#6973 = DIRECTION ( 'NONE',  ( 0.0000000000000000000, -5.027841771134210700E-016, -1.000000000000000000 ) ) ;
#6974 = ADVANCED_FACE ( 'NONE', ( #4433 ), #5109, .F. ) ;
#6975 = FACE_OUTER_BOUND ( 'NONE', #4054, .T. ) ;
#6976 = PRESENTATION_STYLE_ASSIGNMENT (( #5123 ) ) ;
#6977 = EDGE_CURVE ( 'NONE', #6858, #4648, #7140, .T. ) ;
#6978 = VECTOR ( 'NONE', #4413, 1000.000000000000000 ) ;
#6979 = ORIENTED_EDGE ( 'NONE', *, *, #3147, .T. ) ;
#6980 = PLANE ( 'NONE',  #4818 ) ;
#6981 = CARTESIAN_POINT ( 'NONE',  ( -4.320000000000001200, 2.489499999999999200, -3.934500000000000300 ) ) ;
#6982 = PRESENTATION_STYLE_ASSIGNMENT (( #4775 ) ) ;
#6983 = AXIS2_PLACEMENT_3D ( 'NONE', #3136, #311, #2043 ) ;
#6984 = LINE ( 'NONE', #4616, #365 ) ;
#6985 = ORIENTED_EDGE ( 'NONE', *, *, #3667, .T. ) ;
#6986 = PLANE ( 'NONE',  #3437 ) ;
#6987 = CARTESIAN_POINT ( 'NONE',  ( 5.839999999999999900, 2.679999999999999300, 3.550000000000002500 ) ) ;
#6988 = FACE_OUTER_BOUND ( 'NONE', #1413, .T. ) ;
#6989 = LINE ( 'NONE', #6122, #7246 ) ;
#6990 = PRESENTATION_LAYER_ASSIGNMENT (  '', '', ( #7272 ) ) ;
#6991 = ORIENTED_EDGE ( 'NONE', *, *, #4075, .T. ) ;
#6992 = DIRECTION ( 'NONE',  ( 0.0000000000000000000, 5.027841771134210700E-016, -1.000000000000000000 ) ) ;
#6993 = CARTESIAN_POINT ( 'NONE',  ( -8.380000000000000800, 2.489499999999999200, -3.934500000000000300 ) ) ;
#6994 = ORIENTED_EDGE ( 'NONE', *, *, #486, .T. ) ;
#6995 = LINE ( 'NONE', #889, #2370 ) ;
#6996 = DIRECTION ( 'NONE',  ( -0.4999999999999967200, 0.8660254037844405900, 1.297447619602006000E-016 ) ) ;
#6997 = ORIENTED_EDGE ( 'NONE', *, *, #5186, .T. ) ;
#6998 = LINE ( 'NONE', #4559, #29 ) ;
#6999 = DIRECTION ( 'NONE',  ( -1.000000000000000000, -0.0000000000000000000, 0.0000000000000000000 ) ) ;
#7000 = EDGE_CURVE ( 'NONE', #1271, #4447, #2441, .T. ) ;
#7001 = ORIENTED_EDGE ( 'NONE', *, *, #1403, .F. ) ;
#7002 = EDGE_CURVE ( 'NONE', #6177, #6661, #6531, .T. ) ;
#7003 = DIRECTION ( 'NONE',  ( 0.0000000000000000000, 0.0000000000000000000, 1.000000000000000000 ) ) ;
#7004 = VECTOR ( 'NONE', #888, 1000.000000000000000 ) ;
#7005 = EDGE_CURVE ( 'NONE', #2026, #2115, #7237, .T. ) ;
#7006 = FACE_OUTER_BOUND ( 'NONE', #2752, .T. ) ;
#7007 = LINE ( 'NONE', #7033, #7465 ) ;
#7008 = ORIENTED_EDGE ( 'NONE', *, *, #4549, .F. ) ;
#7009 = DIRECTION ( 'NONE',  ( -1.000000000000000000, -0.0000000000000000000, 0.0000000000000000000 ) ) ;
#7010 = ADVANCED_FACE ( 'NONE', ( #3876 ), #5640, .T. ) ;
#7011 = ORIENTED_EDGE ( 'NONE', *, *, #2368, .F. ) ;
#7012 = CARTESIAN_POINT ( 'NONE',  ( -10.00000000000002300, 5.099999999999997000, -0.8900000000000001200 ) ) ;
#7013 = ADVANCED_FACE ( 'NONE', ( #3967 ), #7413, .F. ) ;
#7014 = ORIENTED_EDGE ( 'NONE', *, *, #3526, .T. ) ;
#7015 = CARTESIAN_POINT ( 'NONE',  ( 3.299999999999999800, -5.051668046482832700E-016, 4.124999999999999100 ) ) ;
#7016 = CARTESIAN_POINT ( 'NONE',  ( -4.830000000000001000, 2.929999999999999300, 3.934500000000000300 ) ) ;
#7017 = ORIENTED_EDGE ( 'NONE', *, *, #7131, .T. ) ;
#7018 = EDGE_LOOP ( 'NONE', ( #2843, #432, #5053, #5057 ) ) ;
#7019 = VECTOR ( 'NONE', #4864, 1000.000000000000000 ) ;
#7020 = CARTESIAN_POINT ( 'NONE',  ( 3.299999999999999800, 0.6500000000000026900, -4.375000000000000000 ) ) ;
#7021 = DIRECTION ( 'NONE',  ( 0.0000000000000000000, 0.0000000000000000000, 1.000000000000000000 ) ) ;
#7022 = FACE_OUTER_BOUND ( 'NONE', #5459, .T. ) ;
#7023 = ORIENTED_EDGE ( 'NONE', *, *, #3023, .F. ) ;
#7024 = VECTOR ( 'NONE', #5861, 1000.000000000000100 ) ;
#7025 = EDGE_CURVE ( 'NONE', #6659, #3274, #4154, .T. ) ;
#7026 = AXIS2_PLACEMENT_3D ( 'NONE', #5302, #7216, #844 ) ;
#7027 = CARTESIAN_POINT ( 'NONE',  ( 2.790000000000000000, -3.299999999999999400, -4.375000000000000900 ) ) ;
#7028 =( NAMED_UNIT ( * ) PLANE_ANGLE_UNIT ( ) SI_UNIT ( $, .RADIAN. ) );
#7029 = VERTEX_POINT ( 'NONE', #2696 ) ;
#7030 = LINE ( 'NONE', #6335, #5960 ) ;
#7031 = ORIENTED_EDGE ( 'NONE', *, *, #4964, .F. ) ;
#7032 = ORIENTED_EDGE ( 'NONE', *, *, #1672, .T. ) ;
#7033 = CARTESIAN_POINT ( 'NONE',  ( 8.380000000000000800, -3.794707603699265500E-016, -4.375000000000001800 ) ) ;
#7034 = AXIS2_PLACEMENT_3D ( 'NONE', #3672, #1954, #745 ) ;
#7035 = SURFACE_STYLE_FILL_AREA ( #3718 ) ;
#7036 = CARTESIAN_POINT ( 'NONE',  ( 1.779999999999999400, 0.6500000000000045700, 3.934500000000001200 ) ) ;
#7037 = VERTEX_POINT ( 'NONE', #4464 ) ;
#7038 = CARTESIAN_POINT ( 'NONE',  ( 3.299999999999999800, 2.679999999999999300, 3.550000000000002500 ) ) ;
#7039 = EDGE_CURVE ( 'NONE', #1304, #5706, #5520, .T. ) ;
#7040 = DIRECTION ( 'NONE',  ( 0.0000000000000000000, -5.027841771134210700E-016, 1.000000000000000000 ) ) ;
#7041 = VERTEX_POINT ( 'NONE', #2150 ) ;
#7042 = ADVANCED_FACE ( 'NONE', ( #721 ), #5588, .F. ) ;
#7043 = EDGE_CURVE ( 'NONE', #7119, #5417, #1808, .T. ) ;
#7044 = DIRECTION ( 'NONE',  ( -1.000000000000000000, -0.0000000000000000000, 0.0000000000000000000 ) ) ;
#7045 = EDGE_CURVE ( 'NONE', #32, #1271, #2433, .T. ) ;
#7046 = VERTEX_POINT ( 'NONE', #6215 ) ;
#7047 = DIRECTION ( 'NONE',  ( -0.0000000000000000000, 1.000000000000000000, 1.127908631974522500E-015 ) ) ;
#7048 = EDGE_LOOP ( 'NONE', ( #1997, #7281, #2249, #5492 ) ) ;
#7049 = ADVANCED_FACE ( 'NONE', ( #350 ), #3325, .F. ) ;
#7050 = DIRECTION ( 'NONE',  ( 0.0000000000000000000, -5.027841771134210700E-016, -1.000000000000000000 ) ) ;
#7051 = LINE ( 'NONE', #1801, #3592 ) ;
#7052 = ORIENTED_EDGE ( 'NONE', *, *, #7229, .T. ) ;
#7053 = AXIS2_PLACEMENT_3D ( 'NONE', #5766, #6904, #2244 ) ;
#7054 = LINE ( 'NONE', #6318, #1720 ) ;
#7055 = DIRECTION ( 'NONE',  ( 0.0000000000000000000, 0.0000000000000000000, 1.000000000000000000 ) ) ;
#7056 = LINE ( 'NONE', #1950, #4597 ) ;
#7057 = VECTOR ( 'NONE', #1411, 1000.000000000000000 ) ;
#7058 = VERTEX_POINT ( 'NONE', #1584 ) ;
#7059 =( NAMED_UNIT ( * ) SI_UNIT ( $, .STERADIAN. ) SOLID_ANGLE_UNIT ( ) );
#7060 = CARTESIAN_POINT ( 'NONE',  ( -7.370000000000000100, 2.929999999999999300, 3.550000000000002500 ) ) ;
#7061 = COLOUR_RGB ( '',0.7921568627450980000, 0.8196078431372548800, 0.9333333333333333500 ) ;
#7062 = PLANE ( 'NONE',  #57 ) ;
#7063 = VECTOR ( 'NONE', #5081, 1000.000000000000000 ) ;
#7064 = EDGE_LOOP ( 'NONE', ( #2823, #128, #5295, #669 ) ) ;
#7065 = DIRECTION ( 'NONE',  ( 2.443272501375785500E-016, 0.0000000000000000000, 1.000000000000000000 ) ) ;
#7066 = ORIENTED_EDGE ( 'NONE', *, *, #7397, .T. ) ;
#7067 = DIRECTION ( 'NONE',  ( -0.0000000000000000000, 1.000000000000000000, 1.498163464873311500E-016 ) ) ;
#7068 = LINE ( 'NONE', #3509, #5435 ) ;
#7069 = CARTESIAN_POINT ( 'NONE',  ( -4.320000000000001200, 2.679999999999998800, -3.934500000000000300 ) ) ;
#7070 = DIRECTION ( 'NONE',  ( 0.0000000000000000000, 1.000000000000000000, -1.734723475976793700E-015 ) ) ;
#7071 = FACE_OUTER_BOUND ( 'NONE', #6806, .T. ) ;
#7072 = VERTEX_POINT ( 'NONE', #4335 ) ;
#7073 = DIRECTION ( 'NONE',  ( 0.0000000000000000000, 0.0000000000000000000, -1.000000000000000000 ) ) ;
#7074 = ORIENTED_EDGE ( 'NONE', *, *, #948, .F. ) ;
#7075 = AXIS2_PLACEMENT_3D ( 'NONE', #6304, #6888, #3307 ) ;
#7076 = VECTOR ( 'NONE', #3648, 1000.000000000000100 ) ;
#7077 = LINE ( 'NONE', #5947, #1914 ) ;
#7078 = ADVANCED_FACE ( 'NONE', ( #7329 ), #6576, .T. ) ;
#7079 = EDGE_LOOP ( 'NONE', ( #6485, #520, #7241, #3393 ) ) ;
#7080 = LINE ( 'NONE', #4660, #1754 ) ;
#7081 = CARTESIAN_POINT ( 'NONE',  ( -0.7600000000000002300, 2.929999999999999300, 3.934500000000000300 ) ) ;
#7082 = ADVANCED_FACE ( 'NONE', ( #1527 ), #3686, .F. ) ;
#7083 = MECHANICAL_DESIGN_GEOMETRIC_PRESENTATION_REPRESENTATION (  '', ( #5530 ), #5937 ) ;
#7084 = VECTOR ( 'NONE', #6425, 1000.000000000000000 ) ;
#7085 = ADVANCED_FACE ( 'NONE', ( #1329 ), #4222, .F. ) ;
#7086 = LINE ( 'NONE', #3331, #656 ) ;
#7087 = DIRECTION ( 'NONE',  ( 0.0000000000000000000, -1.000000000000000000, 6.968160176649155900E-016 ) ) ;
#7088 = DIRECTION ( 'NONE',  ( 0.0000000000000000000, 0.0000000000000000000, -1.000000000000000000 ) ) ;
#7089 = ORIENTED_EDGE ( 'NONE', *, *, #3540, .T. ) ;
#7090 = DIRECTION ( 'NONE',  ( 0.0000000000000000000, 0.0000000000000000000, 1.000000000000000000 ) ) ;
#7091 = VECTOR ( 'NONE', #2748, 1000.000000000000000 ) ;
#7092 = CARTESIAN_POINT ( 'NONE',  ( -6.859999999999999400, 2.679999999999998800, 3.934500000000000300 ) ) ;
#7093 = DIRECTION ( 'NONE',  ( 1.000000000000000000, 0.0000000000000000000, -0.0000000000000000000 ) ) ;
#7094 = EDGE_CURVE ( 'NONE', #6632, #3392, #4780, .T. ) ;
#7095 = CARTESIAN_POINT ( 'NONE',  ( -2.290000000000000500, 2.929999999999999300, -3.550000000000002500 ) ) ;
#7096 = ORIENTED_EDGE ( 'NONE', *, *, #2690, .F. ) ;
#7097 = EDGE_CURVE ( 'NONE', #7098, #4901, #3243, .T. ) ;
#7098 = VERTEX_POINT ( 'NONE', #6525 ) ;
#7099 = VECTOR ( 'NONE', #865, 1000.000000000000000 ) ;
#7100 = VECTOR ( 'NONE', #568, 1000.000000000000000 ) ;
#7101 = ORIENTED_EDGE ( 'NONE', *, *, #5927, .T. ) ;
#7102 = DIRECTION ( 'NONE',  ( -0.0000000000000000000, -1.734723475976793500E-015, 1.000000000000000000 ) ) ;
#7103 = DIRECTION ( 'NONE',  ( 0.4999999999999977200, 0.8660254037844399300, 1.297447619602005500E-016 ) ) ;
#7104 = VERTEX_POINT ( 'NONE', #3671 ) ;
#7105 = DIRECTION ( 'NONE',  ( 0.0000000000000000000, 1.000000000000000000, -1.734723475976793700E-015 ) ) ;
#7106 = EDGE_CURVE ( 'NONE', #2786, #6418, #5985, .T. ) ;
#7107 = DIRECTION ( 'NONE',  ( 0.0000000000000000000, 5.027841771134210700E-016, 1.000000000000000000 ) ) ;
#7108 = EDGE_LOOP ( 'NONE', ( #18, #7168, #826, #6827 ) ) ;
#7109 = ADVANCED_FACE ( 'NONE', ( #4425 ), #2533, .F. ) ;
#7110 = DIRECTION ( 'NONE',  ( -1.000000000000000000, -0.0000000000000000000, -0.0000000000000000000 ) ) ;
#7111 = VECTOR ( 'NONE', #436, 1000.000000000000000 ) ;
#7112 = AXIS2_PLACEMENT_3D ( 'NONE', #338, #2666, #7353 ) ;
#7113 = DIRECTION ( 'NONE',  ( 0.0000000000000000000, -1.000000000000000000, -6.968160176649155900E-016 ) ) ;
#7114 = EDGE_LOOP ( 'NONE', ( #3143, #2735, #5699, #3534 ) ) ;
#7115 = CARTESIAN_POINT ( 'NONE',  ( 0.7600000000000002300, 2.489499999999999200, 3.934500000000000300 ) ) ;
#7116 = ADVANCED_FACE ( 'NONE', ( #3346 ), #2513, .T. ) ;
#7117 = EDGE_CURVE ( 'NONE', #916, #1429, #894, .T. ) ;
#7118 = VECTOR ( 'NONE', #159, 1000.000000000000000 ) ;
#7119 = VERTEX_POINT ( 'NONE', #5419 ) ;
#7120 = AXIS2_PLACEMENT_3D ( 'NONE', #6003, #4814, #1269 ) ;
#7121 = ORIENTED_EDGE ( 'NONE', *, *, #256, .T. ) ;
#7122 = DIRECTION ( 'NONE',  ( 1.000000000000000000, 0.0000000000000000000, 0.0000000000000000000 ) ) ;
#7123 = EDGE_CURVE ( 'NONE', #7480, #5916, #263, .T. ) ;
#7124 = ORIENTED_EDGE ( 'NONE', *, *, #4955, .F. ) ;
#7125 = ORIENTED_EDGE ( 'NONE', *, *, #5304, .F. ) ;
#7126 = CARTESIAN_POINT ( 'NONE',  ( 5.330000000000000100, -3.299999999999999400, 4.375000000000000900 ) ) ;
#7127 = DIRECTION ( 'NONE',  ( -1.000000000000000000, -0.0000000000000000000, -0.0000000000000000000 ) ) ;
#7128 = VERTEX_POINT ( 'NONE', #333 ) ;
#7129 = CARTESIAN_POINT ( 'NONE',  ( 0.7600000000000002300, 2.679999999999998800, -3.934500000000000300 ) ) ;
#7130 = CARTESIAN_POINT ( 'NONE',  ( 4.829999999999999200, 2.489499999999999200, -4.375000000000000000 ) ) ;
#7131 = EDGE_CURVE ( 'NONE', #7037, #3622, #5801, .T. ) ;
#7132 = VECTOR ( 'NONE', #84, 1000.000000000000000 ) ;
#7133 = LINE ( 'NONE', #861, #2883 ) ;
#7134 = EDGE_LOOP ( 'NONE', ( #4437, #6005, #3796, #2428, #1212, #7486, #6457, #7205, #2593, #2374 ) ) ;
#7135 = CARTESIAN_POINT ( 'NONE',  ( -0.7600000000000002300, 0.6500000000000048000, 4.375000000000000900 ) ) ;
#7136 = DIRECTION ( 'NONE',  ( -0.0000000000000000000, -1.734723475976793500E-015, 1.000000000000000000 ) ) ;
#7137 = UNCERTAINTY_MEASURE_WITH_UNIT (LENGTH_MEASURE( 1.000000000000000100E-005 ), #2074, 'distance_accuracy_value', 'NONE');
#7138 = VECTOR ( 'NONE', #5326, 1000.000000000000000 ) ;
#7139 = CYLINDRICAL_SURFACE ( 'NONE', #388, 0.1904999999999997000 ) ;
#7140 = LINE ( 'NONE', #6186, #2890 ) ;
#7141 = ORIENTED_EDGE ( 'NONE', *, *, #3935, .F. ) ;
#7142 = AXIS2_PLACEMENT_3D ( 'NONE', #565, #3482, #7503 ) ;
#7143 = VERTEX_POINT ( 'NONE', #1494 ) ;
#7144 = DIRECTION ( 'NONE',  ( 0.0000000000000000000, 0.0000000000000000000, 1.000000000000000000 ) ) ;
#7145 =( LENGTH_UNIT ( ) NAMED_UNIT ( * ) SI_UNIT ( .MILLI., .METRE. ) );
#7146 = CYLINDRICAL_SURFACE ( 'NONE', #6553, 0.4404999999999998900 ) ;
#7147 = ORIENTED_EDGE ( 'NONE', *, *, #1935, .F. ) ;
#7148 = DIRECTION ( 'NONE',  ( -0.4999999999999977200, -0.8660254037844399300, 1.297447619602005200E-016 ) ) ;
#7149 = ADVANCED_FACE ( 'NONE', ( #2969 ), #2086, .F. ) ;
#7150 = ORIENTED_EDGE ( 'NONE', *, *, #1463, .F. ) ;
#7151 = ORIENTED_EDGE ( 'NONE', *, *, #5641, .F. ) ;
#7152 = VECTOR ( 'NONE', #598, 1000.000000000000000 ) ;
#7153 = EDGE_CURVE ( 'NONE', #4674, #1088, #90, .T. ) ;
#7154 = PLANE ( 'NONE',  #529 ) ;
#7155 = AXIS2_PLACEMENT_3D ( 'NONE', #7175, #5458, #247 ) ;
#7156 = FACE_OUTER_BOUND ( 'NONE', #6822, .T. ) ;
#7157 = LINE ( 'NONE', #2742, #5636 ) ;
#7158 = EDGE_CURVE ( 'NONE', #4728, #4810, #2804, .T. ) ;
#7159 = ADVANCED_FACE ( 'NONE', ( #6437 ), #541, .T. ) ;
#7160 = ORIENTED_EDGE ( 'NONE', *, *, #3263, .T. ) ;
#7161 = ORIENTED_EDGE ( 'NONE', *, *, #2106, .F. ) ;
#7162 = VECTOR ( 'NONE', #5957, 1000.000000000000000 ) ;
#7163 = CARTESIAN_POINT ( 'NONE',  ( 8.380000000000000800, 0.6500000000000026900, -4.124999999999999100 ) ) ;
#7164 = ORIENTED_EDGE ( 'NONE', *, *, #3413, .F. ) ;
#7165 = LINE ( 'NONE', #2338, #3001 ) ;
#7166 = DIRECTION ( 'NONE',  ( 1.000000000000000000, 0.0000000000000000000, 0.0000000000000000000 ) ) ;
#7167 = STYLED_ITEM ( 'NONE', ( #6976 ), #4923 ) ;
#7168 = ORIENTED_EDGE ( 'NONE', *, *, #1379, .F. ) ;
#7169 = FACE_OUTER_BOUND ( 'NONE', #5824, .T. ) ;
#7170 = VECTOR ( 'NONE', #4760, 1000.000000000000000 ) ;
#7171 = ORIENTED_EDGE ( 'NONE', *, *, #4376, .T. ) ;
#7172 = DIRECTION ( 'NONE',  ( 0.0000000000000000000, 0.0000000000000000000, -1.000000000000000000 ) ) ;
#7173 = CYLINDRICAL_SURFACE ( 'NONE', #276, 0.8900000000000001200 ) ;
#7174 = FACE_OUTER_BOUND ( 'NONE', #4659, .T. ) ;
#7175 = CARTESIAN_POINT ( 'NONE',  ( -2.290000000000000500, 2.929999999999999300, -3.550000000000002500 ) ) ;
#7176 = EDGE_CURVE ( 'NONE', #875, #1271, #7133, .T. ) ;
#7177 = CARTESIAN_POINT ( 'NONE',  ( -2.290000000000000500, 2.929999999999999300, 3.934500000000000300 ) ) ;
#7178 = EDGE_CURVE ( 'NONE', #5910, #1093, #6278, .T. ) ;
#7179 = CARTESIAN_POINT ( 'NONE',  ( -5.330000000000001800, -3.299999999999999400, -4.375000000000000900 ) ) ;
#7180 = ORIENTED_EDGE ( 'NONE', *, *, #1835, .F. ) ;
#7181 = DIRECTION ( 'NONE',  ( 0.8660254037844405900, 0.4999999999999967200, -2.513920885567089100E-016 ) ) ;
#7182 = CARTESIAN_POINT ( 'NONE',  ( -6.859999999999999400, -5.051668046482832700E-016, 4.124999999999999100 ) ) ;
#7183 = ORIENTED_EDGE ( 'NONE', *, *, #254, .F. ) ;
#7184 = EDGE_CURVE ( 'NONE', #3208, #7207, #1253, .T. ) ;
#7185 = VERTEX_POINT ( 'NONE', #356 ) ;
#7186 = DIRECTION ( 'NONE',  ( 0.0000000000000000000, 1.000000000000000000, 3.484080088324578000E-016 ) ) ;
#7187 = VERTEX_POINT ( 'NONE', #4307 ) ;
#7188 = VECTOR ( 'NONE', #2636, 1000.000000000000000 ) ;
#7189 = CARTESIAN_POINT ( 'NONE',  ( -0.7600000000000002300, 2.679999999999999300, 3.550000000000002500 ) ) ;
#7190 = CARTESIAN_POINT ( 'NONE',  ( -0.7600000000000002300, 0.6500000000000045700, 4.124999999999999100 ) ) ;
#7191 = EDGE_CURVE ( 'NONE', #5826, #3274, #5512, .T. ) ;
#7192 = ADVANCED_FACE ( 'NONE', ( #4689 ), #1465, .F. ) ;
#7193 = DIRECTION ( 'NONE',  ( -0.0000000000000000000, -1.734723475976793500E-015, 1.000000000000000000 ) ) ;
#7194 = VECTOR ( 'NONE', #7419, 1000.000000000000000 ) ;
#7195 = ORIENTED_EDGE ( 'NONE', *, *, #5795, .F. ) ;
#7196 = VECTOR ( 'NONE', #2426, 1000.000000000000000 ) ;
#7197 = DIRECTION ( 'NONE',  ( -0.4999999999999977200, -0.8660254037844399300, -1.297447619602005200E-016 ) ) ;
#7198 = DIRECTION ( 'NONE',  ( 0.0000000000000000000, 5.027841771134210700E-016, -1.000000000000000000 ) ) ;
#7199 = DIRECTION ( 'NONE',  ( -1.000000000000000000, -0.0000000000000000000, -0.0000000000000000000 ) ) ;
#7200 = LINE ( 'NONE', #4629, #3032 ) ;
#7201 = CYLINDRICAL_SURFACE ( 'NONE', #1920, 0.1904999999999997000 ) ;
#7202 = EDGE_LOOP ( 'NONE', ( #1809, #4534, #558, #3803 ) ) ;
#7203 = EDGE_CURVE ( 'NONE', #6794, #4709, #4884, .T. ) ;
#7204 = PLANE ( 'NONE',  #6445 ) ;
#7205 = ORIENTED_EDGE ( 'NONE', *, *, #4723, .T. ) ;
#7206 = EDGE_CURVE ( 'NONE', #6955, #2906, #3149, .T. ) ;
#7207 = VERTEX_POINT ( 'NONE', #6157 ) ;
#7208 = CARTESIAN_POINT ( 'NONE',  ( -2.155277674973256700, -5.051668046482832700E-016, 4.124999999999999100 ) ) ;
#7209 = ORIENTED_EDGE ( 'NONE', *, *, #2180, .T. ) ;
#7210 = AXIS2_PLACEMENT_3D ( 'NONE', #368, #6740, #5503 ) ;
#7211 = DIRECTION ( 'NONE',  ( -0.0000000000000000000, 1.000000000000000000, 1.498163464873311500E-016 ) ) ;
#7212 = DIRECTION ( 'NONE',  ( 0.0000000000000000000, 5.027841771134210700E-016, -1.000000000000000000 ) ) ;
#7213 = ORIENTED_EDGE ( 'NONE', *, *, #6589, .T. ) ;
#7214 = PLANE ( 'NONE',  #1295 ) ;
#7215 = DIRECTION ( 'NONE',  ( 0.0000000000000000000, 1.000000000000000000, -1.498163464873311500E-016 ) ) ;
#7216 = DIRECTION ( 'NONE',  ( 0.0000000000000000000, -1.000000000000000000, 0.0000000000000000000 ) ) ;
#7217 = VERTEX_POINT ( 'NONE', #4991 ) ;
#7218 = ORIENTED_EDGE ( 'NONE', *, *, #5927, .F. ) ;
#7219 = CARTESIAN_POINT ( 'NONE',  ( 0.7600000000000002300, -5.051668046482832700E-016, 4.124999999999999100 ) ) ;
#7220 = CARTESIAN_POINT ( 'NONE',  ( -0.2500000000000002200, 2.489499999999999200, 4.375000000000000000 ) ) ;
#7221 = LINE ( 'NONE', #4111, #3867 ) ;
#7222 = ORIENTED_EDGE ( 'NONE', *, *, #4147, .T. ) ;
#7223 = DIRECTION ( 'NONE',  ( -1.000000000000000000, -0.0000000000000000000, 0.0000000000000000000 ) ) ;
#7224 = LINE ( 'NONE', #871, #3510 ) ;
#7225 = LINE ( 'NONE', #4642, #2079 ) ;
#7226 = VECTOR ( 'NONE', #6727, 1000.000000000000000 ) ;
#7227 = ORIENTED_EDGE ( 'NONE', *, *, #5638, .T. ) ;
#7228 = CARTESIAN_POINT ( 'NONE',  ( -0.3847223250267439200, -4.456522286123197600E-016, 4.375000000000000000 ) ) ;
#7229 = EDGE_CURVE ( 'NONE', #1959, #69, #3600, .T. ) ;
#7230 = DIRECTION ( 'NONE',  ( -1.000000000000000000, -0.0000000000000000000, -0.0000000000000000000 ) ) ;
#7231 = EDGE_CURVE ( 'NONE', #4510, #7104, #6176, .T. ) ;
#7232 = ADVANCED_FACE ( 'NONE', ( #4515 ), #3133, .F. ) ;
#7233 = VECTOR ( 'NONE', #3070, 1000.000000000000000 ) ;
#7234 = CARTESIAN_POINT ( 'NONE',  ( -6.859999999999999400, 0.6500000000000026900, 4.375000000000000000 ) ) ;
#7235 = DIRECTION ( 'NONE',  ( 0.0000000000000000000, 5.027841771134210700E-016, -1.000000000000000000 ) ) ;
#7236 = PLANE ( 'NONE',  #3794 ) ;
#7237 = LINE ( 'NONE', #952, #5718 ) ;
#7238 = ORIENTED_EDGE ( 'NONE', *, *, #7348, .T. ) ;
#7239 = CARTESIAN_POINT ( 'NONE',  ( -7.370000000000000100, 2.679999999999999300, 3.550000000000002500 ) ) ;
#7240 = CARTESIAN_POINT ( 'NONE',  ( -2.290000000000000500, -5.051668046482832700E-016, 4.124999999999999100 ) ) ;
#7241 = ORIENTED_EDGE ( 'NONE', *, *, #5345, .T. ) ;
#7242 = CARTESIAN_POINT ( 'NONE',  ( -4.830000000000001000, 2.489499999999999200, 4.125000000000000000 ) ) ;
#7243 = ORIENTED_EDGE ( 'NONE', *, *, #156, .F. ) ;
#7244 = EDGE_CURVE ( 'NONE', #6217, #5204, #3962, .T. ) ;
#7245 = LINE ( 'NONE', #3297, #19 ) ;
#7246 = VECTOR ( 'NONE', #2139, 1000.000000000000000 ) ;
#7247 = EDGE_LOOP ( 'NONE', ( #750, #4997, #297, #3045 ) ) ;
#7248 = AXIS2_PLACEMENT_3D ( 'NONE', #3041, #7093, #2491 ) ;
#7249 = CARTESIAN_POINT ( 'NONE',  ( -3.300000000000000700, 2.489499999999999200, 3.934500000000000300 ) ) ;
#7250 = CARTESIAN_POINT ( 'NONE',  ( -8.004722325026744300, -5.051668046482832700E-016, -4.124999999999999100 ) ) ;
#7251 = FILL_AREA_STYLE_COLOUR ( '', #4973 ) ;
#7252 = EDGE_LOOP ( 'NONE', ( #14, #1748, #3879, #4000, #6404, #2754, #7017, #7396, #51, #6685 ) ) ;
#7253 = ORIENTED_EDGE ( 'NONE', *, *, #3460, .T. ) ;
#7254 = LINE ( 'NONE', #5422, #2991 ) ;
#7255 = VECTOR ( 'NONE', #7262, 1000.000000000000000 ) ;
#7256 = VERTEX_POINT ( 'NONE', #5471 ) ;
#7257 = VECTOR ( 'NONE', #2016, 1000.000000000000000 ) ;
#7258 = EDGE_CURVE ( 'NONE', #1771, #2607, #4598, .T. ) ;
#7259 = DIRECTION ( 'NONE',  ( -1.000000000000000000, -0.0000000000000000000, 0.0000000000000000000 ) ) ;
#7260 = AXIS2_PLACEMENT_3D ( 'NONE', #4171, #6569, #1305 ) ;
#7261 = PRESENTATION_STYLE_ASSIGNMENT (( #3754 ) ) ;
#7262 = DIRECTION ( 'NONE',  ( 0.0000000000000000000, 5.027841771134210700E-016, 1.000000000000000000 ) ) ;
#7263 = VECTOR ( 'NONE', #1578, 1000.000000000000000 ) ;
#7264 = FACE_OUTER_BOUND ( 'NONE', #3386, .T. ) ;
#7265 = DIRECTION ( 'NONE',  ( 0.0000000000000000000, 1.000000000000000000, 1.498163464873311700E-016 ) ) ;
#7266 = CARTESIAN_POINT ( 'NONE',  ( 4.319999999999999400, 2.489499999999999200, -4.375000000000000000 ) ) ;
#7267 = ORIENTED_EDGE ( 'NONE', *, *, #5296, .T. ) ;
#7268 = DIRECTION ( 'NONE',  ( -0.4999999999999967200, 0.8660254037844405900, -1.297447619602006000E-016 ) ) ;
#7269 = DIRECTION ( 'NONE',  ( -1.000000000000000000, -0.0000000000000000000, -0.0000000000000000000 ) ) ;
#7270 = VECTOR ( 'NONE', #3333, 1000.000000000000000 ) ;
#7271 = DIRECTION ( 'NONE',  ( 0.0000000000000000000, -5.027841771134210700E-016, -1.000000000000000000 ) ) ;
#7272 = STYLED_ITEM ( 'NONE', ( #3464 ), #5722 ) ;
#7273 = CARTESIAN_POINT ( 'NONE',  ( 7.370000000000000100, -3.299999999999999400, 4.375000000000000900 ) ) ;
#7274 = AXIS2_PLACEMENT_3D ( 'NONE', #706, #2480, #4856 ) ;
#7275 = ORIENTED_EDGE ( 'NONE', *, *, #6469, .T. ) ;
#7276 = DIRECTION ( 'NONE',  ( -1.000000000000000000, -0.0000000000000000000, 0.0000000000000000000 ) ) ;
#7277 = ORIENTED_EDGE ( 'NONE', *, *, #3011, .T. ) ;
#7278 = PLANE ( 'NONE',  #3913 ) ;
#7279 = ADVANCED_FACE ( 'NONE', ( #1894 ), #6267, .F. ) ;
#7280 = VECTOR ( 'NONE', #5001, 1000.000000000000100 ) ;
#7281 = ORIENTED_EDGE ( 'NONE', *, *, #1250, .F. ) ;
#7282 = CARTESIAN_POINT ( 'NONE',  ( -5.840000000000001600, 2.489499999999999200, -4.375000000000000000 ) ) ;
#7283 = ORIENTED_EDGE ( 'NONE', *, *, #2706, .F. ) ;
#7284 = VERTEX_POINT ( 'NONE', #969 ) ;
#7285 = CARTESIAN_POINT ( 'NONE',  ( 5.464722325026743400, -3.794707603699265500E-016, -4.375000000000001800 ) ) ;
#7286 = UNCERTAINTY_MEASURE_WITH_UNIT (LENGTH_MEASURE( 1.000000000000000100E-005 ), #3619, 'distance_accuracy_value', 'NONE');
#7287 = DIRECTION ( 'NONE',  ( 0.0000000000000000000, 5.027841771134210700E-016, -1.000000000000000000 ) ) ;
#7288 = ORIENTED_EDGE ( 'NONE', *, *, #1594, .F. ) ;
#7289 = VERTEX_POINT ( 'NONE', #6236 ) ;
#7290 = LINE ( 'NONE', #9, #4390 ) ;
#7291 = VERTEX_POINT ( 'NONE', #1049 ) ;
#7292 = DIRECTION ( 'NONE',  ( 0.0000000000000000000, 0.0000000000000000000, -1.000000000000000000 ) ) ;
#7293 = ORIENTED_EDGE ( 'NONE', *, *, #1853, .T. ) ;
#7294 = DIRECTION ( 'NONE',  ( -1.000000000000000000, -0.0000000000000000000, -0.0000000000000000000 ) ) ;
#7295 = EDGE_CURVE ( 'NONE', #5316, #5166, #6081, .T. ) ;
#7296 = FACE_OUTER_BOUND ( 'NONE', #164, .T. ) ;
#7297 = VECTOR ( 'NONE', #2262, 1000.000000000000000 ) ;
#7298 = EDGE_CURVE ( 'NONE', #4215, #705, #7431, .T. ) ;
#7299 = ORIENTED_EDGE ( 'NONE', *, *, #6459, .T. ) ;
#7300 = DIRECTION ( 'NONE',  ( 0.0000000000000000000, 1.000000000000000000, 0.0000000000000000000 ) ) ;
#7301 = ORIENTED_EDGE ( 'NONE', *, *, #509, .F. ) ;
#7302 =( NAMED_UNIT ( * ) SI_UNIT ( $, .STERADIAN. ) SOLID_ANGLE_UNIT ( ) );
#7303 = SURFACE_SIDE_STYLE ('',( #2072 ) ) ;
#7304 = DIRECTION ( 'NONE',  ( 1.000000000000000000, 0.0000000000000000000, -0.0000000000000000000 ) ) ;
#7305 = DIRECTION ( 'NONE',  ( 1.000000000000000000, 0.0000000000000000000, 0.0000000000000000000 ) ) ;
#7306 = VECTOR ( 'NONE', #5601, 1000.000000000000000 ) ;
#7307 = CARTESIAN_POINT ( 'NONE',  ( -7.870000000000000100, -3.299999999999999800, 4.124999999999999100 ) ) ;
#7308 = EDGE_LOOP ( 'NONE', ( #2769, #5478, #2771, #1127 ) ) ;
#7309 = CARTESIAN_POINT ( 'NONE',  ( -4.830000000000001000, 2.929999999999999300, -3.934500000000000300 ) ) ;
#7310 = CARTESIAN_POINT ( 'NONE',  ( -4.320000000000001200, 2.489499999999999200, 3.934500000000000300 ) ) ;
#7311 = PLANE ( 'NONE',  #3520 ) ;
#7312 = CARTESIAN_POINT ( 'NONE',  ( 0.7600000000000002300, -5.051668046482832700E-016, -4.124999999999999100 ) ) ;
#7313 = ADVANCED_FACE ( 'NONE', ( #713 ), #6781, .F. ) ;
#7314 = CIRCLE ( 'NONE', #1580, 0.4404999999999998900 ) ;
#7315 = DIRECTION ( 'NONE',  ( 2.443272501375788900E-016, -0.0000000000000000000, 1.000000000000000000 ) ) ;
#7316 = AXIS2_PLACEMENT_3D ( 'NONE', #3847, #394, #4443 ) ;
#7317 = ORIENTED_EDGE ( 'NONE', *, *, #4103, .T. ) ;
#7318 = PLANE ( 'NONE',  #5628 ) ;
#7319 = ORIENTED_EDGE ( 'NONE', *, *, #7337, .T. ) ;
#7320 = DIRECTION ( 'NONE',  ( 1.000000000000000000, 0.0000000000000000000, 0.0000000000000000000 ) ) ;
#7321 = ORIENTED_EDGE ( 'NONE', *, *, #6917, .T. ) ;
#7322 = AXIS2_PLACEMENT_3D ( 'NONE', #7370, #4476, #2235 ) ;
#7323 = PLANE ( 'NONE',  #2788 ) ;
#7324 = PLANE ( 'NONE',  #4553 ) ;
#7325 = ORIENTED_EDGE ( 'NONE', *, *, #3538, .T. ) ;
#7326 = PLANE ( 'NONE',  #3807 ) ;
#7327 = VECTOR ( 'NONE', #4749, 1000.000000000000000 ) ;
#7328 = FACE_OUTER_BOUND ( 'NONE', #1913, .T. ) ;
#7330 = DIRECTION ( 'NONE',  ( 0.0000000000000000000, 1.000000000000000000, -5.027841771134210700E-016 ) ) ;
#7329 = FACE_OUTER_BOUND ( 'NONE', #2217, .T. ) ;
#7331 = ORIENTED_EDGE ( 'NONE', *, *, #2832, .T. ) ;
#7332 = DIRECTION ( 'NONE',  ( 0.0000000000000000000, 1.734723475976793700E-015, -1.000000000000000000 ) ) ;
#7333 = EDGE_CURVE ( 'NONE', #6864, #5495, #1428, .T. ) ;
#7334 = AXIS2_PLACEMENT_3D ( 'NONE', #1309, #768, #3645 ) ;
#7335 = CARTESIAN_POINT ( 'NONE',  ( -6.859999999999999400, -5.051668046482832700E-016, 4.124999999999999100 ) ) ;
#7336 = DIRECTION ( 'NONE',  ( 1.000000000000000000, 0.0000000000000000000, 0.0000000000000000000 ) ) ;
#7337 = EDGE_CURVE ( 'NONE', #1393, #1771, #5329, .T. ) ;
#7338 = FACE_OUTER_BOUND ( 'NONE', #6532, .T. ) ;
#7339 = LINE ( 'NONE', #2029, #3875 ) ;
#7340 = FACE_OUTER_BOUND ( 'NONE', #6112, .T. ) ;
#7341 = ORIENTED_EDGE ( 'NONE', *, *, #6927, .F. ) ;
#7342 = CARTESIAN_POINT ( 'NONE',  ( -4.320000000000001200, 2.489499999999999200, 3.934500000000000300 ) ) ;
#7343 = ORIENTED_EDGE ( 'NONE', *, *, #6529, .F. ) ;
#7344 = CARTESIAN_POINT ( 'NONE',  ( 8.380000000000000800, 2.929999999999999300, 3.550000000000002500 ) ) ;
#7345 = EDGE_CURVE ( 'NONE', #4428, #698, #2080, .T. ) ;
#7346 = VECTOR ( 'NONE', #756, 1000.000000000000000 ) ;
#7347 = ORIENTED_EDGE ( 'NONE', *, *, #1219, .T. ) ;
#7348 = EDGE_CURVE ( 'NONE', #6378, #7500, #3142, .T. ) ;
#7349 = ORIENTED_EDGE ( 'NONE', *, *, #1159, .F. ) ;
#7350 = DIRECTION ( 'NONE',  ( 1.000000000000000000, 0.0000000000000000000, -0.0000000000000000000 ) ) ;
#7351 = CARTESIAN_POINT ( 'NONE',  ( -1.780000000000000200, -5.051668046482832700E-016, -4.124999999999999100 ) ) ;
#7352 = VECTOR ( 'NONE', #2190, 1000.000000000000000 ) ;
#7353 = DIRECTION ( 'NONE',  ( 0.0000000000000000000, 0.0000000000000000000, -1.000000000000000000 ) ) ;
#7354 = ORIENTED_EDGE ( 'NONE', *, *, #3023, .T. ) ;
#7355 = DIRECTION ( 'NONE',  ( 1.000000000000000000, 0.0000000000000000000, 0.0000000000000000000 ) ) ;
#7356 = ORIENTED_EDGE ( 'NONE', *, *, #903, .F. ) ;
#7357 = FACE_OUTER_BOUND ( 'NONE', #2147, .T. ) ;
#7358 = AXIS2_PLACEMENT_3D ( 'NONE', #7249, #3043, #3594 ) ;
#7359 = SURFACE_SIDE_STYLE ('',( #6400 ) ) ;
#7360 = CARTESIAN_POINT ( 'NONE',  ( 5.330000000000000100, 2.679999999999998800, -3.934500000000000300 ) ) ;
#7361 = LINE ( 'NONE', #7378, #928 ) ;
#7362 = DIRECTION ( 'NONE',  ( 0.0000000000000000000, 1.000000000000000000, -5.027841771134210700E-016 ) ) ;
#7363 = CARTESIAN_POINT ( 'NONE',  ( 7.870000000000000100, 2.489499999999999200, -4.375000000000000000 ) ) ;
#7364 = EDGE_LOOP ( 'NONE', ( #4189, #2231, #414, #1518 ) ) ;
#7365 = LINE ( 'NONE', #2127, #6388 ) ;
#7366 = CARTESIAN_POINT ( 'NONE',  ( -4.320000000000001200, -3.794707603699265500E-016, -4.375000000000001800 ) ) ;
#7367 = LINE ( 'NONE', #770, #5107 ) ;
#7368 = VERTEX_POINT ( 'NONE', #1707 ) ;
#7369 = VECTOR ( 'NONE', #530, 1000.000000000000000 ) ;
#7370 = CARTESIAN_POINT ( 'NONE',  ( 0.2500000000000002200, -3.299999999999999800, -4.124999999999999100 ) ) ;
#7371 = AXIS2_PLACEMENT_3D ( 'NONE', #4261, #2542, #777 ) ;
#7372 = ORIENTED_EDGE ( 'NONE', *, *, #5296, .F. ) ;
#7373 = ORIENTED_EDGE ( 'NONE', *, *, #7345, .T. ) ;
#7374 = EDGE_CURVE ( 'NONE', #2779, #4587, #6694, .T. ) ;
#7375 = CARTESIAN_POINT ( 'NONE',  ( -6.859999999999999400, 2.489499999999999200, -4.375000000000000000 ) ) ;
#7376 = CARTESIAN_POINT ( 'NONE',  ( -1.780000000000000200, 0.6500000000000026900, 4.124999999999999100 ) ) ;
#7377 = DIRECTION ( 'NONE',  ( 0.0000000000000000000, 1.127908631974522500E-015, 1.000000000000000000 ) ) ;
#7378 = CARTESIAN_POINT ( 'NONE',  ( 6.859999999999999400, 2.679999999999998800, -3.934500000000000300 ) ) ;
#7379 = DIRECTION ( 'NONE',  ( 0.0000000000000000000, 0.0000000000000000000, 1.000000000000000000 ) ) ;
#7380 = ORIENTED_EDGE ( 'NONE', *, *, #641, .T. ) ;
#7381 =( NAMED_UNIT ( * ) SI_UNIT ( $, .STERADIAN. ) SOLID_ANGLE_UNIT ( ) );
#7382 = ORIENTED_EDGE ( 'NONE', *, *, #1503, .T. ) ;
#7383 = ORIENTED_EDGE ( 'NONE', *, *, #7395, .F. ) ;
#7384 = DIRECTION ( 'NONE',  ( 0.0000000000000000000, 1.000000000000000000, 5.027841771134210700E-016 ) ) ;
#7385 = EDGE_CURVE ( 'NONE', #978, #5755, #5155, .T. ) ;
#7386 = ORIENTED_EDGE ( 'NONE', *, *, #4938, .T. ) ;
#7387 = VECTOR ( 'NONE', #4247, 1000.000000000000000 ) ;
#7388 = DIRECTION ( 'NONE',  ( -1.000000000000000000, -0.0000000000000000000, -0.0000000000000000000 ) ) ;
#7389 = CARTESIAN_POINT ( 'NONE',  ( -8.004722325026744300, -4.456522286123197600E-016, 4.375000000000000000 ) ) ;
#7390 = UNCERTAINTY_MEASURE_WITH_UNIT (LENGTH_MEASURE( 1.000000000000000100E-005 ), #6295, 'distance_accuracy_value', 'NONE');
#7391 = VECTOR ( 'NONE', #4658, 1000.000000000000000 ) ;
#7392 = LINE ( 'NONE', #6666, #603 ) ;
#7393 = EDGE_LOOP ( 'NONE', ( #3324, #4291, #6495, #6480 ) ) ;
#7394 = ADVANCED_FACE ( 'NONE', ( #623 ), #6336, .T. ) ;
#7395 = EDGE_CURVE ( 'NONE', #3400, #1795, #2346, .T. ) ;
#7396 = ORIENTED_EDGE ( 'NONE', *, *, #2435, .F. ) ;
#7397 = EDGE_CURVE ( 'NONE', #5182, #1822, #3954, .T. ) ;
#7398 = CARTESIAN_POINT ( 'NONE',  ( 2.790000000000000000, -3.299999999999999800, 4.124999999999999100 ) ) ;
#7399 = EDGE_CURVE ( 'NONE', #5306, #2401, #7051, .T. ) ;
#7400 = CIRCLE ( 'NONE', #6271, 0.4404999999999998900 ) ;
#7401 = VERTEX_POINT ( 'NONE', #1140 ) ;
#7402 = VECTOR ( 'NONE', #5129, 1000.000000000000000 ) ;
#7403 = DIRECTION ( 'NONE',  ( 0.0000000000000000000, 1.000000000000000000, -1.498163464873311500E-016 ) ) ;
#7404 = ORIENTED_EDGE ( 'NONE', *, *, #2239, .F. ) ;
#7405 = CARTESIAN_POINT ( 'NONE',  ( -2.924722325026744700, -3.794707603699265500E-016, -4.375000000000001800 ) ) ;
#7406 = EDGE_CURVE ( 'NONE', #1238, #6880, #3507, .T. ) ;
#7407 = CARTESIAN_POINT ( 'NONE',  ( -7.870000000000000100, -4.336808689942017700E-016, -3.934500000000001200 ) ) ;
#7408 = PLANE ( 'NONE',  #2500 ) ;
#7409 = DIRECTION ( 'NONE',  ( 0.0000000000000000000, 1.127908631974522500E-015, 1.000000000000000000 ) ) ;
#7410 = ORIENTED_EDGE ( 'NONE', *, *, #729, .T. ) ;
#7411 = DIRECTION ( 'NONE',  ( -1.000000000000000000, -0.0000000000000000000, 0.0000000000000000000 ) ) ;
#7412 = VERTEX_POINT ( 'NONE', #4879 ) ;
#7413 = PLANE ( 'NONE',  #6465 ) ;
#7414 = EDGE_LOOP ( 'NONE', ( #2304, #475, #1704, #2641 ) ) ;
#7415 = DIRECTION ( 'NONE',  ( 0.0000000000000000000, 1.000000000000000000, 0.0000000000000000000 ) ) ;
#7416 = ORIENTED_EDGE ( 'NONE', *, *, #5700, .T. ) ;
#7417 = EDGE_CURVE ( 'NONE', #5974, #3963, #7221, .T. ) ;
#7418 = PRESENTATION_LAYER_ASSIGNMENT (  '', '', ( #5619 ) ) ;
#7419 = DIRECTION ( 'NONE',  ( 0.0000000000000000000, -1.000000000000000000, 1.498163464873311700E-016 ) ) ;
#7420 = EDGE_CURVE ( 'NONE', #1093, #2521, #1974, .T. ) ;
#7421 = ORIENTED_EDGE ( 'NONE', *, *, #3327, .T. ) ;
#7422 = DIRECTION ( 'NONE',  ( -1.000000000000000000, -0.0000000000000000000, -0.0000000000000000000 ) ) ;
#7423 = ORIENTED_EDGE ( 'NONE', *, *, #2213, .T. ) ;
#7424 = DIRECTION ( 'NONE',  ( 0.0000000000000000000, -1.000000000000000000, -1.498163464873311700E-016 ) ) ;
#7425 = LINE ( 'NONE', #3332, #4334 ) ;
#7426 = STYLED_ITEM ( 'NONE', ( #2554 ), #5333 ) ;
#7427 = DIRECTION ( 'NONE',  ( 0.0000000000000000000, -1.000000000000000000, 1.498163464873311700E-016 ) ) ;
#7428 = ADVANCED_FACE ( 'NONE', ( #5505 ), #5989, .T. ) ;
#7429 = LINE ( 'NONE', #848, #1086 ) ;
#7430 = CARTESIAN_POINT ( 'NONE',  ( 1.779999999999999400, 2.489499999999999200, -4.375000000000000000 ) ) ;
#7431 = LINE ( 'NONE', #3343, #3062 ) ;
#7432 = VERTEX_POINT ( 'NONE', #3757 ) ;
#7433 = DIRECTION ( 'NONE',  ( 0.0000000000000000000, 0.0000000000000000000, 1.000000000000000000 ) ) ;
#7434 = DIRECTION ( 'NONE',  ( 1.000000000000000000, 0.0000000000000000000, -0.0000000000000000000 ) ) ;
#7435 = CARTESIAN_POINT ( 'NONE',  ( 4.829999999999999200, -3.299999999999999400, 4.375000000000000900 ) ) ;
#7436 = CYLINDRICAL_SURFACE ( 'NONE', #3576, 0.1904999999999997000 ) ;
#7437 = EDGE_CURVE ( 'NONE', #973, #6951, #2427, .T. ) ;
#7438 = VECTOR ( 'NONE', #3462, 1000.000000000000000 ) ;
#7439 = ORIENTED_EDGE ( 'NONE', *, *, #5167, .T. ) ;
#7440 = CARTESIAN_POINT ( 'NONE',  ( 7.870000000000000100, 2.489499999999999200, -4.125000000000000000 ) ) ;
#7441 = EDGE_LOOP ( 'NONE', ( #4288, #2142, #1553, #453 ) ) ;
#7442 = CARTESIAN_POINT ( 'NONE',  ( 2.790000000000000000, 2.679999999999998800, 3.934500000000000300 ) ) ;
#7443 = ORIENTED_EDGE ( 'NONE', *, *, #1898, .T. ) ;
#7444 = EDGE_CURVE ( 'NONE', #6880, #6093, #2964, .T. ) ;
#7445 = LINE ( 'NONE', #4995, #1998 ) ;
#7446 = VECTOR ( 'NONE', #7294, 1000.000000000000000 ) ;
#7447 = ORIENTED_EDGE ( 'NONE', *, *, #6872, .F. ) ;
#7448 = EDGE_CURVE ( 'NONE', #7291, #6721, #6430, .T. ) ;
#7449 = VERTEX_POINT ( 'NONE', #4682 ) ;
#7450 = VERTEX_POINT ( 'NONE', #769 ) ;
#7451 = LINE ( 'NONE', #3137, #5914 ) ;
#7452 = CARTESIAN_POINT ( 'NONE',  ( -2.924722325026744700, -5.051668046482832700E-016, -4.124999999999999100 ) ) ;
#7453 = ORIENTED_EDGE ( 'NONE', *, *, #1695, .F. ) ;
#7454 = CIRCLE ( 'NONE', #6983, 0.4404999999999998900 ) ;
#7455 = VECTOR ( 'NONE', #7044, 1000.000000000000000 ) ;
#7456 = AXIS2_PLACEMENT_3D ( 'NONE', #3916, #6802, #3295 ) ;
#7457 = CARTESIAN_POINT ( 'NONE',  ( -2.155277674973256700, -3.794707603699265500E-016, -4.375000000000001800 ) ) ;
#7458 = ORIENTED_EDGE ( 'NONE', *, *, #4256, .T. ) ;
#7459 = CARTESIAN_POINT ( 'NONE',  ( -1.780000000000000200, -5.051668046482832700E-016, -4.124999999999999100 ) ) ;
#7460 = CARTESIAN_POINT ( 'NONE',  ( 10.00000000000000200, 2.679999999999999300, -3.549999999999997200 ) ) ;
#7461 = VECTOR ( 'NONE', #1370, 1000.000000000000000 ) ;
#7462 = DIRECTION ( 'NONE',  ( -1.000000000000000000, -0.0000000000000000000, 0.0000000000000000000 ) ) ;
#7463 = PLANE ( 'NONE',  #4679 ) ;
#7464 = VECTOR ( 'NONE', #337, 1000.000000000000000 ) ;
#7465 = VECTOR ( 'NONE', #4079, 1000.000000000000000 ) ;
#7466 = CARTESIAN_POINT ( 'NONE',  ( 4.829999999999999200, -4.336808689942017700E-016, -4.125000000000000000 ) ) ;
#7467 = VERTEX_POINT ( 'NONE', #4813 ) ;
#7468 = AXIS2_PLACEMENT_3D ( 'NONE', #2176, #954, #927 ) ;
#7469 = CARTESIAN_POINT ( 'NONE',  ( 2.289999999999999600, -3.299999999999999400, 4.375000000000000900 ) ) ;
#7470 = CARTESIAN_POINT ( 'NONE',  ( -2.290000000000000500, 2.489499999999999200, 4.375000000000000000 ) ) ;
#7471 = VERTEX_POINT ( 'NONE', #2987 ) ;
#7472 = EDGE_LOOP ( 'NONE', ( #393, #4, #1937, #4348 ) ) ;
#7473 = VECTOR ( 'NONE', #1032, 1000.000000000000000 ) ;
#7474 = EDGE_LOOP ( 'NONE', ( #109, #5738, #3290, #4735 ) ) ;
#7475 = AXIS2_PLACEMENT_3D ( 'NONE', #3926, #7362, #3969 ) ;
#7476 = ORIENTED_EDGE ( 'NONE', *, *, #5467, .F. ) ;
#7477 = VECTOR ( 'NONE', #4891, 1000.000000000000000 ) ;
#7478 = CARTESIAN_POINT ( 'NONE',  ( -5.464722325026745200, -5.051668046482832700E-016, -4.124999999999999100 ) ) ;
#7479 = VECTOR ( 'NONE', #3416, 1000.000000000000000 ) ;
#7480 = VERTEX_POINT ( 'NONE', #1268 ) ;
#7481 = DIRECTION ( 'NONE',  ( 0.0000000000000000000, 5.027841771134210700E-016, 1.000000000000000000 ) ) ;
#7482 = DIRECTION ( 'NONE',  ( 0.0000000000000000000, 0.0000000000000000000, 1.000000000000000000 ) ) ;
#7483 = CARTESIAN_POINT ( 'NONE',  ( 5.839999999999999900, 2.679999999999998800, -3.934500000000000300 ) ) ;
#7484 = ORIENTED_EDGE ( 'NONE', *, *, #7097, .F. ) ;
#7485 = CARTESIAN_POINT ( 'NONE',  ( 2.790000000000000000, 2.489499999999999200, 3.934500000000000300 ) ) ;
#7486 = ORIENTED_EDGE ( 'NONE', *, *, #3538, .F. ) ;
#7487 = CARTESIAN_POINT ( 'NONE',  ( 5.330000000000000100, 2.489499999999999200, -4.375000000000000000 ) ) ;
#7488 = AXIS2_PLACEMENT_3D ( 'NONE', #2260, #5124, #3957 ) ;
#7489 = DIRECTION ( 'NONE',  ( 0.0000000000000000000, 5.027841771134210700E-016, 1.000000000000000000 ) ) ;
#7490 = CARTESIAN_POINT ( 'NONE',  ( 8.380000000000000800, 0.6500000000000026900, -4.124999999999999100 ) ) ;
#7491 = VECTOR ( 'NONE', #4692, 1000.000000000000000 ) ;
#7492 = ORIENTED_EDGE ( 'NONE', *, *, #6146, .F. ) ;
#7493 = CARTESIAN_POINT ( 'NONE',  ( -0.7600000000000002300, 2.679999999999999300, 3.550000000000002500 ) ) ;
#7494 = CARTESIAN_POINT ( 'NONE',  ( -7.370000000000000100, 2.679999999999999300, -3.550000000000002500 ) ) ;
#7495 = VERTEX_POINT ( 'NONE', #141 ) ;
#7496 = EDGE_CURVE ( 'NONE', #2499, #4859, #4874, .T. ) ;
#7497 = ORIENTED_EDGE ( 'NONE', *, *, #2253, .F. ) ;
#7498 = CARTESIAN_POINT ( 'NONE',  ( 0.7600000000000002300, 2.489499999999999200, 4.375000000000000000 ) ) ;
#7499 = EDGE_CURVE ( 'NONE', #1846, #3017, #5320, .T. ) ;
#7500 = VERTEX_POINT ( 'NONE', #6526 ) ;
#7501 = DIRECTION ( 'NONE',  ( 0.0000000000000000000, 0.0000000000000000000, 1.000000000000000000 ) ) ;
#7502 = ORIENTED_EDGE ( 'NONE', *, *, #17, .F. ) ;
#7503 = DIRECTION ( 'NONE',  ( 0.0000000000000000000, 0.0000000000000000000, 1.000000000000000000 ) ) ;
#7504 = DIRECTION ( 'NONE',  ( -1.000000000000000000, -0.0000000000000000000, 1.897542191401455100E-016 ) ) ;
#7505 = VERTEX_POINT ( 'NONE', #744 ) ;
#7506 = AXIS2_PLACEMENT_3D ( 'NONE', #3750, #1890, #6686 ) ;
#7507 = VERTEX_POINT ( 'NONE', #3188 ) ;
#7508 = ORIENTED_EDGE ( 'NONE', *, *, #5978, .T. ) ;
#7509 = DIRECTION ( 'NONE',  ( -1.000000000000000000, -0.0000000000000000000, -0.0000000000000000000 ) ) ;
#7510 = ADVANCED_FACE ( 'NONE', ( #5240 ), #1438, .F. ) ;
#7511 = LINE ( 'NONE', #4326, #4424 ) ;
#7512 = LINE ( 'NONE', #4900, #1328 ) ;
#7513 = VECTOR ( 'NONE', #5027, 1000.000000000000000 ) ;
#7514 = VERTEX_POINT ( 'NONE', #1356 ) ;
ENDSEC;
END-ISO-10303-21;
