ISO-10303-21;
HEADER;
FILE_DESCRIPTION (( 'STEP AP214' ),
    '1' );
FILE_NAME ('2N2907.STEP',
    '2023-11-29T15:06:38',
    ( 'LENOVO' ),
    ( '' ),
    'SwSTEP 2.0',
    'SolidWorks 2021',
    '' );
FILE_SCHEMA (( 'AUTOMOTIVE_DESIGN' ));
ENDSEC;

DATA;
#1 = COLOUR_RGB ( '',0.7529411764705882248, 0.7529411764705882248, 0.7529411764705882248 ) ;
#2 = CARTESIAN_POINT ( 'NONE',  ( 0.000000000000000000, 5.299999999999999822, 1.950000000000000844 ) ) ;
#3 = CARTESIAN_POINT ( 'NONE',  ( 1.468677503942491747, 0.4000000000000000222, 2.500597206551518070 ) ) ;
#4 = TOROIDAL_SURFACE ( 'NONE', #1162, 1.950000000000000844, 0.5000000000000000000 ) ;
#5 = ORIENTED_EDGE ( 'NONE', *, *, #611, .F. ) ;
#6 = FACE_OUTER_BOUND ( 'NONE', #854, .T. ) ;
#7 = CARTESIAN_POINT ( 'NONE',  ( 0.000000000000000000, -12.69999999999999929, -1.270000000000000018 ) ) ;
#8 = VERTEX_POINT ( 'NONE', #1266 ) ;
#9 = CIRCLE ( 'NONE', #423, 0.2450000000000001066 ) ;
#10 = STYLED_ITEM ( 'NONE', ( #786 ), #981 ) ;
#11 = VERTEX_POINT ( 'NONE', #1388 ) ;
#12 = VECTOR ( 'NONE', #982, 1000.000000000000000 ) ;
#13 = CARTESIAN_POINT ( 'NONE',  ( 0.000000000000000000, -12.69999999999999929, -1.270000000000000018 ) ) ;
#14 = CARTESIAN_POINT ( 'NONE',  ( 2.489015869776634471, 0.4000000000000000222, 3.309259735953051340 ) ) ;
#15 = AXIS2_PLACEMENT_3D ( 'NONE', #761, #1023, #1280 ) ;
#16 = ORIENTED_EDGE ( 'NONE', *, *, #1206, .F. ) ;
#17 = EDGE_CURVE ( 'NONE', #862, #925, #19, .T. ) ;
#18 = ADVANCED_FACE ( 'NONE', ( #482 ), #4, .T. ) ;
#19 = CIRCLE ( 'NONE', #832, 0.4989999999999999991 ) ;
#20 = UNCERTAINTY_MEASURE_WITH_UNIT (LENGTH_MEASURE( 1.000000000000000082E-05 ), #825, 'distance_accuracy_value', 'NONE');
#21 =( LENGTH_UNIT ( ) NAMED_UNIT ( * ) SI_UNIT ( .MILLI., .METRE. ) );
#22 = CARTESIAN_POINT ( 'NONE',  ( -1.270000000000000018, 1.511385135248349165, 0.000000000000000000 ) ) ;
#23 = VERTEX_POINT ( 'NONE', #201 ) ;
#24 = CARTESIAN_POINT ( 'NONE',  ( 1.569965607662663576, 0.4000000000000000222, 2.673052186313691347 ) ) ;
#25 = ORIENTED_EDGE ( 'NONE', *, *, #146, .F. ) ;
#26 = VERTEX_POINT ( 'NONE', #479 ) ;
#27 = CARTESIAN_POINT ( 'NONE',  ( -1.270000000000000018, 0.1000000000000000056, 0.000000000000000000 ) ) ;
#28 = CARTESIAN_POINT ( 'NONE',  ( 3.551475717527324325E-16, 0.4000000000000000222, 2.900000000000000355 ) ) ;
#29 = ORIENTED_EDGE ( 'NONE', *, *, #1111, .T. ) ;
#30 = ORIENTED_EDGE ( 'NONE', *, *, #175, .F. ) ;
#31 = ORIENTED_EDGE ( 'NONE', *, *, #651, .T. ) ;
#32 = ORIENTED_EDGE ( 'NONE', *, *, #297, .F. ) ;
#33 = DIRECTION ( 'NONE',  ( -0.000000000000000000, -1.000000000000000000, -0.000000000000000000 ) ) ;
#34 = VERTEX_POINT ( 'NONE', #57 ) ;
#35 = ORIENTED_EDGE ( 'NONE', *, *, #533, .F. ) ;
#36 = AXIS2_PLACEMENT_3D ( 'NONE', #1027, #879, #569 ) ;
#37 = DIRECTION ( 'NONE',  ( 0.000000000000000000, -1.000000000000000000, 0.000000000000000000 ) ) ;
#38 = EDGE_LOOP ( 'NONE', ( #80, #936 ) ) ;
#39 = PRESENTATION_LAYER_ASSIGNMENT (  '', '', ( #613 ) ) ;
#40 = DIRECTION ( 'NONE',  ( 0.000000000000000000, -1.000000000000000000, 0.000000000000000000 ) ) ;
#41 = CARTESIAN_POINT ( 'NONE',  ( 0.000000000000000000, 0.4000000000000000222, 0.000000000000000000 ) ) ;
#42 = EDGE_LOOP ( 'NONE', ( #418, #389, #429, #1319 ) ) ;
#43 = ORIENTED_EDGE ( 'NONE', *, *, #797, .F. ) ;
#44 = CARTESIAN_POINT ( 'NONE',  ( -1.270000000000000018, 0.000000000000000000, 0.000000000000000000 ) ) ;
#45 = ORIENTED_EDGE ( 'NONE', *, *, #452, .T. ) ;
#46 = LINE ( 'NONE', #1051, #520 ) ;
#47 = DIRECTION ( 'NONE',  ( 0.000000000000000000, 0.000000000000000000, 1.000000000000000000 ) ) ;
#48 = ADVANCED_FACE ( 'NONE', ( #6 ), #1337, .F. ) ;
#49 = ORIENTED_EDGE ( 'NONE', *, *, #379, .F. ) ;
#50 = ORIENTED_EDGE ( 'NONE', *, *, #297, .T. ) ;
#51 = PRESENTATION_LAYER_ASSIGNMENT (  '', '', ( #968 ) ) ;
#52 = CARTESIAN_POINT ( 'NONE',  ( 0.000000000000000000, 17.52964645562817125, 0.000000000000000000 ) ) ;
#53 = SURFACE_STYLE_FILL_AREA ( #1005 ) ;
#54 = VERTEX_POINT ( 'NONE', #957 ) ;
#55 = DIRECTION ( 'NONE',  ( 0.000000000000000000, 0.000000000000000000, 1.000000000000000000 ) ) ;
#56 = STYLED_ITEM ( 'NONE', ( #1184 ), #727 ) ;
#57 = CARTESIAN_POINT ( 'NONE',  ( 3.000384657911016356E-16, 0.8500000000000000888, 2.450000000000000622 ) ) ;
#58 = EDGE_CURVE ( 'NONE', #925, #1353, #966, .T. ) ;
#59 = CARTESIAN_POINT ( 'NONE',  ( -1.270000000000000018, 0.1000000000000000056, -0.4989999999999999991 ) ) ;
#60 = VERTEX_POINT ( 'NONE', #1141 ) ;
#61 = EDGE_CURVE ( 'NONE', #1055, #60, #1374, .T. ) ;
#62 =( LENGTH_UNIT ( ) NAMED_UNIT ( * ) SI_UNIT ( .MILLI., .METRE. ) );
#63 = ADVANCED_FACE ( 'NONE', ( #956 ), #959, .F. ) ;
#64 = ORIENTED_EDGE ( 'NONE', *, *, #1310, .T. ) ;
#65 = ORIENTED_EDGE ( 'NONE', *, *, #1034, .F. ) ;
#66 = ORIENTED_EDGE ( 'NONE', *, *, #247, .F. ) ;
#67 = CARTESIAN_POINT ( 'NONE',  ( 0.000000000000000000, 0.8500000000000000888, 0.000000000000000000 ) ) ;
#68 = CARTESIAN_POINT ( 'NONE',  ( 0.000000000000000000, 0.1000000000000000472, -1.769000000000000128 ) ) ;
#69 = ORIENTED_EDGE ( 'NONE', *, *, #404, .T. ) ;
#70 = DIRECTION ( 'NONE',  ( 0.000000000000000000, 0.000000000000000000, 1.000000000000000000 ) ) ;
#71 = ADVANCED_FACE ( 'NONE', ( #433 ), #1077, .F. ) ;
#72 = PLANE ( 'NONE',  #827 ) ;
#73 = DIRECTION ( 'NONE',  ( 0.000000000000000000, 1.000000000000000000, 0.000000000000000000 ) ) ;
#74 =( GEOMETRIC_REPRESENTATION_CONTEXT ( 3 ) GLOBAL_UNCERTAINTY_ASSIGNED_CONTEXT ( ( #115 ) ) GLOBAL_UNIT_ASSIGNED_CONTEXT ( ( #1139, #268, #349 ) ) REPRESENTATION_CONTEXT ( 'NONE', 'WORKASPACE' ) );
#75 = VERTEX_POINT ( 'NONE', #1255 ) ;
#76 = EDGE_CURVE ( 'NONE', #850, #894, #1097, .T. ) ;
#77 = ORIENTED_EDGE ( 'NONE', *, *, #1234, .T. ) ;
#78 = DIRECTION ( 'NONE',  ( 0.000000000000000000, 1.000000000000000000, 0.000000000000000000 ) ) ;
#79 = ORIENTED_EDGE ( 'NONE', *, *, #1016, .F. ) ;
#80 = ORIENTED_EDGE ( 'NONE', *, *, #1310, .F. ) ;
#81 = CARTESIAN_POINT ( 'NONE',  ( 0.000000000000000000, 5.299999999999999822, 0.000000000000000000 ) ) ;
#82 = DIRECTION ( 'NONE',  ( 0.000000000000000000, -1.000000000000000000, 0.000000000000000000 ) ) ;
#83 = EDGE_LOOP ( 'NONE', ( #919, #31, #105, #916 ) ) ;
#84 = PLANE ( 'NONE',  #1398 ) ;
#85 = DIRECTION ( 'NONE',  ( 0.000000000000000000, 0.000000000000000000, 1.000000000000000000 ) ) ;
#86 = DIRECTION ( 'NONE',  ( 0.000000000000000000, 0.000000000000000000, 1.000000000000000000 ) ) ;
#87 = EDGE_LOOP ( 'NONE', ( #469, #950 ) ) ;
#88 = DIRECTION ( 'NONE',  ( 0.000000000000000000, 0.000000000000000000, 1.000000000000000000 ) ) ;
#89 = AXIS2_PLACEMENT_3D ( 'NONE', #648, #521, #181 ) ;
#90 = EDGE_CURVE ( 'NONE', #8, #544, #133, .T. ) ;
#91 = ORIENTED_EDGE ( 'NONE', *, *, #1171, .F. ) ;
#92 = CARTESIAN_POINT ( 'NONE',  ( 2.489015869776634471, 0.4000000000000000222, 3.309259735953051340 ) ) ;
#93 = CARTESIAN_POINT ( 'NONE',  ( 0.000000000000000000, 0.1000000000000000056, 1.270000000000000018 ) ) ;
#94 = ORIENTED_EDGE ( 'NONE', *, *, #382, .F. ) ;
#95 = ADVANCED_BREP_SHAPE_REPRESENTATION ( '2N2907', ( #1334, #1225, #981, #465, #667, #234, #727, #880 ), #1371 ) ;
#96 = SURFACE_STYLE_FILL_AREA ( #253 ) ;
#97 = DIRECTION ( 'NONE',  ( 0.000000000000000000, -1.000000000000000000, 0.000000000000000000 ) ) ;
#98 = ORIENTED_EDGE ( 'NONE', *, *, #309, .T. ) ;
#99 = ORIENTED_EDGE ( 'NONE', *, *, #404, .F. ) ;
#100 = DIRECTION ( 'NONE',  ( 0.000000000000000000, 1.000000000000000000, 0.000000000000000000 ) ) ;
#101 = ORIENTED_EDGE ( 'NONE', *, *, #494, .F. ) ;
#102 = AXIS2_PLACEMENT_3D ( 'NONE', #503, #185, #516 ) ;
#103 = DIRECTION ( 'NONE',  ( 0.000000000000000000, -1.000000000000000000, 0.000000000000000000 ) ) ;
#104 = DIRECTION ( 'NONE',  ( -0.000000000000000000, 1.000000000000000000, -0.000000000000000000 ) ) ;
#105 = ORIENTED_EDGE ( 'NONE', *, *, #61, .F. ) ;
#106 = AXIS2_PLACEMENT_3D ( 'NONE', #1022, #1118, #176 ) ;
#107 = EDGE_LOOP ( 'NONE', ( #504, #1387 ) ) ;
#108 = EDGE_CURVE ( 'NONE', #853, #910, #110, .T. ) ;
#109 = EDGE_CURVE ( 'NONE', #1324, #808, #126, .T. ) ;
#110 = LINE ( 'NONE', #406, #594 ) ;
#111 = EDGE_LOOP ( 'NONE', ( #1364, #1331, #1383, #1397 ) ) ;
#112 = CARTESIAN_POINT ( 'NONE',  ( -1.270000000000000018, -12.69999999999999929, 0.000000000000000000 ) ) ;
#113 = PLANE ( 'NONE',  #1015 ) ;
#114 = CYLINDRICAL_SURFACE ( 'NONE', #935, 0.4990000000000001101 ) ;
#115 = UNCERTAINTY_MEASURE_WITH_UNIT (LENGTH_MEASURE( 1.000000000000000082E-05 ), #1139, 'distance_accuracy_value', 'NONE');
#116 = CARTESIAN_POINT ( 'NONE',  ( 0.000000000000000000, 0.1000000000000000056, -1.270000000000000018 ) ) ;
#117 = CARTESIAN_POINT ( 'NONE',  ( 0.000000000000000000, 0.8500000000000000888, 0.000000000000000000 ) ) ;
#118 = VECTOR ( 'NONE', #166, 1000.000000000000000 ) ;
#119 = ORIENTED_EDGE ( 'NONE', *, *, #755, .F. ) ;
#120 = FILL_AREA_STYLE_COLOUR ( '', #1147 ) ;
#121 = ORIENTED_EDGE ( 'NONE', *, *, #324, .F. ) ;
#122 = PRODUCT_DEFINITION_FORMATION_WITH_SPECIFIED_SOURCE ( 'ANY', '', #687, .NOT_KNOWN. ) ;
#123 =( GEOMETRIC_REPRESENTATION_CONTEXT ( 3 ) GLOBAL_UNCERTAINTY_ASSIGNED_CONTEXT ( ( #1059 ) ) GLOBAL_UNIT_ASSIGNED_CONTEXT ( ( #62, #1078, #616 ) ) REPRESENTATION_CONTEXT ( 'NONE', 'WORKASPACE' ) );
#124 = FILL_AREA_STYLE ('',( #669 ) ) ;
#125 = DIRECTION ( 'NONE',  ( 0.000000000000000000, 0.000000000000000000, 1.000000000000000000 ) ) ;
#126 = CIRCLE ( 'NONE', #1068, 0.2449999999999999956 ) ;
#127 = AXIS2_PLACEMENT_3D ( 'NONE', #577, #221, #1275 ) ;
#128 = EDGE_CURVE ( 'NONE', #136, #922, #155, .T. ) ;
#129 = CARTESIAN_POINT ( 'NONE',  ( 0.000000000000000000, 0.000000000000000000, 0.000000000000000000 ) ) ;
#130 = ADVANCED_FACE ( 'NONE', ( #153 ), #978, .T. ) ;
#131 = CIRCLE ( 'NONE', #1020, 0.4499999999999999001 ) ;
#132 = PLANE ( 'NONE',  #1356 ) ;
#133 = LINE ( 'NONE', #92, #581 ) ;
#134 = DIRECTION ( 'NONE',  ( -1.000000000000000000, 0.000000000000000000, 0.000000000000000000 ) ) ;
#135 = CARTESIAN_POINT ( 'NONE',  ( 0.000000000000000000, 0.000000000000000000, -1.270000000000000018 ) ) ;
#136 = VERTEX_POINT ( 'NONE', #1210 ) ;
#137 =( NAMED_UNIT ( * ) PLANE_ANGLE_UNIT ( ) SI_UNIT ( $, .RADIAN. ) );
#138 = CIRCLE ( 'NONE', #15, 0.4990000000000001101 ) ;
#139 = CARTESIAN_POINT ( 'NONE',  ( -1.270000000000000018, 0.000000000000000000, 0.2450000000000001066 ) ) ;
#140 = CIRCLE ( 'NONE', #326, 0.2000000000000000944 ) ;
#141 = EDGE_LOOP ( 'NONE', ( #49, #1297, #904, #857 ) ) ;
#142 = CARTESIAN_POINT ( 'NONE',  ( 0.000000000000000000, 0.1000000000000000056, 1.270000000000000018 ) ) ;
#143 = AXIS2_PLACEMENT_3D ( 'NONE', #209, #644, #202 ) ;
#144 = DIRECTION ( 'NONE',  ( 0.000000000000000000, -1.000000000000000000, 0.000000000000000000 ) ) ;
#145 = CARTESIAN_POINT ( 'NONE',  ( 0.000000000000000000, 0.000000000000000000, -1.270000000000000018 ) ) ;
#146 = EDGE_CURVE ( 'NONE', #1323, #1377, #608, .T. ) ;
#147 = EDGE_CURVE ( 'NONE', #823, #894, #138, .T. ) ;
#148 = APPLICATION_PROTOCOL_DEFINITION ( 'draft international standard', 'automotive_design', 1998, #437 ) ;
#149 = DIRECTION ( 'NONE',  ( 0.000000000000000000, 0.000000000000000000, 1.000000000000000000 ) ) ;
#150 = VERTEX_POINT ( 'NONE', #208 ) ;
#151 = CARTESIAN_POINT ( 'NONE',  ( 2.531630830076371019, 0.4000000000000000222, 1.711386963899990121 ) ) ;
#152 = UNCERTAINTY_MEASURE_WITH_UNIT (LENGTH_MEASURE( 1.000000000000000082E-05 ), #1179, 'distance_accuracy_value', 'NONE');
#153 = FACE_OUTER_BOUND ( 'NONE', #939, .T. ) ;
#154 = DIRECTION ( 'NONE',  ( 0.000000000000000000, 1.000000000000000000, 0.000000000000000000 ) ) ;
#155 = LINE ( 'NONE', #729, #118 ) ;
#156 = SURFACE_STYLE_FILL_AREA ( #124 ) ;
#157 = DIRECTION ( 'NONE',  ( 0.000000000000000000, 0.000000000000000000, -1.000000000000000000 ) ) ;
#158 = CARTESIAN_POINT ( 'NONE',  ( -1.270000000000000018, 0.1000000000000000056, -0.4989999999999999991 ) ) ;
#159 = AXIS2_PLACEMENT_3D ( 'NONE', #804, #621, #511 ) ;
#160 = CARTESIAN_POINT ( 'NONE',  ( -1.270000000000000018, 0.000000000000000000, -0.2450000000000001066 ) ) ;
#161 = CIRCLE ( 'NONE', #427, 2.900000000000000355 ) ;
#162 = AXIS2_PLACEMENT_3D ( 'NONE', #588, #287, #1075 ) ;
#163 = DIRECTION ( 'NONE',  ( -0.000000000000000000, -1.000000000000000000, -0.000000000000000000 ) ) ;
#164 = ADVANCED_FACE ( 'NONE', ( #1063 ), #1069, .T. ) ;
#165 = DIRECTION ( 'NONE',  ( 0.000000000000000000, -0.000000000000000000, 1.000000000000000000 ) ) ;
#166 = DIRECTION ( 'NONE',  ( 0.000000000000000000, 1.000000000000000000, 0.000000000000000000 ) ) ;
#167 = VECTOR ( 'NONE', #399, 999.9999999999998863 ) ;
#168 = CARTESIAN_POINT ( 'NONE',  ( 3.000384657911015493E-17, -12.69999999999999929, -1.515000000000000124 ) ) ;
#169 = LINE ( 'NONE', #1252, #631 ) ;
#170 = DIRECTION ( 'NONE',  ( 0.000000000000000000, -1.000000000000000000, 0.000000000000000000 ) ) ;
#171 = CARTESIAN_POINT ( 'NONE',  ( 0.000000000000000000, 5.299999999999999822, 0.000000000000000000 ) ) ;
#172 = ADVANCED_FACE ( 'NONE', ( #1100 ), #114, .T. ) ;
#173 = AXIS2_PLACEMENT_3D ( 'NONE', #400, #1169, #296 ) ;
#174 = CARTESIAN_POINT ( 'NONE',  ( 1.569965607662663576, 0.4000000000000000222, 2.673052186313691347 ) ) ;
#175 = EDGE_CURVE ( 'NONE', #357, #1026, #590, .T. ) ;
#176 = DIRECTION ( 'NONE',  ( 0.000000000000000000, 0.000000000000000000, 1.000000000000000000 ) ) ;
#177 = AXIS2_PLACEMENT_3D ( 'NONE', #470, #40, #419 ) ;
#178 = CYLINDRICAL_SURFACE ( 'NONE', #493, 0.2450000000000001066 ) ;
#179 = CARTESIAN_POINT ( 'NONE',  ( -1.270000000000000018, 0.000000000000000000, 0.4989999999999999991 ) ) ;
#180 = CYLINDRICAL_SURFACE ( 'NONE', #806, 0.2000000000000000944 ) ;
#181 = DIRECTION ( 'NONE',  ( 0.000000000000000000, 0.000000000000000000, -1.000000000000000000 ) ) ;
#182 = DIRECTION ( 'NONE',  ( 0.000000000000000000, 1.000000000000000000, 0.000000000000000000 ) ) ;
#183 = FACE_OUTER_BOUND ( 'NONE', #1312, .T. ) ;
#184 = CARTESIAN_POINT ( 'NONE',  ( 0.000000000000000000, 0.1000000000000000056, -1.270000000000000018 ) ) ;
#185 = DIRECTION ( 'NONE',  ( -0.000000000000000000, 1.000000000000000000, -0.000000000000000000 ) ) ;
#186 = AXIS2_PLACEMENT_3D ( 'NONE', #948, #97, #1379 ) ;
#187 = PLANE ( 'NONE',  #720 ) ;
#188 = AXIS2_PLACEMENT_3D ( 'NONE', #1044, #73, #55 ) ;
#189 = EDGE_CURVE ( 'NONE', #866, #1091, #1074, .T. ) ;
#190 = CIRCLE ( 'NONE', #246, 2.900000000000000355 ) ;
#191 = SURFACE_STYLE_USAGE ( .BOTH. , #1401 ) ;
#192 = CIRCLE ( 'NONE', #1230, 0.4990000000000001101 ) ;
#193 = CARTESIAN_POINT ( 'NONE',  ( -1.270000000000000018, 0.1000000000000000056, 0.000000000000000000 ) ) ;
#194 = FACE_OUTER_BOUND ( 'NONE', #1304, .T. ) ;
#195 = CARTESIAN_POINT ( 'NONE',  ( 3.000384657911016356E-16, 17.52964645562817125, 2.450000000000000622 ) ) ;
#196 = DIRECTION ( 'NONE',  ( -0.000000000000000000, -1.000000000000000000, -0.000000000000000000 ) ) ;
#197 = CIRCLE ( 'NONE', #36, 0.4990000000000001101 ) ;
#198 = VECTOR ( 'NONE', #288, 1000.000000000000114 ) ;
#199 = DIRECTION ( 'NONE',  ( 0.000000000000000000, 0.000000000000000000, -1.000000000000000000 ) ) ;
#200 = EDGE_CURVE ( 'NONE', #34, #941, #1065, .T. ) ;
#201 = CARTESIAN_POINT ( 'NONE',  ( 1.468677503942491747, 0.4000000000000000222, 2.500597206551518070 ) ) ;
#202 = DIRECTION ( 'NONE',  ( -0.7071067811865439090, 0.000000000000000000, -0.7071067811865512365 ) ) ;
#203 =( LENGTH_UNIT ( ) NAMED_UNIT ( * ) SI_UNIT ( .MILLI., .METRE. ) );
#204 = DIRECTION ( 'NONE',  ( -0.000000000000000000, -1.000000000000000000, -0.000000000000000000 ) ) ;
#205 = UNCERTAINTY_MEASURE_WITH_UNIT (LENGTH_MEASURE( 1.000000000000000082E-05 ), #217, 'distance_accuracy_value', 'NONE');
#206 = CARTESIAN_POINT ( 'NONE',  ( 0.000000000000000000, 0.000000000000000000, 1.515000000000000124 ) ) ;
#207 = CARTESIAN_POINT ( 'NONE',  ( 0.000000000000000000, -12.69999999999999929, 1.270000000000000018 ) ) ;
#208 = CARTESIAN_POINT ( 'NONE',  ( 0.000000000000000000, 0.1000000000000000472, 0.7709999999999999076 ) ) ;
#209 = CARTESIAN_POINT ( 'NONE',  ( 2.489015869776634471, 0.4000000000000000222, 3.309259735953051340 ) ) ;
#210 = FACE_OUTER_BOUND ( 'NONE', #986, .T. ) ;
#211 = AXIS2_PLACEMENT_3D ( 'NONE', #1360, #1160, #507 ) ;
#212 = DIRECTION ( 'NONE',  ( 0.000000000000000000, 0.000000000000000000, 1.000000000000000000 ) ) ;
#213 =( NAMED_UNIT ( * ) SI_UNIT ( $, .STERADIAN. ) SOLID_ANGLE_UNIT ( ) );
#214 = EDGE_CURVE ( 'NONE', #412, #1045, #131, .T. ) ;
#215 = CIRCLE ( 'NONE', #527, 2.900000000000000355 ) ;
#216 = LINE ( 'NONE', #707, #681 ) ;
#217 =( LENGTH_UNIT ( ) NAMED_UNIT ( * ) SI_UNIT ( .MILLI., .METRE. ) );
#218 = DIRECTION ( 'NONE',  ( 0.000000000000000000, 1.000000000000000000, 0.000000000000000000 ) ) ;
#219 = FACE_OUTER_BOUND ( 'NONE', #942, .T. ) ;
#220 =( NAMED_UNIT ( * ) SI_UNIT ( $, .STERADIAN. ) SOLID_ANGLE_UNIT ( ) );
#221 = DIRECTION ( 'NONE',  ( 0.000000000000000000, 1.000000000000000000, 0.000000000000000000 ) ) ;
#222 = ADVANCED_FACE ( 'NONE', ( #598 ), #1084, .T. ) ;
#223 = CIRCLE ( 'NONE', #1220, 0.2449999999999999956 ) ;
#224 = DIRECTION ( 'NONE',  ( 0.000000000000000000, -0.000000000000000000, 1.000000000000000000 ) ) ;
#225 = DIRECTION ( 'NONE',  ( 0.000000000000000000, 0.000000000000000000, 1.000000000000000000 ) ) ;
#226 = DIRECTION ( 'NONE',  ( 0.000000000000000000, -0.000000000000000000, 1.000000000000000000 ) ) ;
#227 = MECHANICAL_DESIGN_GEOMETRIC_PRESENTATION_REPRESENTATION (  '', ( #1032 ), #74 ) ;
#228 = CYLINDRICAL_SURFACE ( 'NONE', #890, 0.4989999999999999991 ) ;
#229 = EDGE_CURVE ( 'NONE', #393, #1332, #140, .T. ) ;
#230 = SURFACE_STYLE_USAGE ( .BOTH. , #308 ) ;
#231 = EDGE_CURVE ( 'NONE', #819, #887, #586, .T. ) ;
#232 = DIRECTION ( 'NONE',  ( 0.000000000000000000, 0.000000000000000000, -1.000000000000000000 ) ) ;
#233 = CYLINDRICAL_SURFACE ( 'NONE', #1099, 2.450000000000000622 ) ;
#234 = MANIFOLD_SOLID_BREP ( 'Boss-Extrude5[2]', #428 ) ;
#235 = DIRECTION ( 'NONE',  ( 0.000000000000000000, 0.000000000000000000, -1.000000000000000000 ) ) ;
#236 = DIRECTION ( 'NONE',  ( 0.000000000000000000, 1.000000000000000000, 0.000000000000000000 ) ) ;
#237 = ADVANCED_FACE ( 'NONE', ( #1129 ), #1117, .T. ) ;
#238 = CARTESIAN_POINT ( 'NONE',  ( 3.309259735953034021, 0.4000000000000000222, 2.489015869776661560 ) ) ;
#239 = FACE_OUTER_BOUND ( 'NONE', #1088, .T. ) ;
#240 = CARTESIAN_POINT ( 'NONE',  ( 2.489015869776634471, 0.000000000000000000, 3.309259735953051340 ) ) ;
#241 = AXIS2_PLACEMENT_3D ( 'NONE', #459, #154, #573 ) ;
#242 = CIRCLE ( 'NONE', #545, 2.900000000000000355 ) ;
#243 = DIRECTION ( 'NONE',  ( 0.000000000000000000, 0.000000000000000000, 1.000000000000000000 ) ) ;
#244 = COLOUR_RGB ( '',0.7921568627450980005, 0.8196078431372548767, 0.9333333333333333481 ) ;
#245 = DIRECTION ( 'NONE',  ( 0.000000000000000000, 0.000000000000000000, -1.000000000000000000 ) ) ;
#246 = AXIS2_PLACEMENT_3D ( 'NONE', #617, #612, #1264 ) ;
#247 = EDGE_CURVE ( 'NONE', #925, #862, #637, .T. ) ;
#248 = FACE_OUTER_BOUND ( 'NONE', #1378, .T. ) ;
#249 = DIRECTION ( 'NONE',  ( 0.000000000000000000, -0.000000000000000000, -1.000000000000000000 ) ) ;
#250 = ADVANCED_FACE ( 'NONE', ( #624 ), #1137, .F. ) ;
#251 = DIRECTION ( 'NONE',  ( 0.000000000000000000, 0.000000000000000000, -1.000000000000000000 ) ) ;
#252 = FACE_OUTER_BOUND ( 'NONE', #1299, .T. ) ;
#253 = FILL_AREA_STYLE ('',( #374 ) ) ;
#254 = PRESENTATION_LAYER_ASSIGNMENT (  '', '', ( #1047 ) ) ;
#255 = DIRECTION ( 'NONE',  ( 0.000000000000000000, 1.000000000000000000, 0.000000000000000000 ) ) ;
#256 = ADVANCED_FACE ( 'NONE', ( #655 ), #1140, .F. ) ;
#257 = EDGE_CURVE ( 'NONE', #461, #54, #619, .T. ) ;
#258 = LINE ( 'NONE', #240, #730 ) ;
#259 = CARTESIAN_POINT ( 'NONE',  ( 0.000000000000000000, 4.800000000000000711, 0.000000000000000000 ) ) ;
#260 = SURFACE_STYLE_FILL_AREA ( #745 ) ;
#261 = CARTESIAN_POINT ( 'NONE',  ( 0.000000000000000000, 0.000000000000000000, -1.270000000000000018 ) ) ;
#262 = VECTOR ( 'NONE', #642, 1000.000000000000000 ) ;
#263 = CIRCLE ( 'NONE', #337, 0.4990000000000002212 ) ;
#264 = CARTESIAN_POINT ( 'NONE',  ( 0.000000000000000000, 0.000000000000000000, 0.7709999999999999076 ) ) ;
#265 = CARTESIAN_POINT ( 'NONE',  ( -1.270000000000000018, 0.000000000000000000, 0.000000000000000000 ) ) ;
#266 = LINE ( 'NONE', #694, #703 ) ;
#267 = CARTESIAN_POINT ( 'NONE',  ( -1.270000000000000018, 0.000000000000000000, 0.000000000000000000 ) ) ;
#268 =( NAMED_UNIT ( * ) PLANE_ANGLE_UNIT ( ) SI_UNIT ( $, .RADIAN. ) );
#269 = CIRCLE ( 'NONE', #173, 0.2450000000000001066 ) ;
#270 = AXIS2_PLACEMENT_3D ( 'NONE', #171, #182, #363 ) ;
#271 = MECHANICAL_DESIGN_GEOMETRIC_PRESENTATION_REPRESENTATION (  '', ( #613 ), #1110 ) ;
#272 = FACE_OUTER_BOUND ( 'NONE', #402, .T. ) ;
#273 = DIRECTION ( 'NONE',  ( 0.000000000000000000, 0.000000000000000000, -1.000000000000000000 ) ) ;
#274 = DIRECTION ( 'NONE',  ( 0.000000000000000000, 0.000000000000000000, 1.000000000000000000 ) ) ;
#275 = AXIS2_PLACEMENT_3D ( 'NONE', #265, #170, #711 ) ;
#276 = LINE ( 'NONE', #750, #284 ) ;
#277 = CARTESIAN_POINT ( 'NONE',  ( 0.000000000000000000, 0.000000000000000000, -1.270000000000000018 ) ) ;
#278 = AXIS2_PLACEMENT_3D ( 'NONE', #7, #995, #85 ) ;
#279 = CIRCLE ( 'NONE', #1232, 0.2000000000000000944 ) ;
#280 = EDGE_CURVE ( 'NONE', #808, #1324, #1119, .T. ) ;
#281 = DIRECTION ( 'NONE',  ( 0.000000000000000000, -0.000000000000000000, -1.000000000000000000 ) ) ;
#282 = CARTESIAN_POINT ( 'NONE',  ( 0.000000000000000000, 0.1000000000000000056, -1.270000000000000018 ) ) ;
#283 = EDGE_CURVE ( 'NONE', #376, #544, #1103, .T. ) ;
#284 = VECTOR ( 'NONE', #1261, 1000.000000000000000 ) ;
#285 = DIRECTION ( 'NONE',  ( -0.000000000000000000, 1.000000000000000000, -0.000000000000000000 ) ) ;
#286 = LINE ( 'NONE', #1311, #1221 ) ;
#287 = DIRECTION ( 'NONE',  ( 0.000000000000000000, -1.000000000000000000, 0.000000000000000000 ) ) ;
#288 = DIRECTION ( 'NONE',  ( -0.7071067811865435759, 0.000000000000000000, -0.7071067811865513475 ) ) ;
#289 = FACE_OUTER_BOUND ( 'NONE', #487, .T. ) ;
#290 = FACE_BOUND ( 'NONE', #951, .T. ) ;
#291 = AXIS2_PLACEMENT_3D ( 'NONE', #383, #1058, #923 ) ;
#292 = FILL_AREA_STYLE_COLOUR ( '', #1019 ) ;
#293 = DIRECTION ( 'NONE',  ( 0.000000000000000000, 1.000000000000000000, 0.000000000000000000 ) ) ;
#294 = FACE_OUTER_BOUND ( 'NONE', #501, .T. ) ;
#295 = AXIS2_PLACEMENT_3D ( 'NONE', #646, #822, #224 ) ;
#296 = DIRECTION ( 'NONE',  ( 0.000000000000000000, 0.000000000000000000, 1.000000000000000000 ) ) ;
#297 = EDGE_CURVE ( 'NONE', #23, #381, #161, .T. ) ;
#298 = CARTESIAN_POINT ( 'NONE',  ( 2.489015869776634471, 0.4000000000000000222, 3.309259735953051340 ) ) ;
#299 = FACE_OUTER_BOUND ( 'NONE', #550, .T. ) ;
#300 = CARTESIAN_POINT ( 'NONE',  ( 0.000000000000000000, 0.000000000000000000, 0.000000000000000000 ) ) ;
#301 = PLANE ( 'NONE',  #295 ) ;
#302 = CIRCLE ( 'NONE', #706, 0.4990000000000002212 ) ;
#303 = UNCERTAINTY_MEASURE_WITH_UNIT (LENGTH_MEASURE( 1.000000000000000082E-05 ), #21, 'distance_accuracy_value', 'NONE');
#304 = DIRECTION ( 'NONE',  ( -0.000000000000000000, -1.000000000000000000, -0.000000000000000000 ) ) ;
#305 = DIRECTION ( 'NONE',  ( 0.000000000000000000, 0.000000000000000000, -1.000000000000000000 ) ) ;
#306 = ADVANCED_FACE ( 'NONE', ( #629 ), #72, .F. ) ;
#307 = CARTESIAN_POINT ( 'NONE',  ( 3.551475717527324325E-16, 0.000000000000000000, 2.900000000000000355 ) ) ;
#308 = SURFACE_SIDE_STYLE ('',( #670 ) ) ;
#309 = EDGE_CURVE ( 'NONE', #136, #900, #627, .T. ) ;
#310 = EDGE_CURVE ( 'NONE', #886, #910, #169, .T. ) ;
#311 = CIRCLE ( 'NONE', #211, 0.4989999999999999991 ) ;
#312 = DIRECTION ( 'NONE',  ( 0.000000000000000000, 1.000000000000000000, 0.000000000000000000 ) ) ;
#313 = SURFACE_STYLE_USAGE ( .BOTH. , #912 ) ;
#314 = CIRCLE ( 'NONE', #742, 2.900000000000000355 ) ;
#315 = DIRECTION ( 'NONE',  ( 0.000000000000000000, 0.000000000000000000, -1.000000000000000000 ) ) ;
#316 = ADVANCED_FACE ( 'NONE', ( #183 ), #178, .T. ) ;
#317 = CARTESIAN_POINT ( 'NONE',  ( 0.000000000000000000, 0.000000000000000000, -1.769000000000000128 ) ) ;
#318 = UNCERTAINTY_MEASURE_WITH_UNIT (LENGTH_MEASURE( 1.000000000000000082E-05 ), #846, 'distance_accuracy_value', 'NONE');
#319 = AXIS2_PLACEMENT_3D ( 'NONE', #330, #565, #1024 ) ;
#320 = DIRECTION ( 'NONE',  ( -0.000000000000000000, -1.000000000000000000, -0.000000000000000000 ) ) ;
#321 = DIRECTION ( 'NONE',  ( -0.000000000000000000, -1.000000000000000000, -0.000000000000000000 ) ) ;
#322 = LINE ( 'NONE', #952, #785 ) ;
#323 = AXIS2_PLACEMENT_3D ( 'NONE', #142, #1298, #232 ) ;
#324 = EDGE_CURVE ( 'NONE', #11, #1295, #1122, .T. ) ;
#325 = DIRECTION ( 'NONE',  ( 0.000000000000000000, 0.000000000000000000, -1.000000000000000000 ) ) ;
#326 = AXIS2_PLACEMENT_3D ( 'NONE', #901, #442, #1127 ) ;
#327 = CYLINDRICAL_SURFACE ( 'NONE', #159, 0.4990000000000002212 ) ;
#328 = DIRECTION ( 'NONE',  ( -0.000000000000000000, -1.000000000000000000, -0.000000000000000000 ) ) ;
#329 = DIRECTION ( 'NONE',  ( 0.000000000000000000, 0.000000000000000000, -1.000000000000000000 ) ) ;
#330 = CARTESIAN_POINT ( 'NONE',  ( -1.270000000000000018, 0.000000000000000000, 0.000000000000000000 ) ) ;
#331 = VECTOR ( 'NONE', #1161, 999.9999999999998863 ) ;
#332 = CARTESIAN_POINT ( 'NONE',  ( 0.000000000000000000, 0.1000000000000000056, 1.270000000000000018 ) ) ;
#333 = DIRECTION ( 'NONE',  ( -0.000000000000000000, -1.000000000000000000, -0.000000000000000000 ) ) ;
#334 = DIRECTION ( 'NONE',  ( 0.7071067811865516806, 0.000000000000000000, -0.7071067811865434649 ) ) ;
#335 = AXIS2_PLACEMENT_3D ( 'NONE', #937, #78, #70 ) ;
#336 = ADVANCED_FACE ( 'NONE', ( #645 ), #187, .F. ) ;
#337 = AXIS2_PLACEMENT_3D ( 'NONE', #1284, #464, #325 ) ;
#338 = COLOUR_RGB ( '',0.2509803921568627416, 0.2509803921568627416, 0.2509803921568627416 ) ;
#339 = ORIENTED_EDGE ( 'NONE', *, *, #1083, .T. ) ;
#340 = ORIENTED_EDGE ( 'NONE', *, *, #310, .F. ) ;
#341 = EDGE_CURVE ( 'NONE', #1361, #1386, #190, .T. ) ;
#342 = SURFACE_SIDE_STYLE ('',( #96 ) ) ;
#343 = ORIENTED_EDGE ( 'NONE', *, *, #933, .T. ) ;
#344 = DIRECTION ( 'NONE',  ( -0.000000000000000000, -1.000000000000000000, -0.000000000000000000 ) ) ;
#345 = ORIENTED_EDGE ( 'NONE', *, *, #665, .F. ) ;
#346 = ORIENTED_EDGE ( 'NONE', *, *, #976, .T. ) ;
#347 = DIRECTION ( 'NONE',  ( 0.000000000000000000, 1.000000000000000000, 0.000000000000000000 ) ) ;
#348 = VECTOR ( 'NONE', #718, 1000.000000000000000 ) ;
#349 =( NAMED_UNIT ( * ) SI_UNIT ( $, .STERADIAN. ) SOLID_ANGLE_UNIT ( ) );
#350 = ORIENTED_EDGE ( 'NONE', *, *, #280, .T. ) ;
#351 = ORIENTED_EDGE ( 'NONE', *, *, #1237, .F. ) ;
#352 = UNCERTAINTY_MEASURE_WITH_UNIT (LENGTH_MEASURE( 1.000000000000000082E-05 ), #203, 'distance_accuracy_value', 'NONE');
#353 = FACE_OUTER_BOUND ( 'NONE', #111, .T. ) ;
#354 = PRESENTATION_LAYER_ASSIGNMENT (  '', '', ( #10 ) ) ;
#355 = DIRECTION ( 'NONE',  ( -0.000000000000000000, -1.000000000000000000, -0.000000000000000000 ) ) ;
#356 = FACE_OUTER_BOUND ( 'NONE', #1308, .T. ) ;
#357 = VERTEX_POINT ( 'NONE', #206 ) ;
#358 = AXIS2_PLACEMENT_3D ( 'NONE', #592, #602, #1227 ) ;
#359 = CARTESIAN_POINT ( 'NONE',  ( 0.000000000000000000, 0.1000000000000000056, 0.7709999999999999076 ) ) ;
#360 = EDGE_CURVE ( 'NONE', #900, #420, #216, .T. ) ;
#361 = DIRECTION ( 'NONE',  ( 0.000000000000000000, 0.000000000000000000, 1.000000000000000000 ) ) ;
#362 = CYLINDRICAL_SURFACE ( 'NONE', #1330, 0.4990000000000001101 ) ;
#363 = DIRECTION ( 'NONE',  ( 0.000000000000000000, 0.000000000000000000, 1.000000000000000000 ) ) ;
#364 = ORIENTED_EDGE ( 'NONE', *, *, #814, .T. ) ;
#365 = ORIENTED_EDGE ( 'NONE', *, *, #1234, .F. ) ;
#366 = CLOSED_SHELL ( 'NONE', ( #441, #696, #1341, #1305 ) ) ;
#367 = DIRECTION ( 'NONE',  ( 0.000000000000000000, -1.000000000000000000, 0.000000000000000000 ) ) ;
#368 = ORIENTED_EDGE ( 'NONE', *, *, #708, .F. ) ;
#369 = ORIENTED_EDGE ( 'NONE', *, *, #229, .F. ) ;
#370 = EDGE_LOOP ( 'NONE', ( #834, #371, #340, #835 ) ) ;
#371 = ORIENTED_EDGE ( 'NONE', *, *, #108, .T. ) ;
#372 = VERTEX_POINT ( 'NONE', #963 ) ;
#373 = DIRECTION ( 'NONE',  ( -0.7071067811865514585, 0.000000000000000000, 0.7071067811865436870 ) ) ;
#374 = FILL_AREA_STYLE_COLOUR ( '', #1038 ) ;
#375 = ORIENTED_EDGE ( 'NONE', *, *, #430, .T. ) ;
#376 = VERTEX_POINT ( 'NONE', #788 ) ;
#377 =( GEOMETRIC_REPRESENTATION_CONTEXT ( 3 ) GLOBAL_UNCERTAINTY_ASSIGNED_CONTEXT ( ( #318 ) ) GLOBAL_UNIT_ASSIGNED_CONTEXT ( ( #846, #1203, #213 ) ) REPRESENTATION_CONTEXT ( 'NONE', 'WORKASPACE' ) );
#378 = DIRECTION ( 'NONE',  ( 0.000000000000000000, 0.000000000000000000, -1.000000000000000000 ) ) ;
#379 = EDGE_CURVE ( 'NONE', #1366, #845, #672, .T. ) ;
#380 = ORIENTED_EDGE ( 'NONE', *, *, #452, .F. ) ;
#381 = VERTEX_POINT ( 'NONE', #1259 ) ;
#382 = EDGE_CURVE ( 'NONE', #947, #372, #684, .T. ) ;
#383 = CARTESIAN_POINT ( 'NONE',  ( 2.388061258337340122E-16, 4.800000000000000711, -1.950000000000000844 ) ) ;
#384 = ORIENTED_EDGE ( 'NONE', *, *, #892, .T. ) ;
#385 = VERTEX_POINT ( 'NONE', #1235 ) ;
#386 = DIRECTION ( 'NONE',  ( -0.7071067811865434649, 0.000000000000000000, -0.7071067811865516806 ) ) ;
#387 = ORIENTED_EDGE ( 'NONE', *, *, #651, .F. ) ;
#388 = EDGE_LOOP ( 'NONE', ( #1007, #69 ) ) ;
#389 = ORIENTED_EDGE ( 'NONE', *, *, #1016, .T. ) ;
#390 = DIRECTION ( 'NONE',  ( -0.000000000000000000, -1.000000000000000000, -0.000000000000000000 ) ) ;
#391 = ORIENTED_EDGE ( 'NONE', *, *, #1163, .F. ) ;
#392 = COLOUR_RGB ( '',0.2509803921568627416, 0.2509803921568627416, 0.2509803921568627416 ) ;
#393 = VERTEX_POINT ( 'NONE', #1061 ) ;
#394 = CYLINDRICAL_SURFACE ( 'NONE', #927, 2.900000000000000355 ) ;
#395 = PLANE ( 'NONE',  #275 ) ;
#396 = SURFACE_STYLE_FILL_AREA ( #775 ) ;
#397 = AXIS2_PLACEMENT_3D ( 'NONE', #1149, #1240, #1157 ) ;
#398 = ORIENTED_EDGE ( 'NONE', *, *, #17, .T. ) ;
#399 = DIRECTION ( 'NONE',  ( 0.7071067811865440200, -0.000000000000000000, 0.7071067811865511255 ) ) ;
#400 = CARTESIAN_POINT ( 'NONE',  ( -1.270000000000000018, 0.000000000000000000, 0.000000000000000000 ) ) ;
#401 = ORIENTED_EDGE ( 'NONE', *, *, #453, .T. ) ;
#402 = EDGE_LOOP ( 'NONE', ( #410, #398 ) ) ;
#403 = AXIS2_PLACEMENT_3D ( 'NONE', #1049, #1126, #251 ) ;
#404 = EDGE_CURVE ( 'NONE', #1026, #357, #697, .T. ) ;
#405 = EDGE_LOOP ( 'NONE', ( #1042, #375 ) ) ;
#406 = CARTESIAN_POINT ( 'NONE',  ( 2.531630830076371019, 0.4000000000000000222, 1.711386963899989899 ) ) ;
#407 = ORIENTED_EDGE ( 'NONE', *, *, #1274, .T. ) ;
#408 = DIRECTION ( 'NONE',  ( -0.000000000000000000, -1.000000000000000000, -0.000000000000000000 ) ) ;
#409 = EDGE_CURVE ( 'NONE', #877, #826, #223, .T. ) ;
#410 = ORIENTED_EDGE ( 'NONE', *, *, #247, .T. ) ;
#411 = CARTESIAN_POINT ( 'NONE',  ( 6.110987527745294996E-17, 0.1000000000000000472, -0.7709999999999999076 ) ) ;
#412 = VERTEX_POINT ( 'NONE', #641 ) ;
#413 = LINE ( 'NONE', #1328, #896 ) ;
#414 = DIRECTION ( 'NONE',  ( 0.000000000000000000, 0.000000000000000000, 1.000000000000000000 ) ) ;
#415 = DIRECTION ( 'NONE',  ( 0.000000000000000000, 1.000000000000000000, 0.000000000000000000 ) ) ;
#416 = EDGE_LOOP ( 'NONE', ( #926, #1303, #1021, #1040 ) ) ;
#417 = ORIENTED_EDGE ( 'NONE', *, *, #1138, .T. ) ;
#418 = ORIENTED_EDGE ( 'NONE', *, *, #859, .T. ) ;
#419 = DIRECTION ( 'NONE',  ( 0.000000000000000000, 0.000000000000000000, -1.000000000000000000 ) ) ;
#420 = VERTEX_POINT ( 'NONE', #139 ) ;
#421 = CARTESIAN_POINT ( 'NONE',  ( 3.309259735953034021, 0.000000000000000000, 2.489015869776661560 ) ) ;
#422 =( GEOMETRIC_REPRESENTATION_CONTEXT ( 3 ) GLOBAL_UNCERTAINTY_ASSIGNED_CONTEXT ( ( #303 ) ) GLOBAL_UNIT_ASSIGNED_CONTEXT ( ( #21, #1186, #576 ) ) REPRESENTATION_CONTEXT ( 'NONE', 'WORKASPACE' ) );
#423 = AXIS2_PLACEMENT_3D ( 'NONE', #701, #800, #492 ) ;
#424 = CARTESIAN_POINT ( 'NONE',  ( 0.000000000000000000, 1.511385135248349165, 1.270000000000000018 ) ) ;
#425 = EDGE_LOOP ( 'NONE', ( #443, #345 ) ) ;
#426 = ORIENTED_EDGE ( 'NONE', *, *, #200, .F. ) ;
#427 = AXIS2_PLACEMENT_3D ( 'NONE', #1165, #724, #414 ) ;
#428 = CLOSED_SHELL ( 'NONE', ( #1208, #316, #1025, #676 ) ) ;
#429 = ORIENTED_EDGE ( 'NONE', *, *, #1034, .T. ) ;
#430 = EDGE_CURVE ( 'NONE', #513, #850, #197, .T. ) ;
#431 = ORIENTED_EDGE ( 'NONE', *, *, #973, .T. ) ;
#432 = CARTESIAN_POINT ( 'NONE',  ( 0.000000000000000000, 0.1000000000000000056, -1.270000000000000018 ) ) ;
#433 = FACE_OUTER_BOUND ( 'NONE', #992, .T. ) ;
#434 = CYLINDRICAL_SURFACE ( 'NONE', #447, 0.4990000000000001101 ) ;
#435 = CARTESIAN_POINT ( 'NONE',  ( 0.000000000000000000, 0.000000000000000000, 1.270000000000000018 ) ) ;
#436 = FACE_OUTER_BOUND ( 'NONE', #1033, .T. ) ;
#437 = APPLICATION_CONTEXT ( 'automotive_design' ) ;
#438 = DIRECTION ( 'NONE',  ( 0.000000000000000000, 1.000000000000000000, 0.000000000000000000 ) ) ;
#439 = ORIENTED_EDGE ( 'NONE', *, *, #257, .F. ) ;
#440 = EDGE_LOOP ( 'NONE', ( #1004, #538, #977, #1283 ) ) ;
#441 = ADVANCED_FACE ( 'NONE', ( #688 ), #228, .T. ) ;
#442 = DIRECTION ( 'NONE',  ( 0.000000000000000000, 1.000000000000000000, 0.000000000000000000 ) ) ;
#443 = ORIENTED_EDGE ( 'NONE', *, *, #593, .F. ) ;
#444 = DIRECTION ( 'NONE',  ( 0.7071067811865516806, 0.000000000000000000, -0.7071067811865434649 ) ) ;
#445 = VECTOR ( 'NONE', #408, 1000.000000000000000 ) ;
#446 = EDGE_LOOP ( 'NONE', ( #79, #974, #929, #77 ) ) ;
#447 = AXIS2_PLACEMENT_3D ( 'NONE', #1224, #609, #273 ) ;
#448 = ORIENTED_EDGE ( 'NONE', *, *, #595, .F. ) ;
#449 = CARTESIAN_POINT ( 'NONE',  ( 1.569965607662663576, 0.000000000000000000, 2.673052186313691347 ) ) ;
#450 = ORIENTED_EDGE ( 'NONE', *, *, #200, .T. ) ;
#451 = ADVANCED_FACE ( 'NONE', ( #1166 ), #233, .T. ) ;
#452 = EDGE_CURVE ( 'NONE', #826, #877, #700, .T. ) ;
#453 = EDGE_CURVE ( 'NONE', #887, #1314, #702, .T. ) ;
#454 = CARTESIAN_POINT ( 'NONE',  ( -1.270000000000000018, 0.1000000000000000056, 0.4989999999999999991 ) ) ;
#455 = ORIENTED_EDGE ( 'NONE', *, *, #914, .T. ) ;
#456 = VERTEX_POINT ( 'NONE', #557 ) ;
#457 = DIRECTION ( 'NONE',  ( 0.000000000000000000, 0.000000000000000000, -1.000000000000000000 ) ) ;
#458 = ORIENTED_EDGE ( 'NONE', *, *, #1191, .T. ) ;
#459 = CARTESIAN_POINT ( 'NONE',  ( -1.270000000000000018, 0.000000000000000000, 0.000000000000000000 ) ) ;
#460 = ADVANCED_FACE ( 'NONE', ( #239 ), #666, .F. ) ;
#461 = VERTEX_POINT ( 'NONE', #2 ) ;
#462 = ORIENTED_EDGE ( 'NONE', *, *, #1404, .T. ) ;
#463 = CIRCLE ( 'NONE', #556, 0.5000000000000000000 ) ;
#464 = DIRECTION ( 'NONE',  ( 0.000000000000000000, -1.000000000000000000, 0.000000000000000000 ) ) ;
#465 = MANIFOLD_SOLID_BREP ( 'Boss-Extrude4[3]', #597 ) ;
#466 = ORIENTED_EDGE ( 'NONE', *, *, #933, .F. ) ;
#467 = CIRCLE ( 'NONE', #1185, 2.450000000000000622 ) ;
#468 = DIRECTION ( 'NONE',  ( 0.000000000000000000, 0.000000000000000000, -1.000000000000000000 ) ) ;
#469 = ORIENTED_EDGE ( 'NONE', *, *, #324, .T. ) ;
#470 = CARTESIAN_POINT ( 'NONE',  ( 0.000000000000000000, 0.000000000000000000, 1.270000000000000018 ) ) ;
#471 = ORIENTED_EDGE ( 'NONE', *, *, #229, .T. ) ;
#472 =( NAMED_UNIT ( * ) SI_UNIT ( $, .STERADIAN. ) SOLID_ANGLE_UNIT ( ) );
#473 = AXIS2_PLACEMENT_3D ( 'NONE', #693, #1156, #1243 ) ;
#474 = ADVANCED_FACE ( 'NONE', ( #1190 ), #741, .T. ) ;
#475 = DIRECTION ( 'NONE',  ( 0.000000000000000000, -1.000000000000000000, 0.000000000000000000 ) ) ;
#476 = ORIENTED_EDGE ( 'NONE', *, *, #1155, .F. ) ;
#477 = EDGE_CURVE ( 'NONE', #26, #1361, #1183, .T. ) ;
#478 = ORIENTED_EDGE ( 'NONE', *, *, #409, .F. ) ;
#479 = CARTESIAN_POINT ( 'NONE',  ( 2.500597206551507856, 0.000000000000000000, 1.468677503942508178 ) ) ;
#480 = CARTESIAN_POINT ( 'NONE',  ( -1.270000000000000018, 0.1000000000000000056, 0.000000000000000000 ) ) ;
#481 = ORIENTED_EDGE ( 'NONE', *, *, #61, .T. ) ;
#482 = FACE_OUTER_BOUND ( 'NONE', #1402, .T. ) ;
#483 = PRESENTATION_STYLE_ASSIGNMENT (( #625 ) ) ;
#484 = FILL_AREA_STYLE_COLOUR ( '', #392 ) ;
#485 = ORIENTED_EDGE ( 'NONE', *, *, #1086, .T. ) ;
#486 = DIRECTION ( 'NONE',  ( -0.000000000000000000, -1.000000000000000000, -0.000000000000000000 ) ) ;
#487 = EDGE_LOOP ( 'NONE', ( #1342, #66, #1307, #603 ) ) ;
#488 = ADVANCED_FACE ( 'NONE', ( #252 ), #1216, .T. ) ;
#489 = ORIENTED_EDGE ( 'NONE', *, *, #128, .T. ) ;
#490 = CYLINDRICAL_SURFACE ( 'NONE', #623, 0.2000000000000000944 ) ;
#491 = ORIENTED_EDGE ( 'NONE', *, *, #1083, .F. ) ;
#492 = DIRECTION ( 'NONE',  ( 0.000000000000000000, 0.000000000000000000, 1.000000000000000000 ) ) ;
#493 = AXIS2_PLACEMENT_3D ( 'NONE', #112, #1368, #928 ) ;
#494 = EDGE_CURVE ( 'NONE', #886, #1393, #712, .T. ) ;
#495 = ORIENTED_EDGE ( 'NONE', *, *, #1138, .F. ) ;
#496 = AXIS2_PLACEMENT_3D ( 'NONE', #771, #907, #1037 ) ;
#497 = DIRECTION ( 'NONE',  ( 0.000000000000000000, 1.000000000000000000, 0.000000000000000000 ) ) ;
#498 = EDGE_LOOP ( 'NONE', ( #515, #549, #30, #570 ) ) ;
#499 = DIRECTION ( 'NONE',  ( 0.000000000000000000, 1.000000000000000000, 0.000000000000000000 ) ) ;
#500 = ORIENTED_EDGE ( 'NONE', *, *, #1206, .T. ) ;
#501 = EDGE_LOOP ( 'NONE', ( #872, #964, #828, #820 ) ) ;
#502 = ORIENTED_EDGE ( 'NONE', *, *, #108, .F. ) ;
#503 = CARTESIAN_POINT ( 'NONE',  ( 0.000000000000000000, 0.1000000000000000472, 1.270000000000000018 ) ) ;
#504 = ORIENTED_EDGE ( 'NONE', *, *, #257, .T. ) ;
#505 = FACE_OUTER_BOUND ( 'NONE', #1073, .T. ) ;
#506 = DIRECTION ( 'NONE',  ( 0.7071067811865435759, 0.000000000000000000, 0.7071067811865513475 ) ) ;
#507 = DIRECTION ( 'NONE',  ( 0.000000000000000000, 0.000000000000000000, -1.000000000000000000 ) ) ;
#508 = CLOSED_SHELL ( 'NONE', ( #164, #488, #881, #715 ) ) ;
#509 = ORIENTED_EDGE ( 'NONE', *, *, #128, .F. ) ;
#510 = AXIS2_PLACEMENT_3D ( 'NONE', #1092, #1173, #1268 ) ;
#511 = DIRECTION ( 'NONE',  ( 0.000000000000000000, 0.000000000000000000, -1.000000000000000000 ) ) ;
#512 = EDGE_LOOP ( 'NONE', ( #1036, #101, #495, #558 ) ) ;
#513 = VERTEX_POINT ( 'NONE', #411 ) ;
#514 = MECHANICAL_DESIGN_GEOMETRIC_PRESENTATION_REPRESENTATION (  '', ( #1121 ), #377 ) ;
#515 = ORIENTED_EDGE ( 'NONE', *, *, #409, .T. ) ;
#516 = DIRECTION ( 'NONE',  ( 0.000000000000000000, 0.000000000000000000, -1.000000000000000000 ) ) ;
#517 = EDGE_CURVE ( 'NONE', #376, #393, #1199, .T. ) ;
#518 = EDGE_LOOP ( 'NONE', ( #481, #1313 ) ) ;
#519 = ORIENTED_EDGE ( 'NONE', *, *, #189, .F. ) ;
#520 = VECTOR ( 'NONE', #1143, 1000.000000000000000 ) ;
#521 = DIRECTION ( 'NONE',  ( -0.000000000000000000, -1.000000000000000000, -0.000000000000000000 ) ) ;
#522 = DIRECTION ( 'NONE',  ( -0.000000000000000000, -1.000000000000000000, -0.000000000000000000 ) ) ;
#523 = EDGE_LOOP ( 'NONE', ( #365, #1292, #339, #426 ) ) ;
#524 = ORIENTED_EDGE ( 'NONE', *, *, #708, .T. ) ;
#525 = DIRECTION ( 'NONE',  ( 0.000000000000000000, 0.000000000000000000, 1.000000000000000000 ) ) ;
#526 = DIRECTION ( 'NONE',  ( 0.000000000000000000, -1.000000000000000000, 0.000000000000000000 ) ) ;
#527 = AXIS2_PLACEMENT_3D ( 'NONE', #41, #1198, #763 ) ;
#528 = DIRECTION ( 'NONE',  ( 0.000000000000000000, -1.000000000000000000, 0.000000000000000000 ) ) ;
#529 = FILL_AREA_STYLE_COLOUR ( '', #338 ) ;
#530 = EDGE_LOOP ( 'NONE', ( #841, #844, #1335, #878 ) ) ;
#531 = AXIS2_PLACEMENT_3D ( 'NONE', #27, #144, #235 ) ;
#532 = ORIENTED_EDGE ( 'NONE', *, *, #639, .F. ) ;
#533 = EDGE_CURVE ( 'NONE', #1091, #866, #263, .T. ) ;
#534 = CARTESIAN_POINT ( 'NONE',  ( -1.270000000000000018, 0.1000000000000000472, 0.000000000000000000 ) ) ;
#535 = PRODUCT_DEFINITION_CONTEXT ( 'detailed design', #437, 'design' ) ;
#536 = ORIENTED_EDGE ( 'NONE', *, *, #1336, .F. ) ;
#537 = DIRECTION ( 'NONE',  ( 0.000000000000000000, 1.000000000000000000, 0.000000000000000000 ) ) ;
#538 = ORIENTED_EDGE ( 'NONE', *, *, #580, .T. ) ;
#539 = PRESENTATION_STYLE_ASSIGNMENT (( #734 ) ) ;
#540 = DIRECTION ( 'NONE',  ( -1.000000000000000000, 0.000000000000000000, 0.000000000000000000 ) ) ;
#541 = DIRECTION ( 'NONE',  ( 0.000000000000000000, 1.000000000000000000, 0.000000000000000000 ) ) ;
#542 = ORIENTED_EDGE ( 'NONE', *, *, #1052, .F. ) ;
#543 = DIRECTION ( 'NONE',  ( 0.000000000000000000, 1.000000000000000000, 0.000000000000000000 ) ) ;
#544 = VERTEX_POINT ( 'NONE', #830 ) ;
#545 = AXIS2_PLACEMENT_3D ( 'NONE', #129, #438, #758 ) ;
#546 = DIRECTION ( 'NONE',  ( 0.000000000000000000, -1.000000000000000000, 0.000000000000000000 ) ) ;
#547 = ORIENTED_EDGE ( 'NONE', *, *, #1223, .F. ) ;
#548 = AXIS2_PLACEMENT_3D ( 'NONE', #67, #499, #605 ) ;
#549 = ORIENTED_EDGE ( 'NONE', *, *, #1171, .T. ) ;
#550 = EDGE_LOOP ( 'NONE', ( #897, #364, #32, #805, #810, #346, #417 ) ) ;
#551 = EDGE_LOOP ( 'NONE', ( #1014, #350 ) ) ;
#552 = CARTESIAN_POINT ( 'NONE',  ( 0.000000000000000000, 1.511385135248349165, -1.270000000000000018 ) ) ;
#553 = DIRECTION ( 'NONE',  ( 0.000000000000000000, 0.000000000000000000, 1.000000000000000000 ) ) ;
#554 = ADVANCED_FACE ( 'NONE', ( #290, #728, #1236, #760 ), #1188, .F. ) ;
#555 = ORIENTED_EDGE ( 'NONE', *, *, #814, .F. ) ;
#556 = AXIS2_PLACEMENT_3D ( 'NONE', #843, #540, #660 ) ;
#557 = CARTESIAN_POINT ( 'NONE',  ( 0.000000000000000000, -12.69999999999999929, -1.025000000000000133 ) ) ;
#558 = ORIENTED_EDGE ( 'NONE', *, *, #90, .T. ) ;
#559 = AXIS2_PLACEMENT_3D ( 'NONE', #652, #33, #315 ) ;
#560 = DIRECTION ( 'NONE',  ( 0.000000000000000000, -1.000000000000000000, 0.000000000000000000 ) ) ;
#561 = ORIENTED_EDGE ( 'NONE', *, *, #756, .T. ) ;
#562 = EDGE_CURVE ( 'NONE', #1386, #1332, #242, .T. ) ;
#563 = AXIS2_PLACEMENT_3D ( 'NONE', #1172, #779, #281 ) ;
#564 = SURFACE_STYLE_USAGE ( .BOTH. , #838 ) ;
#565 = DIRECTION ( 'NONE',  ( 0.000000000000000000, -1.000000000000000000, 0.000000000000000000 ) ) ;
#566 = ORIENTED_EDGE ( 'NONE', *, *, #1155, .T. ) ;
#567 = ADVANCED_FACE ( 'NONE', ( #1204 ), #733, .T. ) ;
#568 = ORIENTED_EDGE ( 'NONE', *, *, #639, .T. ) ;
#569 = DIRECTION ( 'NONE',  ( 0.000000000000000000, 0.000000000000000000, -1.000000000000000000 ) ) ;
#570 = ORIENTED_EDGE ( 'NONE', *, *, #756, .F. ) ;
#571 = CARTESIAN_POINT ( 'NONE',  ( 0.000000000000000000, 0.1000000000000000056, 1.270000000000000018 ) ) ;
#572 = ORIENTED_EDGE ( 'NONE', *, *, #1262, .F. ) ;
#573 = DIRECTION ( 'NONE',  ( 0.000000000000000000, 0.000000000000000000, 1.000000000000000000 ) ) ;
#574 = SHAPE_DEFINITION_REPRESENTATION ( #875, #95 ) ;
#575 = EDGE_LOOP ( 'NONE', ( #391, #1363, #401, #1405 ) ) ;
#576 =( NAMED_UNIT ( * ) SI_UNIT ( $, .STERADIAN. ) SOLID_ANGLE_UNIT ( ) );
#577 = CARTESIAN_POINT ( 'NONE',  ( 0.000000000000000000, 0.000000000000000000, 0.000000000000000000 ) ) ;
#578 = PRESENTATION_STYLE_ASSIGNMENT (( #1062 ) ) ;
#579 = AXIS2_PLACEMENT_3D ( 'NONE', #1081, #704, #199 ) ;
#580 = EDGE_CURVE ( 'NONE', #1377, #376, #737, .T. ) ;
#581 = VECTOR ( 'NONE', #682, 1000.000000000000000 ) ;
#582 = DIRECTION ( 'NONE',  ( 1.000000000000000000, -0.000000000000000000, 1.224646799147353207E-16 ) ) ;
#583 = VECTOR ( 'NONE', #528, 1000.000000000000000 ) ;
#584 = DIRECTION ( 'NONE',  ( 0.000000000000000000, 1.000000000000000000, 0.000000000000000000 ) ) ;
#585 = ORIENTED_EDGE ( 'NONE', *, *, #1136, .F. ) ;
#586 = CIRCLE ( 'NONE', #998, 0.4990000000000001101 ) ;
#587 = DIRECTION ( 'NONE',  ( 0.000000000000000000, 1.000000000000000000, 0.000000000000000000 ) ) ;
#588 = CARTESIAN_POINT ( 'NONE',  ( 0.000000000000000000, 0.000000000000000000, 1.270000000000000018 ) ) ;
#589 = EDGE_LOOP ( 'NONE', ( #1098, #809, #585, #1391 ) ) ;
#590 = CIRCLE ( 'NONE', #723, 0.2449999999999999956 ) ;
#591 = DIRECTION ( 'NONE',  ( 0.000000000000000000, -0.000000000000000000, -1.000000000000000000 ) ) ;
#592 = CARTESIAN_POINT ( 'NONE',  ( 0.000000000000000000, -12.69999999999999929, -1.270000000000000018 ) ) ;
#593 = EDGE_CURVE ( 'NONE', #456, #842, #774, .T. ) ;
#594 = VECTOR ( 'NONE', #630, 1000.000000000000000 ) ;
#595 = EDGE_CURVE ( 'NONE', #75, #1314, #794, .T. ) ;
#596 = DIRECTION ( 'NONE',  ( 0.000000000000000000, -0.000000000000000000, 1.000000000000000000 ) ) ;
#597 = CLOSED_SHELL ( 'NONE', ( #474, #962, #1218, #48 ) ) ;
#598 = FACE_OUTER_BOUND ( 'NONE', #1369, .T. ) ;
#599 = CARTESIAN_POINT ( 'NONE',  ( 6.110987527745296229E-17, 0.1000000000000000056, 1.769000000000000128 ) ) ;
#600 = COLOUR_RGB ( '',0.7921568627450980005, 0.8196078431372548767, 0.9333333333333333481 ) ;
#601 = DIRECTION ( 'NONE',  ( -0.7071067811865435759, 0.000000000000000000, -0.7071067811865513475 ) ) ;
#602 = DIRECTION ( 'NONE',  ( 0.000000000000000000, 1.000000000000000000, 0.000000000000000000 ) ) ;
#603 = ORIENTED_EDGE ( 'NONE', *, *, #1223, .T. ) ;
#604 = FACE_OUTER_BOUND ( 'NONE', #440, .T. ) ;
#605 = DIRECTION ( 'NONE',  ( 0.000000000000000000, 0.000000000000000000, 1.000000000000000000 ) ) ;
#606 = CARTESIAN_POINT ( 'NONE',  ( 2.500597206551508300, 0.4000000000000000222, 1.468677503942508622 ) ) ;
#607 = STYLED_ITEM ( 'NONE', ( #483 ), #1334 ) ;
#608 = CIRCLE ( 'NONE', #1290, 0.2000000000000000944 ) ;
#609 = DIRECTION ( 'NONE',  ( 0.000000000000000000, -1.000000000000000000, 0.000000000000000000 ) ) ;
#610 = AXIS2_PLACEMENT_3D ( 'NONE', #267, #628, #1090 ) ;
#611 = EDGE_CURVE ( 'NONE', #1295, #11, #311, .T. ) ;
#612 = DIRECTION ( 'NONE',  ( 0.000000000000000000, 1.000000000000000000, 0.000000000000000000 ) ) ;
#613 = STYLED_ITEM ( 'NONE', ( #1087 ), #234 ) ;
#614 = ORIENTED_EDGE ( 'NONE', *, *, #1250, .T. ) ;
#615 = FILL_AREA_STYLE ('',( #529 ) ) ;
#616 =( NAMED_UNIT ( * ) SI_UNIT ( $, .STERADIAN. ) SOLID_ANGLE_UNIT ( ) );
#617 = CARTESIAN_POINT ( 'NONE',  ( 0.000000000000000000, 0.000000000000000000, 0.000000000000000000 ) ) ;
#618 = CARTESIAN_POINT ( 'NONE',  ( -1.270000000000000018, 0.000000000000000000, 0.000000000000000000 ) ) ;
#619 = CIRCLE ( 'NONE', #1333, 1.950000000000000844 ) ;
#620 = AXIS2_PLACEMENT_3D ( 'NONE', #52, #163, #855 ) ;
#621 = DIRECTION ( 'NONE',  ( 0.000000000000000000, -1.000000000000000000, 0.000000000000000000 ) ) ;
#622 = ADVANCED_FACE ( 'NONE', ( #798 ), #1146, .T. ) ;
#623 = AXIS2_PLACEMENT_3D ( 'NONE', #1347, #1318, #776 ) ;
#624 = FACE_OUTER_BOUND ( 'NONE', #575, .T. ) ;
#625 = SURFACE_STYLE_USAGE ( .BOTH. , #1164 ) ;
#626 = EDGE_CURVE ( 'NONE', #60, #1055, #1258, .T. ) ;
#627 = CIRCLE ( 'NONE', #1189, 0.2450000000000001066 ) ;
#628 = DIRECTION ( 'NONE',  ( 0.000000000000000000, -1.000000000000000000, 0.000000000000000000 ) ) ;
#629 = FACE_OUTER_BOUND ( 'NONE', #512, .T. ) ;
#630 = DIRECTION ( 'NONE',  ( 0.000000000000000000, 1.000000000000000000, 0.000000000000000000 ) ) ;
#631 = VECTOR ( 'NONE', #601, 1000.000000000000114 ) ;
#632 = CARTESIAN_POINT ( 'NONE',  ( -1.270000000000000018, 0.000000000000000000, -0.4989999999999999991 ) ) ;
#633 = AXIS2_PLACEMENT_3D ( 'NONE', #1182, #218, #553 ) ;
#634 = VECTOR ( 'NONE', #958, 1000.000000000000000 ) ;
#635 = DIRECTION ( 'NONE',  ( 0.000000000000000000, 0.000000000000000000, 1.000000000000000000 ) ) ;
#636 = CARTESIAN_POINT ( 'NONE',  ( 3.000384657911015493E-17, 0.000000000000000000, 1.025000000000000133 ) ) ;
#637 = CIRCLE ( 'NONE', #531, 0.4989999999999999991 ) ;
#638 = PRESENTATION_LAYER_ASSIGNMENT (  '', '', ( #1121 ) ) ;
#639 = EDGE_CURVE ( 'NONE', #381, #1045, #314, .T. ) ;
#640 = SURFACE_SIDE_STYLE ('',( #53 ) ) ;
#641 = CARTESIAN_POINT ( 'NONE',  ( 0.000000000000000000, 0.8500000000000000888, -2.450000000000000622 ) ) ;
#642 = DIRECTION ( 'NONE',  ( -0.000000000000000000, -1.000000000000000000, -0.000000000000000000 ) ) ;
#643 = DIRECTION ( 'NONE',  ( 0.000000000000000000, 0.000000000000000000, -1.000000000000000000 ) ) ;
#644 = DIRECTION ( 'NONE',  ( 0.7071067811865512365, 0.000000000000000000, -0.7071067811865439090 ) ) ;
#645 = FACE_OUTER_BOUND ( 'NONE', #370, .T. ) ;
#646 = CARTESIAN_POINT ( 'NONE',  ( 0.000000000000000000, 0.4000000000000000222, 0.000000000000000000 ) ) ;
#647 = AXIS2_PLACEMENT_3D ( 'NONE', #300, #895, #1109 ) ;
#648 = CARTESIAN_POINT ( 'NONE',  ( 0.000000000000000000, 0.1000000000000000056, 1.270000000000000018 ) ) ;
#649 = DIRECTION ( 'NONE',  ( 0.000000000000000000, 0.000000000000000000, -1.000000000000000000 ) ) ;
#650 = AXIS2_PLACEMENT_3D ( 'NONE', #432, #320, #457 ) ;
#651 = EDGE_CURVE ( 'NONE', #385, #60, #322, .T. ) ;
#652 = CARTESIAN_POINT ( 'NONE',  ( 0.000000000000000000, 0.4000000000000000222, 0.000000000000000000 ) ) ;
#653 = FACE_OUTER_BOUND ( 'NONE', #42, .T. ) ;
#654 = DIRECTION ( 'NONE',  ( 0.000000000000000000, -0.000000000000000000, -1.000000000000000000 ) ) ;
#655 = FACE_OUTER_BOUND ( 'NONE', #141, .T. ) ;
#656 = CARTESIAN_POINT ( 'NONE',  ( 0.000000000000000000, 5.299999999999999822, 0.000000000000000000 ) ) ;
#657 = LINE ( 'NONE', #3, #1151 ) ;
#658 = ADVANCED_FACE ( 'NONE', ( #1345 ), #1130, .T. ) ;
#659 = AXIS2_PLACEMENT_3D ( 'NONE', #685, #770, #245 ) ;
#660 = DIRECTION ( 'NONE',  ( 0.000000000000000000, 0.000000000000000000, 1.000000000000000000 ) ) ;
#661 = DIRECTION ( 'NONE',  ( 0.000000000000000000, 0.000000000000000000, -1.000000000000000000 ) ) ;
#662 = AXIS2_PLACEMENT_3D ( 'NONE', #690, #344, #1142 ) ;
#663 = DIRECTION ( 'NONE',  ( 0.000000000000000000, 1.000000000000000000, 0.000000000000000000 ) ) ;
#664 = ADVANCED_FACE ( 'NONE', ( #356 ), #490, .F. ) ;
#665 = EDGE_CURVE ( 'NONE', #842, #456, #1043, .T. ) ;
#666 = TOROIDAL_SURFACE ( 'NONE', #1403, 2.900000000000000799, 0.4500000000000000111 ) ;
#667 = MANIFOLD_SOLID_BREP ( 'Boss-Extrude5[1]', #508 ) ;
#668 = EDGE_CURVE ( 'NONE', #862, #882, #266, .T. ) ;
#669 = FILL_AREA_STYLE_COLOUR ( '', #600 ) ;
#670 = SURFACE_STYLE_FILL_AREA ( #744 ) ;
#671 = CIRCLE ( 'NONE', #1094, 0.4990000000000001101 ) ;
#672 = CIRCLE ( 'NONE', #579, 0.4990000000000002212 ) ;
#673 = PLANE ( 'NONE',  #1271 ) ;
#674 = DIRECTION ( 'NONE',  ( 1.224646799147353454E-16, 0.000000000000000000, -1.000000000000000000 ) ) ;
#675 = CARTESIAN_POINT ( 'NONE',  ( 1.569965607662663576, 0.4000000000000000222, 2.673052186313691347 ) ) ;
#676 = ADVANCED_FACE ( 'NONE', ( #248 ), #789, .T. ) ;
#677 = VECTOR ( 'NONE', #444, 1000.000000000000000 ) ;
#678 = MECHANICAL_DESIGN_GEOMETRIC_PRESENTATION_REPRESENTATION (  '', ( #607 ), #123 ) ;
#679 = DIRECTION ( 'NONE',  ( 0.000000000000000000, 0.000000000000000000, 1.000000000000000000 ) ) ;
#680 = AXIS2_PLACEMENT_3D ( 'NONE', #801, #1072, #1306 ) ;
#681 = VECTOR ( 'NONE', #811, 1000.000000000000000 ) ;
#682 = DIRECTION ( 'NONE',  ( -0.000000000000000000, -1.000000000000000000, -0.000000000000000000 ) ) ;
#683 = CARTESIAN_POINT ( 'NONE',  ( 2.531630830076371019, 0.000000000000000000, 1.711386963899990121 ) ) ;
#684 = CIRCLE ( 'NONE', #1376, 0.4989999999999999991 ) ;
#685 = CARTESIAN_POINT ( 'NONE',  ( 0.000000000000000000, 0.4000000000000000222, 0.000000000000000000 ) ) ;
#686 = CIRCLE ( 'NONE', #397, 2.900000000000000355 ) ;
#687 = PRODUCT ( '2N2907', '2N2907', '', ( #748 ) ) ;
#688 = FACE_OUTER_BOUND ( 'NONE', #1350, .T. ) ;
#689 = VECTOR ( 'NONE', #321, 1000.000000000000000 ) ;
#690 = CARTESIAN_POINT ( 'NONE',  ( 2.673052186313681133, 0.4000000000000000222, 1.569965607662681339 ) ) ;
#691 = PRODUCT_RELATED_PRODUCT_CATEGORY ( 'part', '', ( #687 ) ) ;
#692 = PLANE ( 'NONE',  #186 ) ;
#693 = CARTESIAN_POINT ( 'NONE',  ( 0.000000000000000000, 0.000000000000000000, 1.270000000000000018 ) ) ;
#694 = CARTESIAN_POINT ( 'NONE',  ( -1.270000000000000018, 0.1000000000000000056, 0.4989999999999999991 ) ) ;
#695 = EDGE_CURVE ( 'NONE', #54, #461, #717, .T. ) ;
#696 = ADVANCED_FACE ( 'NONE', ( #1202 ), #726, .T. ) ;
#697 = CIRCLE ( 'NONE', #473, 0.2449999999999999956 ) ;
#698 = EDGE_CURVE ( 'NONE', #882, #1353, #1209, .T. ) ;
#699 = CARTESIAN_POINT ( 'NONE',  ( 0.000000000000000000, -12.69999999999999929, 1.515000000000000124 ) ) ;
#700 = CIRCLE ( 'NONE', #931, 0.2449999999999999956 ) ;
#701 = CARTESIAN_POINT ( 'NONE',  ( -1.270000000000000018, -12.69999999999999929, 0.000000000000000000 ) ) ;
#702 = LINE ( 'NONE', #1006, #1174 ) ;
#703 = VECTOR ( 'NONE', #522, 1000.000000000000000 ) ;
#704 = DIRECTION ( 'NONE',  ( 0.000000000000000000, -1.000000000000000000, 0.000000000000000000 ) ) ;
#705 = DIRECTION ( 'NONE',  ( 0.000000000000000000, -0.000000000000000000, -1.000000000000000000 ) ) ;
#706 = AXIS2_PLACEMENT_3D ( 'NONE', #767, #898, #1030 ) ;
#707 = CARTESIAN_POINT ( 'NONE',  ( -1.270000000000000018, -12.69999999999999929, 0.2450000000000001066 ) ) ;
#708 = EDGE_CURVE ( 'NONE', #456, #1324, #719, .T. ) ;
#709 = DIRECTION ( 'NONE',  ( 0.000000000000000000, -0.000000000000000000, 1.000000000000000000 ) ) ;
#710 = CARTESIAN_POINT ( 'NONE',  ( 0.000000000000000000, 0.000000000000000000, 0.7709999999999999076 ) ) ;
#711 = DIRECTION ( 'NONE',  ( 0.000000000000000000, -0.000000000000000000, -1.000000000000000000 ) ) ;
#712 = LINE ( 'NONE', #238, #1196 ) ;
#713 = DIRECTION ( 'NONE',  ( 0.000000000000000000, 1.000000000000000000, 0.000000000000000000 ) ) ;
#714 = SURFACE_SIDE_STYLE ('',( #260 ) ) ;
#715 = ADVANCED_FACE ( 'NONE', ( #1177 ), #132, .T. ) ;
#716 = CARTESIAN_POINT ( 'NONE',  ( 0.000000000000000000, 0.000000000000000000, -1.270000000000000018 ) ) ;
#717 = CIRCLE ( 'NONE', #270, 1.950000000000000844 ) ;
#718 = DIRECTION ( 'NONE',  ( -0.000000000000000000, -1.000000000000000000, -0.000000000000000000 ) ) ;
#719 = LINE ( 'NONE', #1254, #1176 ) ;
#720 = AXIS2_PLACEMENT_3D ( 'NONE', #793, #373, #506 ) ;
#721 = CARTESIAN_POINT ( 'NONE',  ( 1.711386963899973912, 0.4000000000000000222, 2.531630830076382566 ) ) ;
#722 = EDGE_CURVE ( 'NONE', #849, #412, #1187, .T. ) ;
#723 = AXIS2_PLACEMENT_3D ( 'NONE', #1400, #1031, #888 ) ;
#724 = DIRECTION ( 'NONE',  ( 0.000000000000000000, 1.000000000000000000, 0.000000000000000000 ) ) ;
#725 = CARTESIAN_POINT ( 'NONE',  ( 0.000000000000000000, 17.52964645562817125, -2.450000000000000622 ) ) ;
#726 = CYLINDRICAL_SURFACE ( 'NONE', #680, 0.4989999999999999991 ) ;
#727 = MANIFOLD_SOLID_BREP ( 'Boss-Extrude5[3]', #1351 ) ;
#728 = FACE_BOUND ( 'NONE', #1340, .T. ) ;
#729 = CARTESIAN_POINT ( 'NONE',  ( -1.270000000000000018, -12.69999999999999929, -0.2450000000000001066 ) ) ;
#730 = VECTOR ( 'NONE', #334, 1000.000000000000000 ) ;
#731 = ADVANCED_FACE ( 'NONE', ( #299 ), #301, .T. ) ;
#732 = CARTESIAN_POINT ( 'NONE',  ( 1.569965607662663576, 0.4000000000000000222, 2.473052186313691170 ) ) ;
#733 = CYLINDRICAL_SURFACE ( 'NONE', #559, 2.900000000000000355 ) ;
#734 = SURFACE_STYLE_USAGE ( .BOTH. , #640 ) ;
#735 = DIRECTION ( 'NONE',  ( 0.000000000000000000, 0.000000000000000000, 1.000000000000000000 ) ) ;
#736 = VECTOR ( 'NONE', #328, 1000.000000000000000 ) ;
#737 = LINE ( 'NONE', #765, #1241 ) ;
#738 = FACE_OUTER_BOUND ( 'NONE', #425, .T. ) ;
#739 = AXIS2_PLACEMENT_3D ( 'NONE', #534, #1158, #807 ) ;
#740 = VECTOR ( 'NONE', #255, 1000.000000000000000 ) ;
#741 = CYLINDRICAL_SURFACE ( 'NONE', #1309, 0.4990000000000002212 ) ;
#742 = AXIS2_PLACEMENT_3D ( 'NONE', #1238, #587, #679 ) ;
#743 = EDGE_CURVE ( 'NONE', #922, #420, #269, .T. ) ;
#744 = FILL_AREA_STYLE ('',( #120 ) ) ;
#745 = FILL_AREA_STYLE ('',( #836 ) ) ;
#746 = CARTESIAN_POINT ( 'NONE',  ( 0.000000000000000000, -12.69999999999999929, 1.270000000000000018 ) ) ;
#747 = CARTESIAN_POINT ( 'NONE',  ( 6.110987527745294996E-17, 0.1000000000000000056, -0.7709999999999999076 ) ) ;
#748 = PRODUCT_CONTEXT ( 'NONE', #876, 'mechanical' ) ;
#749 = CARTESIAN_POINT ( 'NONE',  ( 0.000000000000000000, 0.8500000000000000888, 0.000000000000000000 ) ) ;
#750 = CARTESIAN_POINT ( 'NONE',  ( -1.270000000000000018, 1.511385135248349165, 0.4989999999999999991 ) ) ;
#751 = CARTESIAN_POINT ( 'NONE',  ( 0.000000000000000000, -12.69999999999999929, 1.270000000000000018 ) ) ;
#752 = LINE ( 'NONE', #606, #736 ) ;
#753 = DIRECTION ( 'NONE',  ( -0.000000000000000000, -1.000000000000000000, -0.000000000000000000 ) ) ;
#754 = ADVANCED_FACE ( 'NONE', ( #272 ), #1265, .T. ) ;
#755 = EDGE_CURVE ( 'NONE', #947, #1295, #276, .T. ) ;
#756 = EDGE_CURVE ( 'NONE', #877, #357, #1219, .T. ) ;
#757 = DIRECTION ( 'NONE',  ( 1.000000000000000000, 0.000000000000000000, 0.000000000000000000 ) ) ;
#758 = DIRECTION ( 'NONE',  ( 0.000000000000000000, 0.000000000000000000, 1.000000000000000000 ) ) ;
#759 = DIRECTION ( 'NONE',  ( 0.000000000000000000, -0.000000000000000000, -1.000000000000000000 ) ) ;
#760 = FACE_OUTER_BOUND ( 'NONE', #1080, .T. ) ;
#761 = CARTESIAN_POINT ( 'NONE',  ( 0.000000000000000000, 0.000000000000000000, -1.270000000000000018 ) ) ;
#762 = CYLINDRICAL_SURFACE ( 'NONE', #403, 0.4989999999999999991 ) ;
#763 = DIRECTION ( 'NONE',  ( 0.000000000000000000, 0.000000000000000000, 1.000000000000000000 ) ) ;
#764 = ADVANCED_FACE ( 'NONE', ( #1233 ), #113, .F. ) ;
#765 = CARTESIAN_POINT ( 'NONE',  ( 1.711386963899973912, 0.000000000000000000, 2.531630830076382566 ) ) ;
#766 = AXIS2_PLACEMENT_3D ( 'NONE', #1396, #560, #654 ) ;
#767 = CARTESIAN_POINT ( 'NONE',  ( 0.000000000000000000, 0.1000000000000000472, 1.270000000000000018 ) ) ;
#768 = EDGE_CURVE ( 'NONE', #381, #26, #752, .T. ) ;
#769 = DIRECTION ( 'NONE',  ( 0.000000000000000000, 1.000000000000000000, 0.000000000000000000 ) ) ;
#770 = DIRECTION ( 'NONE',  ( -0.000000000000000000, -1.000000000000000000, -0.000000000000000000 ) ) ;
#771 = CARTESIAN_POINT ( 'NONE',  ( 0.000000000000000000, 0.000000000000000000, -1.270000000000000018 ) ) ;
#772 = CARTESIAN_POINT ( 'NONE',  ( 0.000000000000000000, -12.69999999999999929, -1.270000000000000018 ) ) ;
#773 = CIRCLE ( 'NONE', #633, 2.450000000000000622 ) ;
#774 = CIRCLE ( 'NONE', #358, 0.2449999999999999956 ) ;
#775 = FILL_AREA_STYLE ('',( #484 ) ) ;
#776 = DIRECTION ( 'NONE',  ( 0.000000000000000000, 0.000000000000000000, -1.000000000000000000 ) ) ;
#777 = FACE_OUTER_BOUND ( 'NONE', #829, .T. ) ;
#778 = AXIS2_PLACEMENT_3D ( 'NONE', #449, #1194, #1296 ) ;
#779 = DIRECTION ( 'NONE',  ( 0.000000000000000000, -1.000000000000000000, 0.000000000000000000 ) ) ;
#780 = EDGE_CURVE ( 'NONE', #1366, #1091, #286, .T. ) ;
#781 = CARTESIAN_POINT ( 'NONE',  ( 6.110987527745294996E-17, 0.1000000000000000056, -0.7709999999999999076 ) ) ;
#782 = LINE ( 'NONE', #298, #331 ) ;
#783 = ADVANCED_FACE ( 'NONE', ( #289 ), #762, .F. ) ;
#784 = AXIS2_PLACEMENT_3D ( 'NONE', #174, #390, #1132 ) ;
#785 = VECTOR ( 'NONE', #82, 1000.000000000000000 ) ;
#786 = PRESENTATION_STYLE_ASSIGNMENT (( #191 ) ) ;
#787 = FILL_AREA_STYLE_COLOUR ( '', #1 ) ;
#788 = CARTESIAN_POINT ( 'NONE',  ( 1.711386963899973912, 0.000000000000000000, 2.531630830076382566 ) ) ;
#789 = PLANE ( 'NONE',  #1124 ) ;
#790 = PLANE ( 'NONE',  #1064 ) ;
#791 = CARTESIAN_POINT ( 'NONE',  ( 0.000000000000000000, 0.000000000000000000, -1.025000000000000133 ) ) ;
#792 = AXIS2_PLACEMENT_3D ( 'NONE', #93, #1362, #839 ) ;
#793 = CARTESIAN_POINT ( 'NONE',  ( 3.309259735953034021, 0.4000000000000000222, 2.489015869776661560 ) ) ;
#794 = CIRCLE ( 'NONE', #994, 0.4990000000000001101 ) ;
#795 = AXIS2_PLACEMENT_3D ( 'NONE', #1054, #1035, #943 ) ;
#796 = CIRCLE ( 'NONE', #1010, 0.4990000000000001101 ) ;
#797 = EDGE_CURVE ( 'NONE', #23, #1323, #279, .T. ) ;
#798 = FACE_OUTER_BOUND ( 'NONE', #893, .T. ) ;
#799 = CARTESIAN_POINT ( 'NONE',  ( 3.551475717527324325E-16, 0.4000000000000000222, 2.900000000000000355 ) ) ;
#800 = DIRECTION ( 'NONE',  ( 0.000000000000000000, 1.000000000000000000, 0.000000000000000000 ) ) ;
#801 = CARTESIAN_POINT ( 'NONE',  ( -1.270000000000000018, 1.511385135248349165, 0.000000000000000000 ) ) ;
#802 = EDGE_LOOP ( 'NONE', ( #478, #380 ) ) ;
#803 = DIRECTION ( 'NONE',  ( 0.000000000000000000, 1.000000000000000000, 0.000000000000000000 ) ) ;
#804 = CARTESIAN_POINT ( 'NONE',  ( 0.000000000000000000, 1.511385135248349165, 1.270000000000000018 ) ) ;
#805 = ORIENTED_EDGE ( 'NONE', *, *, #797, .T. ) ;
#806 = AXIS2_PLACEMENT_3D ( 'NONE', #675, #1128, #1217 ) ;
#807 = DIRECTION ( 'NONE',  ( 0.000000000000000000, 0.000000000000000000, -1.000000000000000000 ) ) ;
#808 = VERTEX_POINT ( 'NONE', #1215 ) ;
#809 = ORIENTED_EDGE ( 'NONE', *, *, #1289, .T. ) ;
#810 = ORIENTED_EDGE ( 'NONE', *, *, #146, .T. ) ;
#811 = DIRECTION ( 'NONE',  ( 0.000000000000000000, 1.000000000000000000, 0.000000000000000000 ) ) ;
#812 = AXIS2_PLACEMENT_3D ( 'NONE', #1105, #134, #1002 ) ;
#813 =( NAMED_UNIT ( * ) PLANE_ANGLE_UNIT ( ) SI_UNIT ( $, .RADIAN. ) );
#814 = EDGE_CURVE ( 'NONE', #910, #381, #1251, .T. ) ;
#815 = ORIENTED_EDGE ( 'NONE', *, *, #1000, .T. ) ;
#816 = LINE ( 'NONE', #732, #348 ) ;
#817 = FACE_OUTER_BOUND ( 'NONE', #416, .T. ) ;
#818 = CARTESIAN_POINT ( 'NONE',  ( 0.000000000000000000, 0.4000000000000000222, 0.000000000000000000 ) ) ;
#819 = VERTEX_POINT ( 'NONE', #781 ) ;
#820 = ORIENTED_EDGE ( 'NONE', *, *, #58, .F. ) ;
#821 = CARTESIAN_POINT ( 'NONE',  ( 2.489015869776634471, 0.4000000000000000222, 3.309259735953051340 ) ) ;
#822 = DIRECTION ( 'NONE',  ( 0.000000000000000000, 1.000000000000000000, 0.000000000000000000 ) ) ;
#823 = VERTEX_POINT ( 'NONE', #921 ) ;
#824 =( GEOMETRIC_REPRESENTATION_CONTEXT ( 3 ) GLOBAL_UNCERTAINTY_ASSIGNED_CONTEXT ( ( #20 ) ) GLOBAL_UNIT_ASSIGNED_CONTEXT ( ( #825, #979, #1373 ) ) REPRESENTATION_CONTEXT ( 'NONE', 'WORKASPACE' ) );
#825 =( LENGTH_UNIT ( ) NAMED_UNIT ( * ) SI_UNIT ( .MILLI., .METRE. ) );
#826 = VERTEX_POINT ( 'NONE', #1229 ) ;
#827 = AXIS2_PLACEMENT_3D ( 'NONE', #821, #386, #1053 ) ;
#828 = ORIENTED_EDGE ( 'NONE', *, *, #698, .T. ) ;
#829 = EDGE_LOOP ( 'NONE', ( #387, #984, #485, #1348 ) ) ;
#830 = CARTESIAN_POINT ( 'NONE',  ( 2.489015869776634471, 0.000000000000000000, 3.309259735953051340 ) ) ;
#831 = VECTOR ( 'NONE', #1003, 1000.000000000000000 ) ;
#832 = AXIS2_PLACEMENT_3D ( 'NONE', #193, #103, #1228 ) ;
#833 = ORIENTED_EDGE ( 'NONE', *, *, #859, .F. ) ;
#834 = ORIENTED_EDGE ( 'NONE', *, *, #1052, .T. ) ;
#835 = ORIENTED_EDGE ( 'NONE', *, *, #494, .T. ) ;
#836 = FILL_AREA_STYLE_COLOUR ( '', #244 ) ;
#837 = FACE_OUTER_BOUND ( 'NONE', #1066, .T. ) ;
#838 = SURFACE_SIDE_STYLE ('',( #156 ) ) ;
#839 = DIRECTION ( 'NONE',  ( 0.000000000000000000, 0.000000000000000000, -1.000000000000000000 ) ) ;
#840 = CLOSED_SHELL ( 'NONE', ( #1192, #913, #256, #71, #63, #1294, #1125, #1144, #567, #1279, #554, #451, #1180, #18, #460, #336, #1046, #306, #731, #664, #1115, #1009, #622, #783, #754, #250, #1093 ) ) ;
#841 = ORIENTED_EDGE ( 'NONE', *, *, #1289, .F. ) ;
#842 = VERTEX_POINT ( 'NONE', #1039 ) ;
#843 = CARTESIAN_POINT ( 'NONE',  ( 0.000000000000000000, 4.800000000000000711, 1.950000000000000844 ) ) ;
#844 = ORIENTED_EDGE ( 'NONE', *, *, #955, .F. ) ;
#845 = VERTEX_POINT ( 'NONE', #883 ) ;
#846 =( LENGTH_UNIT ( ) NAMED_UNIT ( * ) SI_UNIT ( .MILLI., .METRE. ) );
#847 = PRODUCT_DEFINITION ( 'UNKNOWN', '', #122, #535 ) ;
#848 = CYLINDRICAL_SURFACE ( 'NONE', #1107, 0.2450000000000001066 ) ;
#849 = VERTEX_POINT ( 'NONE', #1339 ) ;
#850 = VERTEX_POINT ( 'NONE', #68 ) ;
#851 = EDGE_LOOP ( 'NONE', ( #519, #35 ) ) ;
#852 = MECHANICAL_DESIGN_GEOMETRIC_PRESENTATION_REPRESENTATION (  '', ( #1047 ), #970 ) ;
#853 = VERTEX_POINT ( 'NONE', #683 ) ;
#854 = EDGE_LOOP ( 'NONE', ( #455, #932 ) ) ;
#855 = DIRECTION ( 'NONE',  ( 0.000000000000000000, 0.000000000000000000, -1.000000000000000000 ) ) ;
#856 = VECTOR ( 'NONE', #753, 1000.000000000000000 ) ;
#857 = ORIENTED_EDGE ( 'NONE', *, *, #1382, .F. ) ;
#858 = AXIS2_PLACEMENT_3D ( 'NONE', #332, #475, #249 ) ;
#859 = EDGE_CURVE ( 'NONE', #849, #869, #1200, .T. ) ;
#860 = FACE_OUTER_BOUND ( 'NONE', #107, .T. ) ;
#861 = ORIENTED_EDGE ( 'NONE', *, *, #1250, .F. ) ;
#862 = VERTEX_POINT ( 'NONE', #454 ) ;
#863 = CARTESIAN_POINT ( 'NONE',  ( 0.000000000000000000, -12.69999999999999929, 1.270000000000000018 ) ) ;
#864 = VECTOR ( 'NONE', #1041, 1000.000000000000000 ) ;
#865 = EDGE_CURVE ( 'NONE', #544, #1393, #258, .T. ) ;
#866 = VERTEX_POINT ( 'NONE', #264 ) ;
#867 =( NAMED_UNIT ( * ) SI_UNIT ( $, .STERADIAN. ) SOLID_ANGLE_UNIT ( ) );
#868 = ORIENTED_EDGE ( 'NONE', *, *, #1191, .F. ) ;
#869 = VERTEX_POINT ( 'NONE', #1322 ) ;
#870 =( NAMED_UNIT ( * ) PLANE_ANGLE_UNIT ( ) SI_UNIT ( $, .RADIAN. ) );
#871 =( LENGTH_UNIT ( ) NAMED_UNIT ( * ) SI_UNIT ( .MILLI., .METRE. ) );
#872 = ORIENTED_EDGE ( 'NONE', *, *, #17, .F. ) ;
#873 = EDGE_LOOP ( 'NONE', ( #985, #532, #1018, #1048 ) ) ;
#874 = UNCERTAINTY_MEASURE_WITH_UNIT (LENGTH_MEASURE( 1.000000000000000082E-05 ), #871, 'distance_accuracy_value', 'NONE');
#875 = PRODUCT_DEFINITION_SHAPE ( 'NONE', 'NONE',  #847 ) ;
#876 = APPLICATION_CONTEXT ( 'automotive_design' ) ;
#877 = VERTEX_POINT ( 'NONE', #699 ) ;
#878 = ORIENTED_EDGE ( 'NONE', *, *, #147, .F. ) ;
#879 = DIRECTION ( 'NONE',  ( -0.000000000000000000, 1.000000000000000000, -0.000000000000000000 ) ) ;
#880 = AXIS2_PLACEMENT_3D ( 'NONE', #1108, #212, #757 ) ;
#881 = ADVANCED_FACE ( 'NONE', ( #738 ), #790, .F. ) ;
#882 = VERTEX_POINT ( 'NONE', #1207 ) ;
#883 = CARTESIAN_POINT ( 'NONE',  ( 0.000000000000000000, 0.1000000000000000056, 0.7709999999999999076 ) ) ;
#884 = AXIS2_PLACEMENT_3D ( 'NONE', #656, #236, #226 ) ;
#885 = LINE ( 'NONE', #1211, #831 ) ;
#886 = VERTEX_POINT ( 'NONE', #1057 ) ;
#887 = VERTEX_POINT ( 'NONE', #1286 ) ;
#888 = DIRECTION ( 'NONE',  ( 0.000000000000000000, 0.000000000000000000, 1.000000000000000000 ) ) ;
#889 = PLANE ( 'NONE',  #1201 ) ;
#890 = AXIS2_PLACEMENT_3D ( 'NONE', #22, #1096, #1178 ) ;
#891 = CIRCLE ( 'NONE', #335, 0.2000000000000000944 ) ;
#892 = EDGE_CURVE ( 'NONE', #845, #1366, #1239, .T. ) ;
#893 = EDGE_LOOP ( 'NONE', ( #384, #1288 ) ) ;
#894 = VERTEX_POINT ( 'NONE', #317 ) ;
#895 = DIRECTION ( 'NONE',  ( 0.000000000000000000, 1.000000000000000000, 0.000000000000000000 ) ) ;
#896 = VECTOR ( 'NONE', #1257, 1000.000000000000000 ) ;
#897 = ORIENTED_EDGE ( 'NONE', *, *, #310, .T. ) ;
#898 = DIRECTION ( 'NONE',  ( -0.000000000000000000, 1.000000000000000000, -0.000000000000000000 ) ) ;
#899 = ADVANCED_FACE ( 'NONE', ( #1244 ), #673, .F. ) ;
#900 = VERTEX_POINT ( 'NONE', #909 ) ;
#901 = CARTESIAN_POINT ( 'NONE',  ( 1.569965607662663576, 0.000000000000000000, 2.673052186313691347 ) ) ;
#902 = CARTESIAN_POINT ( 'NONE',  ( 0.000000000000000000, 0.1000000000000000056, -1.270000000000000018 ) ) ;
#903 = ORIENTED_EDGE ( 'NONE', *, *, #580, .F. ) ;
#904 = ORIENTED_EDGE ( 'NONE', *, *, #533, .T. ) ;
#905 = ORIENTED_EDGE ( 'NONE', *, *, #768, .F. ) ;
#906 = DIRECTION ( 'NONE',  ( 0.000000000000000000, -1.000000000000000000, 0.000000000000000000 ) ) ;
#907 = DIRECTION ( 'NONE',  ( 0.000000000000000000, -1.000000000000000000, 0.000000000000000000 ) ) ;
#908 = FACE_OUTER_BOUND ( 'NONE', #873, .T. ) ;
#909 = CARTESIAN_POINT ( 'NONE',  ( -1.270000000000000018, -12.69999999999999929, 0.2450000000000001066 ) ) ;
#910 = VERTEX_POINT ( 'NONE', #151 ) ;
#911 = AXIS2_PLACEMENT_3D ( 'NONE', #277, #713, #361 ) ;
#912 = SURFACE_SIDE_STYLE ('',( #396 ) ) ;
#913 = ADVANCED_FACE ( 'NONE', ( #294 ), #1247, .F. ) ;
#914 = EDGE_CURVE ( 'NONE', #150, #385, #302, .T. ) ;
#915 = ORIENTED_EDGE ( 'NONE', *, *, #360, .T. ) ;
#916 = ORIENTED_EDGE ( 'NONE', *, *, #1086, .F. ) ;
#917 = CARTESIAN_POINT ( 'NONE',  ( 0.000000000000000000, 0.000000000000000000, 1.270000000000000018 ) ) ;
#918 = ORIENTED_EDGE ( 'NONE', *, *, #1136, .T. ) ;
#919 = ORIENTED_EDGE ( 'NONE', *, *, #1263, .F. ) ;
#920 = TOROIDAL_SURFACE ( 'NONE', #1168, 1.950000000000000844, 0.5000000000000000000 ) ;
#921 = CARTESIAN_POINT ( 'NONE',  ( 6.110987527745294996E-17, 0.000000000000000000, -0.7709999999999999076 ) ) ;
#922 = VERTEX_POINT ( 'NONE', #160 ) ;
#923 = DIRECTION ( 'NONE',  ( 1.224646799147353454E-16, 0.000000000000000000, -1.000000000000000000 ) ) ;
#924 = FACE_OUTER_BOUND ( 'NONE', #38, .T. ) ;
#925 = VERTEX_POINT ( 'NONE', #59 ) ;
#926 = ORIENTED_EDGE ( 'NONE', *, *, #780, .F. ) ;
#927 = AXIS2_PLACEMENT_3D ( 'NONE', #818, #1343, #1153 ) ;
#928 = DIRECTION ( 'NONE',  ( 0.000000000000000000, 0.000000000000000000, 1.000000000000000000 ) ) ;
#929 = ORIENTED_EDGE ( 'NONE', *, *, #722, .T. ) ;
#930 = DIRECTION ( 'NONE',  ( 0.000000000000000000, 1.000000000000000000, 0.000000000000000000 ) ) ;
#931 = AXIS2_PLACEMENT_3D ( 'NONE', #863, #1269, #1104 ) ;
#932 = ORIENTED_EDGE ( 'NONE', *, *, #1263, .T. ) ;
#933 = EDGE_CURVE ( 'NONE', #842, #808, #1212, .T. ) ;
#934 = DIRECTION ( 'NONE',  ( 0.000000000000000000, -0.000000000000000000, 1.000000000000000000 ) ) ;
#935 = AXIS2_PLACEMENT_3D ( 'NONE', #552, #1181, #329 ) ;
#936 = ORIENTED_EDGE ( 'NONE', *, *, #309, .F. ) ;
#937 = CARTESIAN_POINT ( 'NONE',  ( 2.673052186313681133, 0.000000000000000000, 1.569965607662681339 ) ) ;
#938 = CYLINDRICAL_SURFACE ( 'NONE', #792, 0.4990000000000002212 ) ;
#939 = EDGE_LOOP ( 'NONE', ( #918, #1056 ) ) ;
#940 = DIRECTION ( 'NONE',  ( 0.000000000000000000, 1.000000000000000000, 0.000000000000000000 ) ) ;
#941 = VERTEX_POINT ( 'NONE', #799 ) ;
#942 = EDGE_LOOP ( 'NONE', ( #431, #1050 ) ) ;
#943 = DIRECTION ( 'NONE',  ( 0.000000000000000000, 0.000000000000000000, -1.000000000000000000 ) ) ;
#944 = ORIENTED_EDGE ( 'NONE', *, *, #698, .F. ) ;
#945 = PLANE ( 'NONE',  #510 ) ;
#946 = CIRCLE ( 'NONE', #1079, 2.450000000000000622 ) ;
#947 = VERTEX_POINT ( 'NONE', #990 ) ;
#948 = CARTESIAN_POINT ( 'NONE',  ( 0.000000000000000000, 0.1000000000000000056, 1.270000000000000018 ) ) ;
#949 = CARTESIAN_POINT ( 'NONE',  ( 2.489015869776634471, 0.000000000000000000, 3.309259735953051340 ) ) ;
#950 = ORIENTED_EDGE ( 'NONE', *, *, #611, .T. ) ;
#951 = EDGE_LOOP ( 'NONE', ( #1392, #448 ) ) ;
#952 = CARTESIAN_POINT ( 'NONE',  ( 6.110987527745294996E-17, 1.511385135248349165, 1.769000000000000128 ) ) ;
#953 = FACE_OUTER_BOUND ( 'NONE', #87, .T. ) ;
#954 = AXIS2_PLACEMENT_3D ( 'NONE', #44, #526, #1270 ) ;
#955 = EDGE_CURVE ( 'NONE', #850, #513, #1214, .T. ) ;
#956 = FACE_OUTER_BOUND ( 'NONE', #523, .T. ) ;
#957 = CARTESIAN_POINT ( 'NONE',  ( 2.694222958124177993E-16, 5.299999999999999822, -1.950000000000000844 ) ) ;
#958 = DIRECTION ( 'NONE',  ( 0.000000000000000000, -1.000000000000000000, 0.000000000000000000 ) ) ;
#959 = TOROIDAL_SURFACE ( 'NONE', #548, 2.900000000000000799, 0.4500000000000000111 ) ;
#960 = FILL_AREA_STYLE ('',( #787 ) ) ;
#961 = ORIENTED_EDGE ( 'NONE', *, *, #743, .F. ) ;
#962 = ADVANCED_FACE ( 'NONE', ( #777 ), #327, .T. ) ;
#963 = CARTESIAN_POINT ( 'NONE',  ( -1.270000000000000018, 0.1000000000000000472, -0.4989999999999999991 ) ) ;
#964 = ORIENTED_EDGE ( 'NONE', *, *, #668, .T. ) ;
#965 = ORIENTED_EDGE ( 'NONE', *, *, #214, .F. ) ;
#966 = LINE ( 'NONE', #158, #1370 ) ;
#967 = DIRECTION ( 'NONE',  ( 0.000000000000000000, 1.000000000000000000, 0.000000000000000000 ) ) ;
#968 = STYLED_ITEM ( 'NONE', ( #539 ), #95 ) ;
#969 = ORIENTED_EDGE ( 'NONE', *, *, #341, .F. ) ;
#970 =( GEOMETRIC_REPRESENTATION_CONTEXT ( 3 ) GLOBAL_UNCERTAINTY_ASSIGNED_CONTEXT ( ( #874 ) ) GLOBAL_UNIT_ASSIGNED_CONTEXT ( ( #871, #1300, #472 ) ) REPRESENTATION_CONTEXT ( 'NONE', 'WORKASPACE' ) );
#971 = ORIENTED_EDGE ( 'NONE', *, *, #695, .F. ) ;
#972 = ORIENTED_EDGE ( 'NONE', *, *, #1404, .F. ) ;
#973 = EDGE_CURVE ( 'NONE', #887, #819, #796, .T. ) ;
#974 = ORIENTED_EDGE ( 'NONE', *, *, #1336, .T. ) ;
#975 = CARTESIAN_POINT ( 'NONE',  ( 0.000000000000000000, 0.000000000000000000, -1.270000000000000018 ) ) ;
#976 = EDGE_CURVE ( 'NONE', #1377, #8, #782, .T. ) ;
#977 = ORIENTED_EDGE ( 'NONE', *, *, #283, .T. ) ;
#978 = PLANE ( 'NONE',  #496 ) ;
#979 =( NAMED_UNIT ( * ) PLANE_ANGLE_UNIT ( ) SI_UNIT ( $, .RADIAN. ) );
#980 = ORIENTED_EDGE ( 'NONE', *, *, #1274, .F. ) ;
#981 = MANIFOLD_SOLID_BREP ( 'Boss-Extrude4[2]', #366 ) ;
#982 = DIRECTION ( 'NONE',  ( -0.000000000000000000, -1.000000000000000000, -0.000000000000000000 ) ) ;
#983 = CARTESIAN_POINT ( 'NONE',  ( 0.000000000000000000, 17.52964645562817125, 0.000000000000000000 ) ) ;
#984 = ORIENTED_EDGE ( 'NONE', *, *, #914, .F. ) ;
#985 = ORIENTED_EDGE ( 'NONE', *, *, #1380, .F. ) ;
#986 = EDGE_LOOP ( 'NONE', ( #1029, #43, #1327, #369 ) ) ;
#987 = SURFACE_STYLE_FILL_AREA ( #960 ) ;
#988 = ORIENTED_EDGE ( 'NONE', *, *, #341, .T. ) ;
#989 = DIRECTION ( 'NONE',  ( 0.000000000000000000, 1.000000000000000000, 0.000000000000000000 ) ) ;
#990 = CARTESIAN_POINT ( 'NONE',  ( -1.270000000000000018, 0.1000000000000000472, 0.4989999999999999991 ) ) ;
#991 = ORIENTED_EDGE ( 'NONE', *, *, #1380, .T. ) ;
#992 = EDGE_LOOP ( 'NONE', ( #25, #815, #1326, #903 ) ) ;
#993 = LINE ( 'NONE', #359, #12 ) ;
#994 = AXIS2_PLACEMENT_3D ( 'NONE', #261, #906, #157 ) ;
#995 = DIRECTION ( 'NONE',  ( 0.000000000000000000, 1.000000000000000000, 0.000000000000000000 ) ) ;
#996 = ORIENTED_EDGE ( 'NONE', *, *, #109, .F. ) ;
#997 = ORIENTED_EDGE ( 'NONE', *, *, #562, .F. ) ;
#998 = AXIS2_PLACEMENT_3D ( 'NONE', #116, #1012, #643 ) ;
#999 = ORIENTED_EDGE ( 'NONE', *, *, #593, .T. ) ;
#1000 = EDGE_CURVE ( 'NONE', #1323, #393, #816, .T. ) ;
#1001 = DIRECTION ( 'NONE',  ( 0.000000000000000000, -0.000000000000000000, 1.000000000000000000 ) ) ;
#1002 = DIRECTION ( 'NONE',  ( 0.000000000000000000, 0.000000000000000000, 1.000000000000000000 ) ) ;
#1003 = DIRECTION ( 'NONE',  ( 0.000000000000000000, 1.000000000000000000, 0.000000000000000000 ) ) ;
#1004 = ORIENTED_EDGE ( 'NONE', *, *, #976, .F. ) ;
#1005 = FILL_AREA_STYLE ('',( #292 ) ) ;
#1006 = CARTESIAN_POINT ( 'NONE',  ( 0.000000000000000000, 0.1000000000000000056, -1.769000000000000128 ) ) ;
#1007 = ORIENTED_EDGE ( 'NONE', *, *, #175, .T. ) ;
#1008 = DIRECTION ( 'NONE',  ( 0.000000000000000000, 1.000000000000000000, 0.000000000000000000 ) ) ;
#1009 = ADVANCED_FACE ( 'NONE', ( #817 ), #938, .F. ) ;
#1010 = AXIS2_PLACEMENT_3D ( 'NONE', #282, #546, #378 ) ;
#1011 = ORIENTED_EDGE ( 'NONE', *, *, #477, .F. ) ;
#1012 = DIRECTION ( 'NONE',  ( 0.000000000000000000, -1.000000000000000000, 0.000000000000000000 ) ) ;
#1013 = DIRECTION ( 'NONE',  ( -0.000000000000000000, -1.000000000000000000, -0.000000000000000000 ) ) ;
#1014 = ORIENTED_EDGE ( 'NONE', *, *, #109, .T. ) ;
#1015 = AXIS2_PLACEMENT_3D ( 'NONE', #207, #415, #596 ) ;
#1016 = EDGE_CURVE ( 'NONE', #869, #34, #1381, .T. ) ;
#1017 = DIRECTION ( 'NONE',  ( 0.000000000000000000, 0.000000000000000000, -1.000000000000000000 ) ) ;
#1018 = ORIENTED_EDGE ( 'NONE', *, *, #768, .T. ) ;
#1019 = COLOUR_RGB ( '',0.7921568627450980005, 0.8196078431372548767, 0.9333333333333333481 ) ;
#1020 = AXIS2_PLACEMENT_3D ( 'NONE', #1272, #582, #674 ) ;
#1021 = ORIENTED_EDGE ( 'NONE', *, *, #1382, .T. ) ;
#1022 = CARTESIAN_POINT ( 'NONE',  ( 0.000000000000000000, 4.800000000000000711, 0.000000000000000000 ) ) ;
#1023 = DIRECTION ( 'NONE',  ( 0.000000000000000000, -1.000000000000000000, 0.000000000000000000 ) ) ;
#1024 = DIRECTION ( 'NONE',  ( 0.000000000000000000, 0.000000000000000000, -1.000000000000000000 ) ) ;
#1025 = ADVANCED_FACE ( 'NONE', ( #924 ), #945, .F. ) ;
#1026 = VERTEX_POINT ( 'NONE', #636 ) ;
#1027 = CARTESIAN_POINT ( 'NONE',  ( 0.000000000000000000, 0.1000000000000000472, -1.270000000000000018 ) ) ;
#1028 = ORIENTED_EDGE ( 'NONE', *, *, #517, .T. ) ;
#1029 = ORIENTED_EDGE ( 'NONE', *, *, #1000, .F. ) ;
#1030 = DIRECTION ( 'NONE',  ( 0.000000000000000000, 0.000000000000000000, -1.000000000000000000 ) ) ;
#1031 = DIRECTION ( 'NONE',  ( 0.000000000000000000, 1.000000000000000000, 0.000000000000000000 ) ) ;
#1032 = STYLED_ITEM ( 'NONE', ( #578 ), #667 ) ;
#1033 = EDGE_LOOP ( 'NONE', ( #833, #407, #439, #972 ) ) ;
#1034 = EDGE_CURVE ( 'NONE', #34, #412, #946, .T. ) ;
#1035 = DIRECTION ( 'NONE',  ( 0.000000000000000000, -1.000000000000000000, 0.000000000000000000 ) ) ;
#1036 = ORIENTED_EDGE ( 'NONE', *, *, #865, .T. ) ;
#1037 = DIRECTION ( 'NONE',  ( 0.000000000000000000, -0.000000000000000000, -1.000000000000000000 ) ) ;
#1038 = COLOUR_RGB ( '',0.7921568627450980005, 0.8196078431372548767, 0.9333333333333333481 ) ;
#1039 = CARTESIAN_POINT ( 'NONE',  ( 3.000384657911015493E-17, -12.69999999999999929, -1.515000000000000124 ) ) ;
#1040 = ORIENTED_EDGE ( 'NONE', *, *, #189, .T. ) ;
#1041 = DIRECTION ( 'NONE',  ( 0.000000000000000000, -1.000000000000000000, 0.000000000000000000 ) ) ;
#1042 = ORIENTED_EDGE ( 'NONE', *, *, #955, .T. ) ;
#1043 = CIRCLE ( 'NONE', #188, 0.2449999999999999956 ) ;
#1044 = CARTESIAN_POINT ( 'NONE',  ( 0.000000000000000000, -12.69999999999999929, -1.270000000000000018 ) ) ;
#1045 = VERTEX_POINT ( 'NONE', #1085 ) ;
#1046 = ADVANCED_FACE ( 'NONE', ( #604 ), #1389, .F. ) ;
#1047 = STYLED_ITEM ( 'NONE', ( #1338 ), #1225 ) ;
#1048 = ORIENTED_EDGE ( 'NONE', *, *, #477, .T. ) ;
#1049 = CARTESIAN_POINT ( 'NONE',  ( -1.270000000000000018, 0.1000000000000000056, 0.000000000000000000 ) ) ;
#1050 = ORIENTED_EDGE ( 'NONE', *, *, #231, .T. ) ;
#1051 = CARTESIAN_POINT ( 'NONE',  ( 0.000000000000000000, 0.4000000000000000222, -2.900000000000000355 ) ) ;
#1052 = EDGE_CURVE ( 'NONE', #1393, #853, #1089, .T. ) ;
#1053 = DIRECTION ( 'NONE',  ( -0.7071067811865516806, 0.000000000000000000, 0.7071067811865434649 ) ) ;
#1054 = CARTESIAN_POINT ( 'NONE',  ( 0.000000000000000000, 0.000000000000000000, 1.270000000000000018 ) ) ;
#1055 = VERTEX_POINT ( 'NONE', #710 ) ;
#1056 = ORIENTED_EDGE ( 'NONE', *, *, #147, .T. ) ;
#1057 = CARTESIAN_POINT ( 'NONE',  ( 3.309259735953034021, 0.4000000000000000222, 2.489015869776661560 ) ) ;
#1058 = DIRECTION ( 'NONE',  ( 1.000000000000000000, -0.000000000000000000, 1.224646799147353207E-16 ) ) ;
#1059 = UNCERTAINTY_MEASURE_WITH_UNIT (LENGTH_MEASURE( 1.000000000000000082E-05 ), #62, 'distance_accuracy_value', 'NONE');
#1060 = EDGE_LOOP ( 'NONE', ( #119, #351, #614, #5 ) ) ;
#1061 = CARTESIAN_POINT ( 'NONE',  ( 1.569965607662663576, 0.000000000000000000, 2.473052186313691170 ) ) ;
#1062 = SURFACE_STYLE_USAGE ( .BOTH. , #342 ) ;
#1063 = FACE_OUTER_BOUND ( 'NONE', #1357, .T. ) ;
#1064 = AXIS2_PLACEMENT_3D ( 'NONE', #772, #663, #934 ) ;
#1065 = CIRCLE ( 'NONE', #812, 0.4499999999999999001 ) ;
#1066 = EDGE_LOOP ( 'NONE', ( #64, #489, #16, #1282 ) ) ;
#1067 = DIRECTION ( 'NONE',  ( 0.000000000000000000, 0.000000000000000000, 1.000000000000000000 ) ) ;
#1068 = AXIS2_PLACEMENT_3D ( 'NONE', #716, #537, #635 ) ;
#1069 = CYLINDRICAL_SURFACE ( 'NONE', #1359, 0.2449999999999999956 ) ;
#1070 = EDGE_LOOP ( 'NONE', ( #868, #491, #991, #988 ) ) ;
#1071 = DIRECTION ( 'NONE',  ( 0.000000000000000000, 1.000000000000000000, 0.000000000000000000 ) ) ;
#1072 = DIRECTION ( 'NONE',  ( 0.000000000000000000, -1.000000000000000000, 0.000000000000000000 ) ) ;
#1073 = EDGE_LOOP ( 'NONE', ( #1399, #1287 ) ) ;
#1074 = CIRCLE ( 'NONE', #177, 0.4990000000000002212 ) ;
#1075 = DIRECTION ( 'NONE',  ( 0.000000000000000000, 0.000000000000000000, -1.000000000000000000 ) ) ;
#1076 = CARTESIAN_POINT ( 'NONE',  ( 6.110987527745296229E-17, 0.000000000000000000, 1.769000000000000128 ) ) ;
#1077 = CYLINDRICAL_SURFACE ( 'NONE', #784, 0.2000000000000000944 ) ;
#1078 =( NAMED_UNIT ( * ) PLANE_ANGLE_UNIT ( ) SI_UNIT ( $, .RADIAN. ) );
#1079 = AXIS2_PLACEMENT_3D ( 'NONE', #117, #967, #1067 ) ;
#1080 = EDGE_LOOP ( 'NONE', ( #1011, #1394, #542, #1406, #1367, #1028, #471, #997, #969 ) ) ;
#1081 = CARTESIAN_POINT ( 'NONE',  ( 0.000000000000000000, 0.1000000000000000056, 1.270000000000000018 ) ) ;
#1082 = PRESENTATION_LAYER_ASSIGNMENT (  '', '', ( #1032 ) ) ;
#1083 = EDGE_CURVE ( 'NONE', #1045, #941, #686, .T. ) ;
#1084 = CYLINDRICAL_SURFACE ( 'NONE', #1175, 0.2449999999999999956 ) ;
#1085 = CARTESIAN_POINT ( 'NONE',  ( 0.000000000000000000, 0.4000000000000000222, -2.900000000000000355 ) ) ;
#1086 = EDGE_CURVE ( 'NONE', #150, #1055, #1145, .T. ) ;
#1087 = PRESENTATION_STYLE_ASSIGNMENT (( #564 ) ) ;
#1088 = EDGE_LOOP ( 'NONE', ( #965, #65, #450, #566, #50, #568 ) ) ;
#1089 = LINE ( 'NONE', #421, #198 ) ;
#1090 = DIRECTION ( 'NONE',  ( 0.000000000000000000, 0.000000000000000000, -1.000000000000000000 ) ) ;
#1091 = VERTEX_POINT ( 'NONE', #1076 ) ;
#1092 = CARTESIAN_POINT ( 'NONE',  ( -1.270000000000000018, -12.69999999999999929, 0.000000000000000000 ) ) ;
#1093 = ADVANCED_FACE ( 'NONE', ( #219 ), #84, .T. ) ;
#1094 = AXIS2_PLACEMENT_3D ( 'NONE', #145, #1293, #1281 ) ;
#1095 = APPLICATION_PROTOCOL_DEFINITION ( 'draft international standard', 'automotive_design', 1998, #876 ) ;
#1096 = DIRECTION ( 'NONE',  ( 0.000000000000000000, -1.000000000000000000, 0.000000000000000000 ) ) ;
#1097 = LINE ( 'NONE', #1372, #583 ) ;
#1098 = ORIENTED_EDGE ( 'NONE', *, *, #430, .F. ) ;
#1099 = AXIS2_PLACEMENT_3D ( 'NONE', #983, #1116, #1017 ) ;
#1100 = FACE_OUTER_BOUND ( 'NONE', #530, .T. ) ;
#1101 = EDGE_CURVE ( 'NONE', #1314, #75, #192, .T. ) ;
#1102 = CARTESIAN_POINT ( 'NONE',  ( 1.569965607662663576, 0.4000000000000000222, 2.673052186313691347 ) ) ;
#1103 = LINE ( 'NONE', #949, #167 ) ;
#1104 = DIRECTION ( 'NONE',  ( 0.000000000000000000, 0.000000000000000000, 1.000000000000000000 ) ) ;
#1105 = CARTESIAN_POINT ( 'NONE',  ( 0.000000000000000000, 0.8500000000000000888, 2.900000000000000799 ) ) ;
#1106 = PLANE ( 'NONE',  #884 ) ;
#1107 = AXIS2_PLACEMENT_3D ( 'NONE', #1273, #1120, #125 ) ;
#1108 = CARTESIAN_POINT ( 'NONE',  ( 0.000000000000000000, 0.000000000000000000, 0.000000000000000000 ) ) ;
#1109 = DIRECTION ( 'NONE',  ( 0.000000000000000000, 0.000000000000000000, 1.000000000000000000 ) ) ;
#1110 =( GEOMETRIC_REPRESENTATION_CONTEXT ( 3 ) GLOBAL_UNCERTAINTY_ASSIGNED_CONTEXT ( ( #205 ) ) GLOBAL_UNIT_ASSIGNED_CONTEXT ( ( #217, #870, #1112 ) ) REPRESENTATION_CONTEXT ( 'NONE', 'WORKASPACE' ) );
#1111 = EDGE_CURVE ( 'NONE', #1332, #23, #657, .T. ) ;
#1112 =( NAMED_UNIT ( * ) SI_UNIT ( $, .STERADIAN. ) SOLID_ANGLE_UNIT ( ) );
#1113 = CYLINDRICAL_SURFACE ( 'NONE', #659, 2.900000000000000355 ) ;
#1114 = LINE ( 'NONE', #747, #689 ) ;
#1115 = ADVANCED_FACE ( 'NONE', ( #210 ), #180, .F. ) ;
#1116 = DIRECTION ( 'NONE',  ( -0.000000000000000000, -1.000000000000000000, -0.000000000000000000 ) ) ;
#1117 = CYLINDRICAL_SURFACE ( 'NONE', #1222, 0.2449999999999999956 ) ;
#1118 = DIRECTION ( 'NONE',  ( -0.000000000000000000, -1.000000000000000000, -0.000000000000000000 ) ) ;
#1119 = CIRCLE ( 'NONE', #911, 0.2449999999999999956 ) ;
#1120 = DIRECTION ( 'NONE',  ( 0.000000000000000000, 1.000000000000000000, 0.000000000000000000 ) ) ;
#1121 = STYLED_ITEM ( 'NONE', ( #1150 ), #465 ) ;
#1122 = CIRCLE ( 'NONE', #610, 0.4989999999999999991 ) ;
#1123 = DIRECTION ( 'NONE',  ( -0.000000000000000000, -1.000000000000000000, -0.000000000000000000 ) ) ;
#1124 = AXIS2_PLACEMENT_3D ( 'NONE', #618, #930, #709 ) ;
#1125 = ADVANCED_FACE ( 'NONE', ( #653 ), #1148, .T. ) ;
#1126 = DIRECTION ( 'NONE',  ( -0.000000000000000000, -1.000000000000000000, -0.000000000000000000 ) ) ;
#1127 = DIRECTION ( 'NONE',  ( 0.000000000000000000, 0.000000000000000000, 1.000000000000000000 ) ) ;
#1128 = DIRECTION ( 'NONE',  ( -0.000000000000000000, -1.000000000000000000, -0.000000000000000000 ) ) ;
#1129 = FACE_OUTER_BOUND ( 'NONE', #498, .T. ) ;
#1130 = PLANE ( 'NONE',  #1248 ) ;
#1131 = MECHANICAL_DESIGN_GEOMETRIC_PRESENTATION_REPRESENTATION (  '', ( #968 ), #422 ) ;
#1132 = DIRECTION ( 'NONE',  ( 0.000000000000000000, 0.000000000000000000, -1.000000000000000000 ) ) ;
#1133 = DIRECTION ( 'NONE',  ( -0.000000000000000000, -1.000000000000000000, -0.000000000000000000 ) ) ;
#1134 = CARTESIAN_POINT ( 'NONE',  ( 0.000000000000000000, 0.000000000000000000, -1.769000000000000128 ) ) ;
#1135 = PRESENTATION_LAYER_ASSIGNMENT (  '', '', ( #56 ) ) ;
#1136 = EDGE_CURVE ( 'NONE', #894, #823, #671, .T. ) ;
#1137 = CYLINDRICAL_SURFACE ( 'NONE', #650, 0.4990000000000001101 ) ;
#1138 = EDGE_CURVE ( 'NONE', #8, #886, #1154, .T. ) ;
#1139 =( LENGTH_UNIT ( ) NAMED_UNIT ( * ) SI_UNIT ( .MILLI., .METRE. ) );
#1140 = CYLINDRICAL_SURFACE ( 'NONE', #89, 0.4990000000000002212 ) ;
#1141 = CARTESIAN_POINT ( 'NONE',  ( 6.110987527745296229E-17, 0.000000000000000000, 1.769000000000000128 ) ) ;
#1142 = DIRECTION ( 'NONE',  ( 0.000000000000000000, 0.000000000000000000, 1.000000000000000000 ) ) ;
#1143 = DIRECTION ( 'NONE',  ( -0.000000000000000000, -1.000000000000000000, -0.000000000000000000 ) ) ;
#1144 = ADVANCED_FACE ( 'NONE', ( #194 ), #1113, .T. ) ;
#1145 = LINE ( 'NONE', #1349, #634 ) ;
#1146 = PLANE ( 'NONE',  #858 ) ;
#1147 = COLOUR_RGB ( '',0.2509803921568627416, 0.2509803921568627416, 0.2509803921568627416 ) ;
#1148 = CYLINDRICAL_SURFACE ( 'NONE', #620, 2.450000000000000622 ) ;
#1149 = CARTESIAN_POINT ( 'NONE',  ( 0.000000000000000000, 0.4000000000000000222, 0.000000000000000000 ) ) ;
#1150 = PRESENTATION_STYLE_ASSIGNMENT (( #230 ) ) ;
#1151 = VECTOR ( 'NONE', #584, 1000.000000000000000 ) ;
#1152 = AXIS2_PLACEMENT_3D ( 'NONE', #1246, #104, #1256 ) ;
#1153 = DIRECTION ( 'NONE',  ( 0.000000000000000000, 0.000000000000000000, -1.000000000000000000 ) ) ;
#1154 = LINE ( 'NONE', #14, #677 ) ;
#1155 = EDGE_CURVE ( 'NONE', #941, #23, #215, .T. ) ;
#1156 = DIRECTION ( 'NONE',  ( 0.000000000000000000, 1.000000000000000000, 0.000000000000000000 ) ) ;
#1157 = DIRECTION ( 'NONE',  ( 0.000000000000000000, 0.000000000000000000, 1.000000000000000000 ) ) ;
#1158 = DIRECTION ( 'NONE',  ( -0.000000000000000000, 1.000000000000000000, -0.000000000000000000 ) ) ;
#1159 = CARTESIAN_POINT ( 'NONE',  ( -1.270000000000000018, -12.69999999999999929, 0.000000000000000000 ) ) ;
#1160 = DIRECTION ( 'NONE',  ( 0.000000000000000000, -1.000000000000000000, 0.000000000000000000 ) ) ;
#1161 = DIRECTION ( 'NONE',  ( 0.7071067811865440200, -0.000000000000000000, 0.7071067811865511255 ) ) ;
#1162 = AXIS2_PLACEMENT_3D ( 'NONE', #1167, #803, #1320 ) ;
#1163 = EDGE_CURVE ( 'NONE', #819, #75, #1114, .T. ) ;
#1164 = SURFACE_SIDE_STYLE ('',( #987 ) ) ;
#1165 = CARTESIAN_POINT ( 'NONE',  ( 0.000000000000000000, 0.4000000000000000222, 0.000000000000000000 ) ) ;
#1166 = FACE_OUTER_BOUND ( 'NONE', #446, .T. ) ;
#1167 = CARTESIAN_POINT ( 'NONE',  ( 0.000000000000000000, 4.800000000000000711, 0.000000000000000000 ) ) ;
#1168 = AXIS2_PLACEMENT_3D ( 'NONE', #259, #347, #274 ) ;
#1169 = DIRECTION ( 'NONE',  ( 0.000000000000000000, 1.000000000000000000, 0.000000000000000000 ) ) ;
#1170 = AXIS2_PLACEMENT_3D ( 'NONE', #480, #1133, #468 ) ;
#1171 = EDGE_CURVE ( 'NONE', #826, #1026, #885, .T. ) ;
#1172 = CARTESIAN_POINT ( 'NONE',  ( 0.000000000000000000, 0.1000000000000000056, 1.270000000000000018 ) ) ;
#1173 = DIRECTION ( 'NONE',  ( 0.000000000000000000, 1.000000000000000000, 0.000000000000000000 ) ) ;
#1174 = VECTOR ( 'NONE', #1123, 1000.000000000000000 ) ;
#1175 = AXIS2_PLACEMENT_3D ( 'NONE', #751, #769, #1197 ) ;
#1176 = VECTOR ( 'NONE', #543, 1000.000000000000000 ) ;
#1177 = FACE_OUTER_BOUND ( 'NONE', #551, .T. ) ;
#1178 = DIRECTION ( 'NONE',  ( 0.000000000000000000, 0.000000000000000000, -1.000000000000000000 ) ) ;
#1179 =( LENGTH_UNIT ( ) NAMED_UNIT ( * ) SI_UNIT ( .MILLI., .METRE. ) );
#1180 = ADVANCED_FACE ( 'NONE', ( #860 ), #1106, .T. ) ;
#1181 = DIRECTION ( 'NONE',  ( 0.000000000000000000, -1.000000000000000000, 0.000000000000000000 ) ) ;
#1182 = CARTESIAN_POINT ( 'NONE',  ( 0.000000000000000000, 0.8500000000000000888, 0.000000000000000000 ) ) ;
#1183 = CIRCLE ( 'NONE', #647, 2.900000000000000355 ) ;
#1184 = PRESENTATION_STYLE_ASSIGNMENT (( #1277 ) ) ;
#1185 = AXIS2_PLACEMENT_3D ( 'NONE', #1365, #196, #86 ) ;
#1186 =( NAMED_UNIT ( * ) PLANE_ANGLE_UNIT ( ) SI_UNIT ( $, .RADIAN. ) );
#1187 = LINE ( 'NONE', #725, #262 ) ;
#1188 = PLANE ( 'NONE',  #127 ) ;
#1189 = AXIS2_PLACEMENT_3D ( 'NONE', #1159, #940, #525 ) ;
#1190 = FACE_OUTER_BOUND ( 'NONE', #83, .T. ) ;
#1191 = EDGE_CURVE ( 'NONE', #941, #1386, #1352, .T. ) ;
#1192 = ADVANCED_FACE ( 'NONE', ( #353 ), #362, .F. ) ;
#1193 = DIRECTION ( 'NONE',  ( 0.000000000000000000, -1.000000000000000000, 0.000000000000000000 ) ) ;
#1194 = DIRECTION ( 'NONE',  ( 0.000000000000000000, 1.000000000000000000, 0.000000000000000000 ) ) ;
#1195 = DIRECTION ( 'NONE',  ( -0.000000000000000000, -1.000000000000000000, -0.000000000000000000 ) ) ;
#1196 = VECTOR ( 'NONE', #204, 1000.000000000000000 ) ;
#1197 = DIRECTION ( 'NONE',  ( 0.000000000000000000, 0.000000000000000000, 1.000000000000000000 ) ) ;
#1198 = DIRECTION ( 'NONE',  ( 0.000000000000000000, 1.000000000000000000, 0.000000000000000000 ) ) ;
#1199 = CIRCLE ( 'NONE', #778, 0.2000000000000000944 ) ;
#1200 = CIRCLE ( 'NONE', #106, 2.450000000000000622 ) ;
#1201 = AXIS2_PLACEMENT_3D ( 'NONE', #435, #1193, #591 ) ;
#1202 = FACE_OUTER_BOUND ( 'NONE', #1060, .T. ) ;
#1203 =( NAMED_UNIT ( * ) PLANE_ANGLE_UNIT ( ) SI_UNIT ( $, .RADIAN. ) );
#1204 = FACE_OUTER_BOUND ( 'NONE', #1070, .T. ) ;
#1205 =( GEOMETRIC_REPRESENTATION_CONTEXT ( 3 ) GLOBAL_UNCERTAINTY_ASSIGNED_CONTEXT ( ( #152 ) ) GLOBAL_UNIT_ASSIGNED_CONTEXT ( ( #1179, #813, #867 ) ) REPRESENTATION_CONTEXT ( 'NONE', 'WORKASPACE' ) );
#1206 = EDGE_CURVE ( 'NONE', #420, #922, #1301, .T. ) ;
#1207 = CARTESIAN_POINT ( 'NONE',  ( -1.270000000000000018, 0.000000000000000000, 0.4989999999999999991 ) ) ;
#1208 = ADVANCED_FACE ( 'NONE', ( #837 ), #848, .T. ) ;
#1209 = CIRCLE ( 'NONE', #954, 0.4989999999999999991 ) ;
#1210 = CARTESIAN_POINT ( 'NONE',  ( -1.270000000000000018, -12.69999999999999929, -0.2450000000000001066 ) ) ;
#1211 = CARTESIAN_POINT ( 'NONE',  ( 3.000384657911015493E-17, -12.69999999999999929, 1.025000000000000133 ) ) ;
#1212 = LINE ( 'NONE', #168, #740 ) ;
#1213 = DIRECTION ( 'NONE',  ( 0.000000000000000000, -1.000000000000000000, 0.000000000000000000 ) ) ;
#1214 = CIRCLE ( 'NONE', #1152, 0.4990000000000001101 ) ;
#1215 = CARTESIAN_POINT ( 'NONE',  ( 3.000384657911015493E-17, 0.000000000000000000, -1.515000000000000124 ) ) ;
#1216 = CYLINDRICAL_SURFACE ( 'NONE', #278, 0.2449999999999999956 ) ;
#1217 = DIRECTION ( 'NONE',  ( 0.000000000000000000, 0.000000000000000000, -1.000000000000000000 ) ) ;
#1218 = ADVANCED_FACE ( 'NONE', ( #1316 ), #889, .T. ) ;
#1219 = LINE ( 'NONE', #1385, #1226 ) ;
#1220 = AXIS2_PLACEMENT_3D ( 'NONE', #1358, #541, #149 ) ;
#1221 = VECTOR ( 'NONE', #355, 1000.000000000000000 ) ;
#1222 = AXIS2_PLACEMENT_3D ( 'NONE', #746, #989, #1291 ) ;
#1223 = EDGE_CURVE ( 'NONE', #1353, #882, #1321, .T. ) ;
#1224 = CARTESIAN_POINT ( 'NONE',  ( 0.000000000000000000, 1.511385135248349165, -1.270000000000000018 ) ) ;
#1225 = MANIFOLD_SOLID_BREP ( 'Boss-Extrude4[1]', #1325 ) ;
#1226 = VECTOR ( 'NONE', #1008, 1000.000000000000000 ) ;
#1227 = DIRECTION ( 'NONE',  ( 0.000000000000000000, 0.000000000000000000, 1.000000000000000000 ) ) ;
#1228 = DIRECTION ( 'NONE',  ( 0.000000000000000000, 0.000000000000000000, -1.000000000000000000 ) ) ;
#1229 = CARTESIAN_POINT ( 'NONE',  ( 3.000384657911015493E-17, -12.69999999999999929, 1.025000000000000133 ) ) ;
#1230 = AXIS2_PLACEMENT_3D ( 'NONE', #135, #1315, #305 ) ;
#1231 = CARTESIAN_POINT ( 'NONE',  ( 0.000000000000000000, 0.000000000000000000, -2.900000000000000355 ) ) ;
#1232 = AXIS2_PLACEMENT_3D ( 'NONE', #24, #1195, #47 ) ;
#1233 = FACE_OUTER_BOUND ( 'NONE', #802, .T. ) ;
#1234 = EDGE_CURVE ( 'NONE', #412, #34, #773, .T. ) ;
#1235 = CARTESIAN_POINT ( 'NONE',  ( 6.110987527745296229E-17, 0.1000000000000000472, 1.769000000000000128 ) ) ;
#1236 = FACE_BOUND ( 'NONE', #851, .T. ) ;
#1237 = EDGE_CURVE ( 'NONE', #372, #947, #1253, .T. ) ;
#1238 = CARTESIAN_POINT ( 'NONE',  ( 0.000000000000000000, 0.4000000000000000222, 0.000000000000000000 ) ) ;
#1239 = CIRCLE ( 'NONE', #323, 0.4990000000000002212 ) ;
#1240 = DIRECTION ( 'NONE',  ( 0.000000000000000000, 1.000000000000000000, 0.000000000000000000 ) ) ;
#1241 = VECTOR ( 'NONE', #486, 1000.000000000000000 ) ;
#1242 = CARTESIAN_POINT ( 'NONE',  ( -1.270000000000000018, 1.511385135248349165, -0.4989999999999999991 ) ) ;
#1243 = DIRECTION ( 'NONE',  ( 0.000000000000000000, 0.000000000000000000, 1.000000000000000000 ) ) ;
#1244 = FACE_OUTER_BOUND ( 'NONE', #405, .T. ) ;
#1245 = PRESENTATION_LAYER_ASSIGNMENT (  '', '', ( #607 ) ) ;
#1246 = CARTESIAN_POINT ( 'NONE',  ( 0.000000000000000000, 0.1000000000000000472, -1.270000000000000018 ) ) ;
#1247 = CYLINDRICAL_SURFACE ( 'NONE', #1170, 0.4989999999999999991 ) ;
#1248 = AXIS2_PLACEMENT_3D ( 'NONE', #917, #497, #165 ) ;
#1249 = CARTESIAN_POINT ( 'NONE',  ( 1.468677503942491747, 0.000000000000000000, 2.500597206551518070 ) ) ;
#1250 = EDGE_CURVE ( 'NONE', #372, #11, #1355, .T. ) ;
#1251 = CIRCLE ( 'NONE', #662, 0.2000000000000000944 ) ;
#1252 = CARTESIAN_POINT ( 'NONE',  ( 3.309259735953034021, 0.4000000000000000222, 2.489015869776661560 ) ) ;
#1253 = CIRCLE ( 'NONE', #739, 0.4989999999999999991 ) ;
#1254 = CARTESIAN_POINT ( 'NONE',  ( 0.000000000000000000, -12.69999999999999929, -1.025000000000000133 ) ) ;
#1255 = CARTESIAN_POINT ( 'NONE',  ( 6.110987527745294996E-17, 0.000000000000000000, -0.7709999999999999076 ) ) ;
#1256 = DIRECTION ( 'NONE',  ( 0.000000000000000000, 0.000000000000000000, -1.000000000000000000 ) ) ;
#1257 = DIRECTION ( 'NONE',  ( 0.000000000000000000, -1.000000000000000000, 0.000000000000000000 ) ) ;
#1258 = CIRCLE ( 'NONE', #795, 0.4990000000000002212 ) ;
#1259 = CARTESIAN_POINT ( 'NONE',  ( 2.500597206551507856, 0.4000000000000000222, 1.468677503942508178 ) ) ;
#1260 = SURFACE_STYLE_FILL_AREA ( #615 ) ;
#1261 = DIRECTION ( 'NONE',  ( 0.000000000000000000, -1.000000000000000000, 0.000000000000000000 ) ) ;
#1262 = EDGE_CURVE ( 'NONE', #26, #853, #891, .T. ) ;
#1263 = EDGE_CURVE ( 'NONE', #385, #150, #1329, .T. ) ;
#1264 = DIRECTION ( 'NONE',  ( 0.000000000000000000, 0.000000000000000000, 1.000000000000000000 ) ) ;
#1265 = PLANE ( 'NONE',  #766 ) ;
#1266 = CARTESIAN_POINT ( 'NONE',  ( 2.489015869776634471, 0.4000000000000000222, 3.309259735953051340 ) ) ;
#1267 = ADVANCED_FACE ( 'NONE', ( #1375 ), #434, .T. ) ;
#1268 = DIRECTION ( 'NONE',  ( 0.000000000000000000, -0.000000000000000000, 1.000000000000000000 ) ) ;
#1269 = DIRECTION ( 'NONE',  ( 0.000000000000000000, 1.000000000000000000, 0.000000000000000000 ) ) ;
#1270 = DIRECTION ( 'NONE',  ( 0.000000000000000000, 0.000000000000000000, -1.000000000000000000 ) ) ;
#1271 = AXIS2_PLACEMENT_3D ( 'NONE', #571, #37, #759 ) ;
#1272 = CARTESIAN_POINT ( 'NONE',  ( 3.551475717527324818E-16, 0.8500000000000000888, -2.900000000000000799 ) ) ;
#1273 = CARTESIAN_POINT ( 'NONE',  ( -1.270000000000000018, -12.69999999999999929, 0.000000000000000000 ) ) ;
#1274 = EDGE_CURVE ( 'NONE', #849, #54, #1344, .T. ) ;
#1275 = DIRECTION ( 'NONE',  ( 0.000000000000000000, -0.000000000000000000, 1.000000000000000000 ) ) ;
#1276 = ORIENTED_EDGE ( 'NONE', *, *, #280, .F. ) ;
#1277 = SURFACE_STYLE_USAGE ( .BOTH. , #714 ) ;
#1278 = ORIENTED_EDGE ( 'NONE', *, *, #755, .T. ) ;
#1279 = ADVANCED_FACE ( 'NONE', ( #908 ), #394, .T. ) ;
#1280 = DIRECTION ( 'NONE',  ( 0.000000000000000000, 0.000000000000000000, -1.000000000000000000 ) ) ;
#1281 = DIRECTION ( 'NONE',  ( 0.000000000000000000, 0.000000000000000000, -1.000000000000000000 ) ) ;
#1282 = ORIENTED_EDGE ( 'NONE', *, *, #360, .F. ) ;
#1283 = ORIENTED_EDGE ( 'NONE', *, *, #90, .F. ) ;
#1284 = CARTESIAN_POINT ( 'NONE',  ( 0.000000000000000000, 0.000000000000000000, 1.270000000000000018 ) ) ;
#1285 = MECHANICAL_DESIGN_GEOMETRIC_PRESENTATION_REPRESENTATION (  '', ( #56 ), #1205 ) ;
#1286 = CARTESIAN_POINT ( 'NONE',  ( 0.000000000000000000, 0.1000000000000000056, -1.769000000000000128 ) ) ;
#1287 = ORIENTED_EDGE ( 'NONE', *, *, #382, .T. ) ;
#1288 = ORIENTED_EDGE ( 'NONE', *, *, #379, .T. ) ;
#1289 = EDGE_CURVE ( 'NONE', #513, #823, #413, .T. ) ;
#1290 = AXIS2_PLACEMENT_3D ( 'NONE', #1102, #304, #243 ) ;
#1291 = DIRECTION ( 'NONE',  ( 0.000000000000000000, 0.000000000000000000, 1.000000000000000000 ) ) ;
#1292 = ORIENTED_EDGE ( 'NONE', *, *, #214, .T. ) ;
#1293 = DIRECTION ( 'NONE',  ( 0.000000000000000000, -1.000000000000000000, 0.000000000000000000 ) ) ;
#1294 = ADVANCED_FACE ( 'NONE', ( #436 ), #920, .T. ) ;
#1295 = VERTEX_POINT ( 'NONE', #179 ) ;
#1296 = DIRECTION ( 'NONE',  ( 0.000000000000000000, 0.000000000000000000, 1.000000000000000000 ) ) ;
#1297 = ORIENTED_EDGE ( 'NONE', *, *, #780, .T. ) ;
#1298 = DIRECTION ( 'NONE',  ( 0.000000000000000000, -1.000000000000000000, 0.000000000000000000 ) ) ;
#1299 = EDGE_LOOP ( 'NONE', ( #466, #1390, #524, #1276 ) ) ;
#1300 =( NAMED_UNIT ( * ) PLANE_ANGLE_UNIT ( ) SI_UNIT ( $, .RADIAN. ) );
#1301 = CIRCLE ( 'NONE', #241, 0.2450000000000001066 ) ;
#1302 = MECHANICAL_DESIGN_GEOMETRIC_PRESENTATION_REPRESENTATION (  '', ( #10 ), #824 ) ;
#1303 = ORIENTED_EDGE ( 'NONE', *, *, #892, .F. ) ;
#1304 = EDGE_LOOP ( 'NONE', ( #476, #458, #1346, #29 ) ) ;
#1305 = ADVANCED_FACE ( 'NONE', ( #505 ), #692, .F. ) ;
#1306 = DIRECTION ( 'NONE',  ( 0.000000000000000000, 0.000000000000000000, -1.000000000000000000 ) ) ;
#1307 = ORIENTED_EDGE ( 'NONE', *, *, #58, .T. ) ;
#1308 = EDGE_LOOP ( 'NONE', ( #572, #905, #555, #502 ) ) ;
#1309 = AXIS2_PLACEMENT_3D ( 'NONE', #424, #1213, #661 ) ;
#1310 = EDGE_CURVE ( 'NONE', #900, #136, #9, .T. ) ;
#1311 = CARTESIAN_POINT ( 'NONE',  ( 6.110987527745294996E-17, 0.1000000000000000056, 1.769000000000000128 ) ) ;
#1312 = EDGE_LOOP ( 'NONE', ( #509, #98, #915, #961 ) ) ;
#1313 = ORIENTED_EDGE ( 'NONE', *, *, #626, .T. ) ;
#1314 = VERTEX_POINT ( 'NONE', #1134 ) ;
#1315 = DIRECTION ( 'NONE',  ( 0.000000000000000000, -1.000000000000000000, 0.000000000000000000 ) ) ;
#1316 = FACE_OUTER_BOUND ( 'NONE', #518, .T. ) ;
#1317 = ORIENTED_EDGE ( 'NONE', *, *, #743, .T. ) ;
#1318 = DIRECTION ( 'NONE',  ( -0.000000000000000000, -1.000000000000000000, -0.000000000000000000 ) ) ;
#1319 = ORIENTED_EDGE ( 'NONE', *, *, #722, .F. ) ;
#1320 = DIRECTION ( 'NONE',  ( 0.000000000000000000, 0.000000000000000000, 1.000000000000000000 ) ) ;
#1321 = CIRCLE ( 'NONE', #319, 0.4989999999999999991 ) ;
#1322 = CARTESIAN_POINT ( 'NONE',  ( 3.000384657911016356E-16, 4.800000000000000711, 2.450000000000000622 ) ) ;
#1323 = VERTEX_POINT ( 'NONE', #1354 ) ;
#1324 = VERTEX_POINT ( 'NONE', #791 ) ;
#1325 = CLOSED_SHELL ( 'NONE', ( #1267, #172, #130, #899 ) ) ;
#1326 = ORIENTED_EDGE ( 'NONE', *, *, #517, .F. ) ;
#1327 = ORIENTED_EDGE ( 'NONE', *, *, #1111, .F. ) ;
#1328 = CARTESIAN_POINT ( 'NONE',  ( 6.110987527745294996E-17, 1.511385135248349165, -0.7709999999999999076 ) ) ;
#1329 = CIRCLE ( 'NONE', #102, 0.4990000000000002212 ) ;
#1330 = AXIS2_PLACEMENT_3D ( 'NONE', #902, #1013, #649 ) ;
#1331 = ORIENTED_EDGE ( 'NONE', *, *, #1163, .T. ) ;
#1332 = VERTEX_POINT ( 'NONE', #1249 ) ;
#1333 = AXIS2_PLACEMENT_3D ( 'NONE', #81, #1071, #88 ) ;
#1334 = MANIFOLD_SOLID_BREP ( 'Cut-Extrude1', #840 ) ;
#1335 = ORIENTED_EDGE ( 'NONE', *, *, #76, .T. ) ;
#1336 = EDGE_CURVE ( 'NONE', #869, #849, #467, .T. ) ;
#1337 = PLANE ( 'NONE',  #563 ) ;
#1338 = PRESENTATION_STYLE_ASSIGNMENT (( #313 ) ) ;
#1339 = CARTESIAN_POINT ( 'NONE',  ( 0.000000000000000000, 4.800000000000000711, -2.450000000000000622 ) ) ;
#1340 = EDGE_LOOP ( 'NONE', ( #547, #944 ) ) ;
#1341 = ADVANCED_FACE ( 'NONE', ( #953 ), #395, .T. ) ;
#1342 = ORIENTED_EDGE ( 'NONE', *, *, #668, .F. ) ;
#1343 = DIRECTION ( 'NONE',  ( -0.000000000000000000, -1.000000000000000000, -0.000000000000000000 ) ) ;
#1344 = CIRCLE ( 'NONE', #291, 0.5000000000000000000 ) ;
#1345 = FACE_OUTER_BOUND ( 'NONE', #388, .T. ) ;
#1346 = ORIENTED_EDGE ( 'NONE', *, *, #562, .T. ) ;
#1347 = CARTESIAN_POINT ( 'NONE',  ( 2.673052186313681133, 0.4000000000000000222, 1.569965607662681339 ) ) ;
#1348 = ORIENTED_EDGE ( 'NONE', *, *, #626, .F. ) ;
#1349 = CARTESIAN_POINT ( 'NONE',  ( 0.000000000000000000, 1.511385135248349165, 0.7709999999999999076 ) ) ;
#1350 = EDGE_LOOP ( 'NONE', ( #94, #1278, #121, #861 ) ) ;
#1351 = CLOSED_SHELL ( 'NONE', ( #237, #222, #764, #658 ) ) ;
#1352 = LINE ( 'NONE', #28, #856 ) ;
#1353 = VERTEX_POINT ( 'NONE', #632 ) ;
#1354 = CARTESIAN_POINT ( 'NONE',  ( 1.569965607662663576, 0.4000000000000000222, 2.473052186313691170 ) ) ;
#1355 = LINE ( 'NONE', #1242, #864 ) ;
#1356 = AXIS2_PLACEMENT_3D ( 'NONE', #975, #100, #1001 ) ;
#1357 = EDGE_LOOP ( 'NONE', ( #999, #343, #996, #368 ) ) ;
#1358 = CARTESIAN_POINT ( 'NONE',  ( 0.000000000000000000, -12.69999999999999929, 1.270000000000000018 ) ) ;
#1359 = AXIS2_PLACEMENT_3D ( 'NONE', #13, #312, #225 ) ;
#1360 = CARTESIAN_POINT ( 'NONE',  ( -1.270000000000000018, 0.000000000000000000, 0.000000000000000000 ) ) ;
#1361 = VERTEX_POINT ( 'NONE', #1231 ) ;
#1362 = DIRECTION ( 'NONE',  ( -0.000000000000000000, -1.000000000000000000, -0.000000000000000000 ) ) ;
#1363 = ORIENTED_EDGE ( 'NONE', *, *, #973, .F. ) ;
#1364 = ORIENTED_EDGE ( 'NONE', *, *, #231, .F. ) ;
#1365 = CARTESIAN_POINT ( 'NONE',  ( 0.000000000000000000, 4.800000000000000711, 0.000000000000000000 ) ) ;
#1366 = VERTEX_POINT ( 'NONE', #599 ) ;
#1367 = ORIENTED_EDGE ( 'NONE', *, *, #283, .F. ) ;
#1368 = DIRECTION ( 'NONE',  ( 0.000000000000000000, 1.000000000000000000, 0.000000000000000000 ) ) ;
#1369 = EDGE_LOOP ( 'NONE', ( #91, #45, #561, #99 ) ) ;
#1370 = VECTOR ( 'NONE', #333, 1000.000000000000000 ) ;
#1371 =( GEOMETRIC_REPRESENTATION_CONTEXT ( 3 ) GLOBAL_UNCERTAINTY_ASSIGNED_CONTEXT ( ( #352 ) ) GLOBAL_UNIT_ASSIGNED_CONTEXT ( ( #203, #137, #220 ) ) REPRESENTATION_CONTEXT ( 'NONE', 'WORKASPACE' ) );
#1372 = CARTESIAN_POINT ( 'NONE',  ( 0.000000000000000000, 1.511385135248349165, -1.769000000000000128 ) ) ;
#1373 =( NAMED_UNIT ( * ) SI_UNIT ( $, .STERADIAN. ) SOLID_ANGLE_UNIT ( ) );
#1374 = CIRCLE ( 'NONE', #162, 0.4990000000000002212 ) ;
#1375 = FACE_OUTER_BOUND ( 'NONE', #589, .T. ) ;
#1376 = AXIS2_PLACEMENT_3D ( 'NONE', #1384, #285, #1395 ) ;
#1377 = VERTEX_POINT ( 'NONE', #721 ) ;
#1378 = EDGE_LOOP ( 'NONE', ( #500, #1317 ) ) ;
#1379 = DIRECTION ( 'NONE',  ( 0.000000000000000000, -0.000000000000000000, -1.000000000000000000 ) ) ;
#1380 = EDGE_CURVE ( 'NONE', #1045, #1361, #46, .T. ) ;
#1381 = LINE ( 'NONE', #195, #445 ) ;
#1382 = EDGE_CURVE ( 'NONE', #845, #866, #993, .T. ) ;
#1383 = ORIENTED_EDGE ( 'NONE', *, *, #595, .T. ) ;
#1384 = CARTESIAN_POINT ( 'NONE',  ( -1.270000000000000018, 0.1000000000000000472, 0.000000000000000000 ) ) ;
#1385 = CARTESIAN_POINT ( 'NONE',  ( 0.000000000000000000, -12.69999999999999929, 1.515000000000000124 ) ) ;
#1386 = VERTEX_POINT ( 'NONE', #307 ) ;
#1387 = ORIENTED_EDGE ( 'NONE', *, *, #695, .T. ) ;
#1388 = CARTESIAN_POINT ( 'NONE',  ( -1.270000000000000018, 0.000000000000000000, -0.4989999999999999991 ) ) ;
#1389 = PLANE ( 'NONE',  #143 ) ;
#1390 = ORIENTED_EDGE ( 'NONE', *, *, #665, .T. ) ;
#1391 = ORIENTED_EDGE ( 'NONE', *, *, #76, .F. ) ;
#1392 = ORIENTED_EDGE ( 'NONE', *, *, #1101, .F. ) ;
#1393 = VERTEX_POINT ( 'NONE', #1407 ) ;
#1394 = ORIENTED_EDGE ( 'NONE', *, *, #1262, .T. ) ;
#1395 = DIRECTION ( 'NONE',  ( 0.000000000000000000, 0.000000000000000000, -1.000000000000000000 ) ) ;
#1396 = CARTESIAN_POINT ( 'NONE',  ( -1.270000000000000018, 0.1000000000000000056, 0.000000000000000000 ) ) ;
#1397 = ORIENTED_EDGE ( 'NONE', *, *, #453, .F. ) ;
#1398 = AXIS2_PLACEMENT_3D ( 'NONE', #184, #367, #705 ) ;
#1399 = ORIENTED_EDGE ( 'NONE', *, *, #1237, .T. ) ;
#1400 = CARTESIAN_POINT ( 'NONE',  ( 0.000000000000000000, 0.000000000000000000, 1.270000000000000018 ) ) ;
#1401 = SURFACE_SIDE_STYLE ('',( #1260 ) ) ;
#1402 = EDGE_LOOP ( 'NONE', ( #980, #536, #462, #971 ) ) ;
#1403 = AXIS2_PLACEMENT_3D ( 'NONE', #749, #293, #735 ) ;
#1404 = EDGE_CURVE ( 'NONE', #869, #461, #463, .T. ) ;
#1405 = ORIENTED_EDGE ( 'NONE', *, *, #1101, .T. ) ;
#1406 = ORIENTED_EDGE ( 'NONE', *, *, #865, .F. ) ;
#1407 = CARTESIAN_POINT ( 'NONE',  ( 3.309259735953034021, 0.000000000000000000, 2.489015869776661560 ) ) ;
ENDSEC;
END-ISO-10303-21;
